district_key,district_name,state,season,sprayable_acres,pp_spray_acres_low,pp_spray_acres_base,pp_spray_acres_high,rank_national,rank_national_low,rank_national_high,rank_in_state,decile,top_crop_1,top_crop_1_share_pct,top_crop_2,top_crop_2_share_pct,top_crop_3,top_crop_3_share_pct,open_crop_share_pct,unit_key,unit_district_count,unit_yoy_area_change_pct,unit_area_ma3_acres
Andaman And Nicobar Islands:Nicobars,Nicobars,Andaman And Nicobar Islands,Kharif,0.66717,0.993342,1.245384,2.49571,1881,1877,1875,5,10,Rice,86.11111111111111,Sugarcane,13.88888888888889,,,,Andaman And Nicobar Islands:Nicobars,1,-73.0,6.811723333333333
Andaman And Nicobar Islands:North And Middle Andaman,North And Middle Andaman,Andaman And Nicobar Islands,Kharif,11323.18453,18716.199082,24454.014284,45171.09079,1366,1321,1386,1,8,Rice,99.40018616863257,Sugarcane,0.3950930054997755,Maize,0.2047208258676586,0.2047208258676586,Andaman And Nicobar Islands:North And Middle Andaman,1,-5.8005470717731855,8487.04486
Andaman And Nicobar Islands:North And Middle Andaman,North And Middle Andaman,Andaman And Nicobar Islands,Rabi,709.32526,705.885628,1411.257288,2829.39384,1740,1750,1747,2,10,Moong,99.96358084352369,Rapeseed & Mustard,0.03641915647630654,,,99.96358084352369,Andaman And Nicobar Islands:North And Middle Andaman,1,-5.8005470717731855,8487.04486
Andaman And Nicobar Islands:South Andamans,South Andamans,Andaman And Nicobar Islands,Kharif,311.00006,349.651442,402.770529,991.56288,1812,1790,1799,3,10,Sugarcane,56.90218958398518,Rice,31.5517273112105,Maize,11.546083104804325,11.546083104804325,Andaman And Nicobar Islands:South Andamans,1,-26.703456288120826,368.9285366666667
Andaman And Nicobar Islands:South Andamans,South Andamans,Andaman And Nicobar Islands,Rabi,0.79072,0.79072,1.58144,3.16288,1880,1878,1874,4,10,Moong,100.0,,,,,100.0,Andaman And Nicobar Islands:South Andamans,1,-26.703456288120826,368.9285366666667
Andhra Pradesh:Alluri Sitharama Raju,Alluri Sitharama Raju,Andhra Pradesh,Kharif,142410.17931,318356.20229,439669.6888234,576449.65658,475,499,632,24,3,Rice,93.36652597511339,Cotton,2.6755811580918594,Groundnut,1.9625037930385465,1.9558383210387766,Andhra Pradesh:Alluri Sitharama Raju,10,-8.023538138791153,3123973.0754166665
Andhra Pradesh:Alluri Sitharama Raju,Alluri Sitharama Raju,Andhra Pradesh,Rabi,4737.00584,8020.1822743,12411.5905949,17845.8103355,1482,1470,1563,51,8,Rice,63.44623015631661,Maize,19.749937779991285,Moong,16.564926342678522,36.3148641226698,Andhra Pradesh:Alluri Sitharama Raju,10,-8.023538138791153,3123973.0754166665
Andhra Pradesh:Anakapalli,Anakapalli,Andhra Pradesh,Kharif,133498.07303,279003.37752,375543.5777898,515435.97168,556,559,681,27,3,Rice,93.89884250327277,Sugarcane,5.56119064607986,Bajra,0.2817651416188697,0.15138793834419328,Andhra Pradesh:Alluri Sitharama Raju,10,-8.023538138791153,3123973.0754166665
Andhra Pradesh:Anakapalli,Anakapalli,Andhra Pradesh,Rabi,10867.85336,15639.7825843,26005.3276049,43556.9112755,1361,1366,1397,50,8,Moong,50.19169178834189,Rice,44.01195969837894,Groundnut,5.074204178652085,50.91383612296898,Andhra Pradesh:Alluri Sitharama Raju,10,-8.023538138791153,3123973.0754166665
Andhra Pradesh:Ananthapuramu,Ananthapuramu,Andhra Pradesh,Kharif,438805.91272,586134.69166,966578.7828424,1775526.96832,189,250,170,4,1,Groundnut,50.58679557005389,Cotton,20.068948477180538,Rice,17.839153084132462,10.79190119125634,Andhra Pradesh:Ananthapuramu,2,-44.102583553551995,1430312.05856
Andhra Pradesh:Ananthapuramu,Ananthapuramu,Andhra Pradesh,Rabi,176557.94142,187367.0754186,362787.2132598,568478.410731,570,717,645,28,4,Gram,67.29467615088419,Groundnut,16.186723862824486,Maize,8.871025571938523,76.66702998730527,Andhra Pradesh:Ananthapuramu,2,-44.102583553551995,1430312.05856
Andhra Pradesh:Annamayya,Annamayya,Andhra Pradesh,Kharif,73128.72609,103844.09623,173233.2366184,287424.89146,855,901,892,39,5,Groundnut,50.499232807561675,Rice,43.117866235183136,Maize,5.868240770905416,5.876799174759903,Andhra Pradesh:Annamayya,9,-26.833413565096418,3046763.18807
Andhra Pradesh:Annamayya,Annamayya,Andhra Pradesh,Rabi,27621.67814,38089.0234186,64608.8757398,109106.019071,1131,1159,1164,47,6,Groundnut,55.45072501227662,Rice,38.85826523419043,Maize,5.484483949652099,5.691009753532947,Andhra Pradesh:Annamayya,9,-26.833413565096418,3046763.18807
Andhra Pradesh:Bapatla,Bapatla,Andhra Pradesh,Kharif,220416.23933,506257.88696,694811.5533814,893209.667,296,300,434,9,2,Rice,97.44946276797556,Cotton,1.1532848642200646,Maize,0.6991874841973589,0.7767516952956407,Andhra Pradesh:Annamayya,9,-26.833413565096418,3046763.18807
Andhra Pradesh:Bapatla,Bapatla,Andhra Pradesh,Rabi,163161.93383,184801.3768146,345596.5448376,540756.8090575,587,723,658,33,4,Gram,38.61639616296309,Maize,26.513980677399047,Rice,15.06731587521204,79.03779865286482,Andhra Pradesh:Annamayya,9,-26.833413565096418,3046763.18807
Andhra Pradesh:Chittoor,Chittoor,Andhra Pradesh,Kharif,75215.38675,100747.16722,157563.3189536,283113.14472,890,909,899,40,5,Groundnut,47.579987828307374,Rice,40.89243212690518,Sugarcane,9.590950908091877,1.3644475467244401,Andhra Pradesh:Annamayya,9,-26.833413565096418,3046763.18807
Andhra Pradesh:Chittoor,Chittoor,Andhra Pradesh,Rabi,25137.87836,49773.1219615,72317.8167845,100615.2467075,1102,1105,1190,46,6,Rice,81.70536914931361,Groundnut,15.629410154459418,Maize,2.3508693923464583,2.665220696226976,Andhra Pradesh:Annamayya,9,-26.833413565096418,3046763.18807
Andhra Pradesh:Dr. B.R. Ambedkar Konaseema,Dr. B.R. Ambedkar Konaseema,Andhra Pradesh,Kharif,159040.973,370562.18066,507337.76338,644113.3461,407,433,570,20,3,Rice,99.9990258954967,Maize,0.0009741045032948598,,,0.0009741045032948598,Andhra Pradesh:Alluri Sitharama Raju,10,-8.023538138791153,3123973.0754166665
Andhra Pradesh:Dr. B.R. Ambedkar Konaseema,Dr. B.R. Ambedkar Konaseema,Andhra Pradesh,Rabi,171706.05879,397324.3422064,545281.1080052,693420.727804,390,404,541,17,3,Rice,99.24139982858887,Maize,0.6915323792886733,Moong,0.035346539091569255,0.7268789183802425,Andhra Pradesh:Alluri Sitharama Raju,10,-8.023538138791153,3123973.0754166665
Andhra Pradesh:East Godavari,East Godavari,Andhra Pradesh,Kharif,179785.61104,414908.92114,567681.33779,725818.59196,369,390,520,15,2,Rice,99.30153324126593,Sugarcane,0.39048916221727675,Groundnut,0.2541944721342607,0.013928941245070624,Andhra Pradesh:Alluri Sitharama Raju,10,-8.023538138791153,3123973.0754166665
Andhra Pradesh:East Godavari,East Godavari,Andhra Pradesh,Rabi,160233.32934,344018.3495077,484905.8872511,626653.3577045,433,470,592,21,3,Rice,90.90582142650611,Maize,8.018957559049886,Gram,0.720540763034853,8.802686666061543,Andhra Pradesh:Alluri Sitharama Raju,10,-8.023538138791153,3123973.0754166665
Andhra Pradesh:Eluru,Eluru,Andhra Pradesh,Kharif,212126.89918,480673.94368,657262.194386,862531.48541,327,324,452,12,2,Rice,95.08223316629446,Cotton,2.9183974279730114,Groundnut,1.3127994267281093,0.18198403471500166,Andhra Pradesh:Alluri Sitharama Raju,10,-8.023538138791153,3123973.0754166665
Andhra Pradesh:Eluru,Eluru,Andhra Pradesh,Rabi,156140.21668,262239.0655689,407205.5877827,570991.5672265,518,585,641,25,3,Rice,62.496196088179474,Maize,28.2649636383231,Moong,7.409657864543152,35.67462150286625,Andhra Pradesh:Alluri Sitharama Raju,10,-8.023538138791153,3123973.0754166665
Andhra Pradesh:Guntur,Guntur,Andhra Pradesh,Kharif,183788.23568,412343.99843,550076.283162,787966.51528,386,391,487,16,3,Rice,79.45307840354317,Cotton,19.406138250203757,Soybean,1.0132030939349936,0.07367050941926427,Andhra Pradesh:Annamayya,9,-26.833413565096418,3046763.18807
Andhra Pradesh:Guntur,Guntur,Andhra Pradesh,Rabi,89160.32699,90236.24981,179272.5326,293293.17052,847,938,879,37,5,Maize,40.378136087089565,Gram,30.317736862272675,Moong,27.852422998569274,98.5482959479315,Andhra Pradesh:Annamayya,9,-26.833413565096418,3046763.18807
Andhra Pradesh:Kakinada,Kakinada,Andhra Pradesh,Kharif,212790.38739,491236.23318,670801.267934,863711.1161,316,312,451,11,2,Rice,97.9504464062294,Cotton,1.6107972093253595,Sugarcane,0.25161937680864205,0.18566354590172568,Andhra Pradesh:Alluri Sitharama Raju,10,-8.023538138791153,3123973.0754166665
Andhra Pradesh:Kakinada,Kakinada,Andhra Pradesh,Rabi,170144.6586,383297.4144335,531004.9408405,685774.9558975,397,421,547,19,3,Rice,96.27896921849263,Moong,2.57256161842442,Maize,0.5788973291160658,3.6335460964751185,Andhra Pradesh:Alluri Sitharama Raju,10,-8.023538138791153,3123973.0754166665
Andhra Pradesh:Krishna,Krishna,Andhra Pradesh,Kharif,383261.2427,883742.07992,1208786.508258,1546677.42838,131,122,213,2,1,Rice,99.24627362683508,Sugarcane,0.44547999197643773,Groundnut,0.23344342120980358,0.01471823177910809,Andhra Pradesh:Alluri Sitharama Raju,10,-8.023538138791153,3123973.0754166665
Andhra Pradesh:Krishna,Krishna,Andhra Pradesh,Rabi,35911.95727,50664.8401329,85023.8623647,130312.6859265,1066,1104,1117,45,6,Rice,41.61741551203742,Maize,32.67262254076737,Moong,21.02492394819951,53.697546488966886,Andhra Pradesh:Alluri Sitharama Raju,10,-8.023538138791153,3123973.0754166665
Andhra Pradesh:Kurnool,Kurnool,Andhra Pradesh,Kharif,643390.70215,1173505.27868,1504679.7746904,3033018.76948,91,81,68,1,1,Cotton,80.34031155477807,Groundnut,10.245205544264005,Rice,6.622700740461796,1.945703409619093,Andhra Pradesh:Kurnool,2,-22.88092254780813,1616406.3467533332
Andhra Pradesh:Kurnool,Kurnool,Andhra Pradesh,Rabi,178064.51012,180887.5863543,358654.9305549,558007.3740255,572,731,650,29,4,Gram,79.1580530179111,Groundnut,11.954018999172032,Maize,6.9173269587053365,86.15805554433867,Andhra Pradesh:Kurnool,2,-22.88092254780813,1616406.3467533332
Andhra Pradesh:Nandyal,Nandyal,Andhra Pradesh,Kharif,330421.67522,532891.56046,826138.9492804,1217958.1239,246,283,307,6,2,Rice,49.44333300781839,Maize,31.782231813268815,Cotton,7.497298828720104,31.86063248915562,Andhra Pradesh:Kurnool,2,-22.88092254780813,1616406.3467533332
Andhra Pradesh:Nandyal,Nandyal,Andhra Pradesh,Rabi,171262.21777,211858.1717525,375715.4138479,550813.9322595,555,675,653,26,3,Gram,56.67141810322353,Rice,27.50909717692374,Maize,12.59216503668723,69.83315914374921,Andhra Pradesh:Kurnool,2,-22.88092254780813,1616406.3467533332
Andhra Pradesh:Ntr,Ntr,Andhra Pradesh,Kharif,191884.39305,400430.09664,533346.71866,835601.68727,395,403,472,18,3,Rice,61.10205100516367,Cotton,32.69951611930294,Maize,3.2449871077266264,5.945447434207338,Andhra Pradesh:Alluri Sitharama Raju,10,-8.023538138791153,3123973.0754166665
Andhra Pradesh:Ntr,Ntr,Andhra Pradesh,Rabi,43910.01594,74425.9758858,115112.9963494,156767.413313,987,998,1070,43,6,Rice,63.60102020729096,Maize,21.899904441268937,Gram,12.849294857293579,36.27336155273109,Andhra Pradesh:Alluri Sitharama Raju,10,-8.023538138791153,3123973.0754166665
Andhra Pradesh:Palnadu,Palnadu,Andhra Pradesh,Kharif,191663.70804,390217.47835,480762.9560188,929294.94021,440,415,418,22,3,Cotton,80.9168351566562,Rice,17.848460465960795,Soybean,0.5626789514735857,0.6240166931419493,Andhra Pradesh:Annamayya,9,-26.833413565096418,3046763.18807
Andhra Pradesh:Palnadu,Palnadu,Andhra Pradesh,Rabi,67119.45177,83742.4697172,149104.0382496,214803.170092,907,956,973,41,5,Gram,60.345654602176,Rice,26.750257852058546,Maize,12.46924641227809,73.06017136681557,Andhra Pradesh:Annamayya,9,-26.833413565096418,3046763.18807
Andhra Pradesh:Parvathipuram Manyam,Parvathipuram Manyam,Andhra Pradesh,Kharif,195589.36103,432646.84638,594428.9179654,790114.53087,351,375,486,14,2,Rice,90.29281893402792,Cotton,5.397169662238307,Maize,3.919179494116744,3.919179494116744,Andhra Pradesh:Parvathipuram Manyam,3,-9.99847033463083,1106880.7764466666
Andhra Pradesh:Parvathipuram Manyam,Parvathipuram Manyam,Andhra Pradesh,Rabi,19615.31691,23483.4778843,42691.6199549,66216.8461255,1233,1269,1292,48,7,Maize,58.02028179339914,Rice,21.732062556307678,Moong,18.54586166644457,76.58929554451616,Andhra Pradesh:Parvathipuram Manyam,3,-9.99847033463083,1106880.7764466666
Andhra Pradesh:Prakasam,Prakasam,Andhra Pradesh,Kharif,87528.97279,147952.73115,201414.7736762,363945.78164,813,791,809,36,5,Cotton,54.09594384529243,Rice,31.762460951770525,Maize,9.107997355492747,9.348577076213234,Andhra Pradesh:Annamayya,9,-26.833413565096418,3046763.18807
Andhra Pradesh:Prakasam,Prakasam,Andhra Pradesh,Rabi,114250.8857,133840.9289749,245991.9697473,360305.632932,726,825,815,34,4,Gram,70.33246038792653,Rice,19.130210082850283,Maize,8.829773915918002,79.96587795206233,Andhra Pradesh:Annamayya,9,-26.833413565096418,3046763.18807
Andhra Pradesh:Srikakulam,Srikakulam,Andhra Pradesh,Kharif,379768.53362,854754.70479,1181519.838688,1517779.15751,134,127,222,3,1,Rice,95.89590250622912,Maize,3.3729932596183634,Cotton,0.5315787786495666,3.3842908625556296,Andhra Pradesh:Parvathipuram Manyam,3,-9.99847033463083,1106880.7764466666
Andhra Pradesh:Srikakulam,Srikakulam,Andhra Pradesh,Rabi,81327.92416,97848.9392272,177437.8091696,286613.469422,852,915,895,38,5,Maize,44.31898499424945,Moong,23.4833125561037,Rice,22.332101999593984,67.80229755035315,Andhra Pradesh:Parvathipuram Manyam,3,-9.99847033463083,1106880.7764466666
Andhra Pradesh:Sri Potti Sriramulu Nellore,Sri Potti Sriramulu Nellore,Andhra Pradesh,Kharif,115776.03632,257190.03198,357535.426955,467592.14845,573,591,724,30,4,Rice,94.76349534241919,Groundnut,4.395428501684657,Cotton,0.4379270108517294,0.31103179046365226,Andhra Pradesh:Annamayya,9,-26.833413565096418,3046763.18807
Andhra Pradesh:Sri Potti Sriramulu Nellore,Sri Potti Sriramulu Nellore,Andhra Pradesh,Rabi,285520.98596,632879.3503382,881836.2979426,1136793.080647,222,226,343,5,2,Rice,94.4775955635283,Gram,3.801848857686992,Groundnut,1.2144837772029557,4.307920659268751,Andhra Pradesh:Annamayya,9,-26.833413565096418,3046763.18807
Andhra Pradesh:Sri Sathya Sai,Sri Sathya Sai,Andhra Pradesh,Kharif,220410.85255,250967.95514,462907.9513394,832184.88731,456,605,474,23,3,Groundnut,59.422392271313655,Maize,22.632188320996534,Rice,13.270077645514746,22.787064887261074,Andhra Pradesh:Ananthapuramu,2,-44.102583553551995,1430312.05856
Andhra Pradesh:Sri Sathya Sai,Sri Sathya Sai,Andhra Pradesh,Rabi,52767.43899,59159.5782043,111254.1604349,199362.6533955,999,1056,994,44,6,Groundnut,64.56844686004715,Maize,15.623110068023609,Rice,13.780627901885241,21.650925238067614,Andhra Pradesh:Ananthapuramu,2,-44.102583553551995,1430312.05856
Andhra Pradesh:Tirupati,Tirupati,Andhra Pradesh,Kharif,76759.36639,153222.63285,215476.4004666,298049.94436,782,783,876,35,5,Rice,89.03250713515463,Groundnut,7.341405381631122,Sugarcane,2.176793792658073,0.07112213665540361,Andhra Pradesh:Annamayya,9,-26.833413565096418,3046763.18807
Andhra Pradesh:Tirupati,Tirupati,Andhra Pradesh,Rabi,198828.24899,450619.8252479,622943.6977897,804744.2506915,337,357,480,13,2,Rice,96.94634542616052,Groundnut,3.0298546701682474,Moong,0.012693281957993895,0.02379990367123855,Andhra Pradesh:Annamayya,9,-26.833413565096418,3046763.18807
Andhra Pradesh:Visakhapatnam,Visakhapatnam,Andhra Pradesh,Kharif,11714.98629,26838.04991,36857.5432414,47133.90493,1271,1233,1380,49,7,Rice,99.1685905124143,Groundnut,0.36202629981621,Bajra,0.20791974901333418,0.12067543327206999,Andhra Pradesh:Alluri Sitharama Raju,10,-8.023538138791153,3123973.0754166665
Andhra Pradesh:Visakhapatnam,Visakhapatnam,Andhra Pradesh,Rabi,2866.38471,4325.55963,7038.34698,9840.09033,1577,1569,1634,52,9,Rice,49.725106902871104,Maize,47.74714047985171,Moong,1.8255991124779698,49.572739592329675,Andhra Pradesh:Alluri Sitharama Raju,10,-8.023538138791153,3123973.0754166665
Andhra Pradesh:Vizianagaram,Vizianagaram,Andhra Pradesh,Kharif,270190.33363,582669.80604,809620.782782,1063326.45272,255,253,371,7,2,Rice,91.23728492390953,Maize,6.273828812232572,Cotton,1.3478421829171714,6.297036571222448,Andhra Pradesh:Parvathipuram Manyam,3,-9.99847033463083,1106880.7764466666
Andhra Pradesh:Vizianagaram,Vizianagaram,Andhra Pradesh,Rabi,62495.76599,63882.63945,126232.41876,203416.40179,954,1041,989,42,6,Maize,73.84227558629092,Moong,22.383272298473386,Rice,2.6351477795290883,96.24512288795503,Andhra Pradesh:Parvathipuram Manyam,3,-9.99847033463083,1106880.7764466666
Andhra Pradesh:West Godavari,West Godavari,Andhra Pradesh,Kharif,212034.06371,493707.40615,675842.04863,858475.88253,311,310,459,10,2,Rice,99.96306892853057,Sugarcane,0.036931071469429234,,,,Andhra Pradesh:Alluri Sitharama Raju,10,-8.023538138791153,3123973.0754166665
Andhra Pradesh:West Godavari,West Godavari,Andhra Pradesh,Rabi,220592.64402,513668.6497166,703411.1878738,893222.914031,293,294,433,8,2,Rice,99.93325525551859,Maize,0.047072609265834654,Groundnut,0.019672135215572692,0.047072609265834654,Andhra Pradesh:Alluri Sitharama Raju,10,-8.023538138791153,3123973.0754166665
Andhra Pradesh:Y.S.R. Kadapa,Y.S.R. Kadapa,Andhra Pradesh,Kharif,129534.04541,262959.71814,349762.928578,575015.71057,581,582,635,32,4,Rice,52.05068180900723,Cotton,39.2179683941004,Groundnut,5.920162924122552,1.4737707340675068,Andhra Pradesh:Annamayya,9,-26.833413565096418,3046763.18807
Andhra Pradesh:Y.S.R. Kadapa,Y.S.R. Kadapa,Andhra Pradesh,Rabi,162593.70267,192099.8605435,351563.4032071,528803.669023,579,713,669,31,4,Gram,67.62411245062117,Rice,20.143383089190046,Groundnut,7.634793159681738,72.22100231815946,Andhra Pradesh:Annamayya,9,-26.833413565096418,3046763.18807
Arunachal Pradesh:Anjaw,Anjaw,Arunachal Pradesh,Kharif,12725.65,18982.02432,27092.14284,47808.908,1347,1319,1378,15,8,Rice,75.4470067602818,Maize,23.130160050492336,Groundnut,0.8026238503325417,23.31257456193155,Arunachal Pradesh:Anjaw,1,0.3721424774056353,13939.734666666667
Arunachal Pradesh:Anjaw,Anjaw,Arunachal Pradesh,Rabi,1270.094,907.67243,1702.56842,3405.038,1723,1731,1734,43,10,Maize,90.56340889959652,Rice,5.983861136106354,Rapeseed & Mustard,3.4527299642971174,90.56340889959652,Arunachal Pradesh:Anjaw,1,0.3721424774056353,13939.734666666667
Arunachal Pradesh:Changlang,Changlang,Arunachal Pradesh,Kharif,28858.809,45084.6305,60746.44625,111936.3,1150,1123,1158,5,7,Rice,85.40092540804393,Maize,8.111048965271776,Sugarcane,2.4406365993796717,8.810698123760615,Arunachal Pradesh:Changlang,1,-0.18195488721804512,40920.37775
Arunachal Pradesh:Changlang,Changlang,Arunachal Pradesh,Rabi,12146.81825,2898.2297225,3540.2696525,25057.1755,1657,1625,1494,33,9,Rapeseed & Mustard,39.16166891470988,Maize,33.92131441603515,Wheat,21.918857563633,33.92131441603515,Arunachal Pradesh:Changlang,1,-0.18195488721804512,40920.37775
Arunachal Pradesh:Dibang Valley,Dibang Valley,Arunachal Pradesh,Kharif,9347.793,12714.82702,19753.64349,33402.978,1413,1399,1444,19,8,Rice,51.76496930896063,Maize,42.981215107471805,Soybean,3.902834433507335,43.33146947970964,Arunachal Pradesh:Dibang Valley,1,0.4709206498704968,10467.156
Arunachal Pradesh:Dibang Valley,Dibang Valley,Arunachal Pradesh,Rabi,1195.964,1056.45134,2055.03186,3434.69,1710,1721,1733,40,10,Maize,95.71219007767597,Rice,3.1310872231440734,Rapeseed & Mustard,1.1567226991799533,95.71219007767597,Arunachal Pradesh:Dibang Valley,1,0.4709206498704968,10467.156
Arunachal Pradesh:East Kameng,East Kameng,Arunachal Pradesh,Kharif,20823.117,31749.03886,44700.81007,79390.759,1224,1196,1242,9,7,Rice,77.98251757722564,Maize,18.90529497511632,Soybean,2.1724505629300332,19.845031859844326,Arunachal Pradesh:East Kameng,2,-0.11326979472140762,33615.11335
Arunachal Pradesh:East Kameng,East Kameng,Arunachal Pradesh,Rabi,2706.83224,1555.6348528,2633.8804128,6624.45448,1689,1692,1671,37,9,Maize,78.43013638587928,Wheat,7.411160045511995,Rice,7.3289022182594366,78.43013638587928,Arunachal Pradesh:East Kameng,2,-0.11326979472140762,33615.11335
Arunachal Pradesh:East Siang,East Siang,Arunachal Pradesh,Kharif,43395.702,68686.8812,93315.8324,169256.087,1046,1020,1050,2,6,Rice,86.88182521104532,Maize,9.644003347067608,Soybean,2.0336613318363326,10.104754742561777,Arunachal Pradesh:East Siang,6,0.1274196350999131,141427.95681
Arunachal Pradesh:East Siang,East Siang,Arunachal Pradesh,Rabi,8103.22443,2603.7176571,4189.2842271,17854.60586,1640,1637,1562,32,9,Maize,74.67352011504677,Rapeseed & Mustard,19.69882741929081,Wheat,3.45173922945067,74.67352011504677,Arunachal Pradesh:East Siang,6,0.1274196350999131,141427.95681
Arunachal Pradesh:Kamle,Kamle,Arunachal Pradesh,Kharif,10427.62,16487.94518,22349.47841,40554.052,1387,1353,1412,17,8,Rice,87.88241966851342,Maize,9.95056779045431,Soybean,1.1608995755530027,10.370702874940159,Arunachal Pradesh:Kamle,3,0.3754489063010121,45407.096
Arunachal Pradesh:Kamle,Kamle,Arunachal Pradesh,Rabi,1228.087,439.12141,760.35141,2777.404,1775,1777,1752,47,10,Maize,84.49514152936206,Rapeseed & Mustard,15.504858470637938,,,84.49514152936206,Arunachal Pradesh:Kamle,3,0.3754489063010121,45407.096
Arunachal Pradesh:Kra Daadi,Kra Daadi,Arunachal Pradesh,Kharif,2752.694,3853.87044,5542.89778,9972.956,1599,1591,1632,27,9,Rice,63.26643425850801,Maize,28.88756140835778,Sugarcane,4.903752708208882,28.88756140835778,Arunachal Pradesh:Kra Daadi,2,1.856763925729443,5567.163
Arunachal Pradesh:Kra Daadi,Kra Daadi,Arunachal Pradesh,Rabi,205.093,167.21257,282.48472,580.685,1823,1825,1828,49,10,Maize,68.2295311406578,Rice,28.472708187543738,Rapeseed & Mustard,3.2977606717984607,68.2295311406578,Arunachal Pradesh:Kra Daadi,2,1.856763925729443,5567.163
Arunachal Pradesh:Kurung Kumey,Kurung Kumey,Arunachal Pradesh,Kharif,2545.13,3682.08652,5228.48774,9394.742,1609,1597,1640,28,9,Rice,69.94243693110391,Maize,24.386324754010037,Sugarcane,3.308222350350199,24.386324754010037,Arunachal Pradesh:Kra Daadi,2,1.856763925729443,5567.163
Arunachal Pradesh:Kurung Kumey,Kurung Kumey,Arunachal Pradesh,Rabi,190.267,152.90548,257.03342,536.207,1826,1827,1831,50,10,Maize,67.29475100942126,Rice,29.205921938088828,Rapeseed & Mustard,3.499327052489906,67.29475100942126,Arunachal Pradesh:Kra Daadi,2,1.856763925729443,5567.163
Arunachal Pradesh:Leparada,Leparada,Arunachal Pradesh,Kharif,10150.868,16147.93558,21799.18671,39585.42,1395,1362,1417,18,8,Rice,89.85491968383623,Maize,9.000216503948646,Soybean,0.5440936929339232,9.249592779876695,Arunachal Pradesh:East Siang,6,0.1274196350999131,141427.95681
Arunachal Pradesh:Leparada,Leparada,Arunachal Pradesh,Rabi,1368.934,679.15435,1205.87271,3323.495,1750,1755,1738,44,10,Maize,84.01467183049527,Rapeseed & Mustard,8.870719862297904,Rice,7.11460830720682,84.01467183049527,Arunachal Pradesh:East Siang,6,0.1274196350999131,141427.95681
Arunachal Pradesh:Lohit,Lohit,Arunachal Pradesh,Kharif,21917.77,30098.46028,46188.32736,78978.102,1213,1204,1244,7,7,Rice,55.120221526030164,Maize,39.192902264906785,Soybean,2.8407631862770275,41.50403163679318,Arunachal Pradesh:Lohit,2,-0.0032886690403065803,90661.64069666667
Arunachal Pradesh:Lohit,Lohit,Arunachal Pradesh,Rabi,12901.31339,4100.0742083,6338.0836183,28117.95378,1590,1581,1476,26,9,Maize,69.7859205774625,Rapeseed & Mustard,20.79503473564957,Wheat,7.642427703248277,69.7859205774625,Arunachal Pradesh:Lohit,2,-0.0032886690403065803,90661.64069666667
Arunachal Pradesh:Longding,Longding,Arunachal Pradesh,Kharif,11566.751,16905.8407,24664.65715,42916.328,1364,1347,1400,16,8,Rice,68.3719625512816,Maize,28.87298192182655,Soybean,2.554687852208803,29.073349596509594,Arunachal Pradesh:Longding,1,0.29990627928772257,13154.780333333334
Arunachal Pradesh:Longding,Longding,Arunachal Pradesh,Rabi,1655.57,1144.14713,2174.85065,4386.025,1703,1714,1713,38,10,Maize,93.39317161847413,Rapeseed & Mustard,3.6482417769698348,Rice,2.9585866045560416,93.39317161847413,Arunachal Pradesh:Longding,1,0.29990627928772257,13154.780333333334
Arunachal Pradesh:Lower Dibang Valley,Lower Dibang Valley,Arunachal Pradesh,Kharif,58169.811,83650.5159,123965.25155,214833.682,962,958,972,1,6,Rice,62.56780959196142,Maize,31.290831515277155,Soybean,4.574624686428912,31.6815184166018,Arunachal Pradesh:Lower Dibang Valley,1,0.030947642901255748,72345.95447333333
Arunachal Pradesh:Lower Dibang Valley,Lower Dibang Valley,Arunachal Pradesh,Rabi,13872.24342,4919.4135774,7560.0477274,30440.34784,1569,1546,1458,25,9,Maize,69.35752509863183,Rapeseed & Mustard,17.688783698458323,Wheat,11.889795141665523,69.35752509863183,Arunachal Pradesh:Lower Dibang Valley,1,0.030947642901255748,72345.95447333333
Arunachal Pradesh:Lower Siang,Lower Siang,Arunachal Pradesh,Kharif,17813.439,26098.99852,37556.58074,66222.8,1264,1242,1291,10,7,Rice,71.12956561444416,Maize,25.922860410002276,Soybean,1.2829842081092497,26.725547965844985,Arunachal Pradesh:East Siang,6,0.1274196350999131,141427.95681
Arunachal Pradesh:Lower Siang,Lower Siang,Arunachal Pradesh,Rabi,3447.045,1774.74633,3262.58485,8426.11,1669,1675,1649,36,9,Maize,90.27909266482372,Rapeseed & Mustard,7.748702995417881,Rice,1.9722043397583975,90.27909266482372,Arunachal Pradesh:East Siang,6,0.1274196350999131,141427.95681
Arunachal Pradesh:Lower Subansiri,Lower Subansiri,Arunachal Pradesh,Kharif,16899.169,27071.18876,36236.52312,66284.575,1277,1231,1290,12,7,Rice,91.98075380914194,Maize,6.287198119023071,Sugarcane,0.5728032993470042,6.791810549400193,Arunachal Pradesh:Kamle,3,0.3754489063010121,45407.096
Arunachal Pradesh:Lower Subansiri,Lower Subansiri,Arunachal Pradesh,Rabi,1947.148,716.96065,1157.53995,4445.329,1752,1748,1712,45,10,Maize,69.59120503789092,Rapeseed & Mustard,16.511900949941296,Rice,13.896894012167788,69.59120503789092,Arunachal Pradesh:Kamle,3,0.3754489063010121,45407.096
Arunachal Pradesh:Namsai,Namsai,Arunachal Pradesh,Kharif,38374.63,54274.47718,81753.55391,140995.26,1073,1086,1091,3,6,Rice,58.45877961784132,Maize,33.67063409904305,Soybean,5.005257636267081,34.988443476707566,Arunachal Pradesh:Lohit,2,-0.0032886690403065803,90661.64069666667
Arunachal Pradesh:Namsai,Namsai,Arunachal Pradesh,Rabi,17718.7997,5852.758709,9119.914909,38778.3914,1538,1518,1422,24,9,Maize,71.09610193403614,Rapeseed & Mustard,19.457138994234008,Wheat,8.270855556509886,71.09610193403614,Arunachal Pradesh:Lohit,2,-0.0032886690403065803,90661.64069666667
Arunachal Pradesh:Pakke Kessang,Pakke Kessang,Arunachal Pradesh,Kharif,8987.027,13739.84724,19295.49538,34319.719,1415,1389,1440,20,8,Rice,78.75468383025262,Maize,18.23588319814363,Soybean,2.036169542489352,19.209146627258036,Arunachal Pradesh:East Kameng,2,-0.11326979472140762,33615.11335
Arunachal Pradesh:Pakke Kessang,Pakke Kessang,Arunachal Pradesh,Rabi,1149.28681,648.3081157,1118.2428957,2834.78062,1754,1757,1746,46,10,Maize,79.9917444984131,Rice,8.63115342571275,Rapeseed & Mustard,7.066674002926107,79.9917444984131,Arunachal Pradesh:East Kameng,2,-0.11326979472140762,33615.11335
Arunachal Pradesh:Papum Pare,Papum Pare,Arunachal Pradesh,Kharif,38033.632,59109.5323,81646.41135,147269.129,1074,1059,1081,4,6,Rice,80.81221239125533,Maize,12.923005219138759,Soybean,3.7043930651582766,13.29223393968558,Arunachal Pradesh:Papum Pare,1,-0.09956465200429694,43540.16489666667
Arunachal Pradesh:Papum Pare,Papum Pare,Arunachal Pradesh,Rabi,5627.43069,2836.1848893,4468.4286493,13093.28538,1636,1628,1612,31,9,Maize,69.89803900056201,Wheat,13.8064276666171,Rapeseed & Mustard,9.575588950425093,69.89803900056201,Arunachal Pradesh:Papum Pare,1,-0.09956465200429694,43540.16489666667
Arunachal Pradesh:Shi Yomi,Shi Yomi,Arunachal Pradesh,Kharif,7413.0,11907.10654,15969.15873,29061.431,1443,1409,1469,22,8,Rice,91.96921377210207,Maize,7.303528130188484,Soybean,0.5106280260513135,7.303528130188484,Arunachal Pradesh:East Siang,6,0.1274196350999131,141427.95681
Arunachal Pradesh:Shi Yomi,Shi Yomi,Arunachal Pradesh,Rabi,743.771,264.37229,457.11029,1680.28,1802,1803,1781,48,10,Maize,84.32888264230499,Rapeseed & Mustard,15.67111735769501,,,84.32888264230499,Arunachal Pradesh:East Siang,6,0.1274196350999131,141427.95681
Arunachal Pradesh:Siang,Siang,Arunachal Pradesh,Kharif,24838.492,37903.95392,52879.99304,94612.119,1182,1161,1201,6,7,Rice,79.82265619450997,Maize,17.54185934363353,Soybean,1.289705162185097,17.925032616456637,Arunachal Pradesh:East Siang,6,0.1274196350999131,141427.95681
Arunachal Pradesh:Siang,Siang,Arunachal Pradesh,Rabi,6078.66,2044.06062,3398.8605,13615.21,1663,1659,1603,34,9,Maize,77.64449291166848,Rapeseed & Mustard,17.93820428934933,Rice,4.417302798982188,77.64449291166848,Arunachal Pradesh:East Siang,6,0.1274196350999131,141427.95681
Arunachal Pradesh:Tawang,Tawang,Arunachal Pradesh,Kharif,5572.105,7957.41072,12376.84364,21183.883,1483,1472,1524,23,8,Rice,41.24388081871252,Maize,31.304653372836825,Soybean,20.18431413261354,38.571805048673944,Arunachal Pradesh:Tawang,1,-2.1734120292299046,8682.82219
Arunachal Pradesh:Tawang,Tawang,Arunachal Pradesh,Rabi,3028.63057,2950.8185329,3385.7145329,6492.15714,1664,1624,1674,35,9,Wheat,74.309942803861,Maize,25.690057196138987,,,25.690057196138987,Arunachal Pradesh:Tawang,1,-2.1734120292299046,8682.82219
Arunachal Pradesh:Tirap,Tirap,Arunachal Pradesh,Kharif,16061.5,21456.73082,33719.98259,56529.067,1296,1288,1334,13,7,Rice,49.88381457524353,Maize,47.42680977760256,Soybean,2.4841916740740526,47.63199375068242,Arunachal Pradesh:Tirap,1,-0.03339007463663742,18834.33265
Arunachal Pradesh:Tirap,Tirap,Arunachal Pradesh,Rabi,2803.22595,2445.2929515,4516.9793515,7825.4099,1633,1647,1655,30,9,Maize,89.4968890804769,Rice,4.748367953658555,Wheat,4.375090433707067,89.4968890804769,Arunachal Pradesh:Tirap,1,-0.03339007463663742,18834.33265
Arunachal Pradesh:Upper Siang,Upper Siang,Arunachal Pradesh,Kharif,21391.447,32734.17714,45270.77093,81503.464,1220,1188,1235,8,7,Rice,81.7148022223884,Maize,16.134640188244745,Sugarcane,1.10802840264333,16.5713016277101,Arunachal Pradesh:Upper Siang,1,0.19667832167832167,22572.585
Arunachal Pradesh:Upper Siang,Upper Siang,Arunachal Pradesh,Rabi,1267.623,1119.14061,2061.82711,3662.022,1709,1716,1727,39,10,Maize,85.32975395788641,Rice,13.003199865773421,Rapeseed & Mustard,1.6670461763401685,85.32975395788641,Arunachal Pradesh:Upper Siang,1,0.19667832167832167,22572.585
Arunachal Pradesh:Upper Subansiri,Upper Subansiri,Arunachal Pradesh,Kharif,13793.122,21284.99632,29522.37134,53146.268,1329,1292,1347,14,8,Rice,81.04212247876968,Maize,14.145171307231447,Soybean,2.1845501249629633,15.166302016984249,Arunachal Pradesh:Kamle,3,0.3754489063010121,45407.096
Arunachal Pradesh:Upper Subansiri,Upper Subansiri,Arunachal Pradesh,Rabi,1287.391,1093.02214,2036.67233,3662.022,1713,1717,1727,41,10,Maize,87.83955934629897,Rice,10.267765065576356,Rapeseed & Mustard,1.892675588124674,87.83955934629897,Arunachal Pradesh:Kamle,3,0.3754489063010121,45407.096
Arunachal Pradesh:West Kameng,West Kameng,Arunachal Pradesh,Kharif,9004.324,10928.19518,18766.52841,30099.251,1418,1426,1462,21,8,Maize,66.83599505445237,Rice,27.515336332789534,Soybean,5.648668612758091,66.83599505445237,Arunachal Pradesh:West Kameng,1,-0.826561324303988,13079.05242
Arunachal Pradesh:West Kameng,West Kameng,Arunachal Pradesh,Rabi,4022.93626,3543.5331022,5141.6523522,9736.03652,1614,1601,1636,29,9,Maize,60.93815344515389,Wheat,35.10519184416826,Rice,2.6071725744476324,60.93815344515389,Arunachal Pradesh:West Kameng,1,-0.826561324303988,13079.05242
Arunachal Pradesh:West Siang,West Siang,Arunachal Pradesh,Kharif,16874.459,27405.56448,36427.63026,66697.232,1275,1227,1286,11,7,Rice,94.4716003055204,Maize,4.300620130429533,Soybean,0.5290983756679867,4.476986255652195,Arunachal Pradesh:East Siang,6,0.1274196350999131,141427.95681
Arunachal Pradesh:West Siang,West Siang,Arunachal Pradesh,Rabi,2159.654,1142.36801,2027.82615,5329.947,1714,1715,1699,42,10,Maize,83.10485590690307,Rice,8.990434411746786,Rapeseed & Mustard,7.904709681350149,83.10485590690307,Arunachal Pradesh:East Siang,6,0.1274196350999131,141427.95681
Assam:Baksa,Baksa,Assam,Kharif,215693.36761,356773.20994,466886.366604,860840.92605,450,449,456,4,3,Rice,99.34532518346322,Maize,0.4710332443408637,Sugarcane,0.1799452843549367,0.4710332443408637,Assam:Baksa,1,-0.9850992737948084,259148.52187
Assam:Baksa,Baksa,Assam,Rabi,30838.08,5971.1715,7725.5815,63788.865,1563,1514,1303,79,9,Rapeseed & Mustard,48.066528066528065,Maize,23.668639053254438,Gram,12.474012474012474,45.41819926435311,Assam:Baksa,1,-0.9850992737948084,259148.52187
Assam:Baksa,Baksa,Assam,Summer,6824.902,11244.5326,14788.1937,27299.608,1456,1420,1478,67,8,Rice,98.26223536685214,Moong,1.7377646331478604,,,1.7377646331478604,Assam:Baksa,1,-0.9850992737948084,259148.52187
Assam:Barpeta,Barpeta,Assam,Kharif,151662.567,249869.69448,327857.37026,603786.379,607,608,609,16,4,Rice,98.48585407853933,Maize,1.2812583705739873,Sugarcane,0.23288755088668356,1.2812583705739873,Assam:Barpeta,1,0.03205764269467385,326340.8516666667
Assam:Barpeta,Barpeta,Assam,Rabi,59089.023,14735.93205,20246.26205,124375.314,1411,1379,1132,66,8,Maize,45.767707526041825,Rapeseed & Mustard,32.674725851431916,Wheat,12.89221399759567,54.43306015097241,Assam:Barpeta,1,0.03205764269467385,326340.8516666667
Assam:Barpeta,Barpeta,Assam,Summer,113087.786,187182.64838,245260.61231,452351.144,728,718,736,26,4,Rice,99.32900518167185,Moong,0.6709948183281529,,,0.6709948183281529,Assam:Barpeta,1,0.03205764269467385,326340.8516666667
Assam:Biswanath,Biswanath,Assam,Kharif,136053.5071,222992.77574,293042.24047,539902.3805,645,656,659,21,4,Rice,97.50790458457895,Maize,1.9663963771086166,Sugarcane,0.49918810259361107,1.9663963771086166,Assam:Biswanath,2,-5.342717330267134,452859.28044
Assam:Biswanath,Biswanath,Assam,Rabi,20210.309,6488.32709,9542.48309,44675.68,1526,1498,1387,75,9,Maize,30.555778537931893,Moong,25.169675202432032,Rapeseed & Mustard,21.419859702366,64.01176656420986,Assam:Biswanath,2,-5.342717330267134,452859.28044
Assam:Biswanath,Biswanath,Assam,Summer,12451.369,20390.39548,26947.63876,49805.476,1350,1304,1368,58,8,Rice,96.86398497647072,Moong,3.1360150235292825,,,3.1360150235292825,Assam:Biswanath,2,-5.342717330267134,452859.28044
Assam:Bongaigaon,Bongaigaon,Assam,Kharif,115852.835,188868.06806,249949.23597,458187.646,719,715,730,25,4,Rice,96.04559703427687,Maize,3.7290019966769177,Sugarcane,0.22540096904621876,3.7290019966769177,Assam:Bongaigaon,1,1.0020876826722338,177850.225
Assam:Bongaigaon,Bongaigaon,Assam,Rabi,27877.822,13251.82474,23244.54874,67428.648,1375,1396,1280,63,8,Maize,66.29148267130438,Moong,14.457411230432001,Rapeseed & Mustard,9.38073379866354,85.97907502333383,Assam:Bongaigaon,1,1.0020876826722338,177850.225
Assam:Bongaigaon,Bongaigaon,Assam,Summer,35589.813,58695.83748,77131.17776,142359.252,1089,1061,1089,40,6,Rice,98.49429240713309,Moong,1.5057075928669186,,,1.5057075928669186,Assam:Bongaigaon,1,1.0020876826722338,177850.225
Assam:Cachar,Cachar,Assam,Kharif,199334.18624,330724.71866,432262.571286,797199.4562,484,481,482,6,3,Rice,99.74958822532803,Cotton,0.13779804580996155,Sugarcane,0.0657389787773197,0.046874750084697527,Assam:Cachar,1,-2.2383768168276608,233669.65374666668
Assam:Cachar,Cachar,Assam,Rabi,5305.237,1357.96276,2047.37176,11579.106,1711,1698,1622,90,10,Maize,34.75910012551897,Rapeseed & Mustard,28.790914357439412,Moong,27.276238292941972,67.34575649319301,Assam:Cachar,1,-2.2383768168276608,233669.65374666668
Assam:Cachar,Cachar,Assam,Summer,9429.336,15610.2954,20450.7373,37717.344,1407,1367,1426,64,8,Rice,99.37169991421287,Moong,0.6283000857871271,,,0.6283000857871271,Assam:Cachar,1,-2.2383768168276608,233669.65374666668
Assam:Charaideo,Charaideo,Assam,Kharif,83354.243,138229.42028,180756.51636,333206.937,843,813,840,33,5,Rice,99.81545063673632,Maize,0.13670323204717463,Sugarcane,0.04784613121651113,0.13670323204717463,Assam:Charaideo,2,1.4007528930613005,264228.1483333333
Assam:Charaideo,Charaideo,Assam,Rabi,6412.245,1062.2829,1282.2019,13140.778,1745,1720,1609,94,10,Rapeseed & Mustard,62.33185584891116,Maize,19.27153594141453,Moong,15.031798034303334,34.30333397571786,Assam:Charaideo,2,1.4007528930613005,264228.1483333333
Assam:Charaideo,Charaideo,Assam,Summer,390.418,511.10164,811.92118,1561.672,1770,1769,1785,97,10,Moong,51.12910097997444,Rice,48.87089902002556,,,51.12910097997444,Assam:Charaideo,2,1.4007528930613005,264228.1483333333
Assam:Chirang,Chirang,Assam,Kharif,91098.357,149858.2428,197235.4671,362325.201,820,786,811,31,5,Rice,97.95164375890283,Maize,1.9994963674563173,Sugarcane,0.048859873640849864,1.9994963674563173,Assam:Chirang,1,0.6943470332444943,136735.256
Assam:Chirang,Chirang,Assam,Rabi,45963.071,14346.18122,23614.90222,102410.595,1373,1384,1185,61,8,Maize,66.52840589233658,Rapeseed & Mustard,19.99891177190739,Moong,10.296311953139224,78.49891491102689,Assam:Chirang,1,0.6943470332444943,136735.256
Assam:Chirang,Chirang,Assam,Summer,4843.16,7436.2274,10354.2313,19372.64,1511,1486,1545,73,9,Rice,82.34016657518555,Moong,17.65983342481445,,,17.65983342481445,Assam:Chirang,1,0.6943470332444943,136735.256
Assam:Darrang,Darrang,Assam,Kharif,150403.49366,234347.46552,321181.578284,578400.0663,621,630,631,19,4,Rice,85.92826038608096,Maize,13.680523719560066,Sugarcane,0.38852010338419934,13.680523719560066,Assam:Darrang,1,1.6691019043684032,257961.24755333332
Assam:Darrang,Darrang,Assam,Rabi,73722.285,29116.0401,51476.1191,170901.773,1191,1210,1045,45,7,Maize,82.2768707907508,Rapeseed & Mustard,12.94751849309479,Moong,4.262652349019062,86.8755430321475,Assam:Darrang,1,1.6691019043684032,257961.24755333332
Assam:Darrang,Darrang,Assam,Summer,43408.057,71581.1635,94072.82325,173632.228,1045,1005,1038,37,6,Rice,98.46601393458232,Moong,1.5339860654176762,,,1.5339860654176762,Assam:Darrang,1,1.6691019043684032,257961.24755333332
Assam:Dhemaji,Dhemaji,Assam,Kharif,183456.25683,302564.85672,397137.938862,730846.80515,529,521,517,10,3,Rice,98.59136465077341,Maize,1.2804916132092528,Sugarcane,0.11510736075982107,1.2804916132092528,Assam:Dhemaji,1,-7.807742380905415,230441.11927666666
Assam:Dhemaji,Dhemaji,Assam,Rabi,38092.936,5499.90238,6048.46438,76820.919,1595,1527,1251,81,9,Rapeseed & Mustard,80.51377166248601,Maize,15.197444214757862,Moong,2.8597341264329312,18.13888503051745,Assam:Dhemaji,1,-7.807742380905415,230441.11927666666
Assam:Dhemaji,Dhemaji,Assam,Summer,9424.394,15531.9647,20421.95015,37697.576,1408,1370,1427,65,8,Rice,98.33023782011337,Moong,1.6697621798866256,,,1.6697621798866256,Assam:Dhemaji,1,-7.807742380905415,230441.11927666666
Assam:Dhubri,Dhubri,Assam,Kharif,100532.635,157534.45372,214420.62964,387964.297,785,774,791,29,5,Rice,87.40533546359751,Maize,11.975821563024489,Sugarcane,0.6188429733779975,11.975821563024489,Assam:Dhubri,2,9.769464785287328,324387.938
Assam:Dhubri,Dhubri,Assam,Rabi,72452.191,25546.06285,43450.92885,163748.228,1227,1245,1058,50,7,Maize,75.57856844296207,Rapeseed & Mustard,16.123996621996262,Moong,4.322024982441773,82.41419216519235,Assam:Dhubri,2,9.769464785287328,324387.938
Assam:Dhubri,Dhubri,Assam,Summer,120688.582,200315.3215,261887.08175,482754.328,698,693,712,24,4,Rice,99.9679197616627,Moong,0.032080238337300115,,,0.032080238337300115,Assam:Dhubri,2,9.769464785287328,324387.938
Assam:Dibrugarh,Dibrugarh,Assam,Kharif,194902.596,323159.94984,422611.37408,779037.112,495,490,491,7,3,Rice,99.78307706412406,Maize,0.16254602742186564,Sugarcane,0.054376908454077354,0.16254602742186564,Assam:Dibrugarh,1,1.6401315060396735,202289.23866666667
Assam:Dibrugarh,Dibrugarh,Assam,Rabi,7558.789,1298.5105,1518.4295,15527.764,1736,1703,1582,93,10,Rapeseed & Mustard,61.56224572823434,Moong,25.061025223759152,Wheat,9.471114727420668,28.966639544344996,Assam:Dibrugarh,1,1.6401315060396735,202289.23866666667
Assam:Dibrugarh,Dibrugarh,Assam,Summer,1507.31,2469.5174,3262.4613,6029.24,1670,1645,1684,86,9,Rice,96.97038551844278,Moong,3.0296144815572217,,,3.0296144815572217,Assam:Dibrugarh,1,1.6401315060396735,202289.23866666667
Assam:Dima Hasao,Dima Hasao,Assam,Kharif,48016.84265,67234.72392,90430.07505,173260.96025,1053,1024,1041,38,6,Rice,69.17971776028068,Maize,18.613776435210422,Sugarcane,11.70055647321947,18.613776435210422,Assam:Dima Hasao,1,-10.222893188199546,60427.60488333333
Assam:Dima Hasao,Dima Hasao,Assam,Rabi,9226.714,4719.23935,8645.65835,22599.766,1546,1551,1514,77,9,Maize,85.74245823627763,Rapeseed & Mustard,7.7839861668834045,Moong,5.087385855352473,90.82984409163011,Assam:Dima Hasao,1,-10.222893188199546,60427.60488333333
Assam:Dima Hasao,Dima Hasao,Assam,Summer,432.425,432.425,864.85,1729.7,1766,1778,1779,96,10,Moong,100.0,,,,,100.0,Assam:Dima Hasao,1,-10.222893188199546,60427.60488333333
Assam:Goalpara,Goalpara,Assam,Kharif,122020.451,200119.07468,263571.58716,484392.601,697,695,711,23,4,Rice,97.4227954260197,Maize,2.355015601978363,Sugarcane,0.22218897200193952,2.355015601978363,Assam:Goalpara,1,-0.8812402474208287,217942.2
Assam:Goalpara,Goalpara,Assam,Rabi,27615.896,7958.91803,11405.96303,59632.643,1498,1471,1322,72,8,Maize,37.3489199359609,Rapeseed & Mustard,25.68778122718499,Moong,16.724690365755112,60.44285766898545,Assam:Goalpara,1,-0.8812402474208287,217942.2
Assam:Goalpara,Goalpara,Assam,Summer,68538.127,113523.76924,148663.46488,274152.508,909,888,906,35,5,Rice,99.49138411336617,Moong,0.5086158866338405,,,0.5086158866338405,Assam:Goalpara,1,-0.8812402474208287,217942.2
Assam:Golaghat,Golaghat,Assam,Kharif,300808.76644,495999.28336,647514.420616,1198183.4522,330,306,317,1,2,Rice,99.09712777509445,Sugarcane,0.6769816795477378,Maize,0.2152298011639933,0.2152298011639933,Assam:Golaghat,1,0.8601852131157431,329099.01481333334
Assam:Golaghat,Golaghat,Assam,Rabi,18898.208,4105.26998,5157.91598,39439.631,1612,1580,1419,82,9,Rapeseed & Mustard,42.77946516685989,Moong,22.8995199724056,Wheat,16.403817225421342,40.816717607718765,Assam:Golaghat,1,0.8601852131157431,329099.01481333334
Assam:Golaghat,Golaghat,Assam,Summer,10776.031,17809.93018,23363.82391,43104.124,1374,1335,1398,62,8,Rice,98.98468674942174,Moong,1.0153132505782527,,,1.0153132505782527,Assam:Golaghat,1,0.8601852131157431,329099.01481333334
Assam:Hailakandi,Hailakandi,Assam,Kharif,104968.99427,174193.49094,227718.187648,419797.81935,762,745,762,27,5,Rice,99.93327856260878,Maize,0.03255339451172339,Sugarcane,0.022787376158206373,0.03255339451172339,Assam:Hailakandi,1,1.460174084414518,106641.25175666666
Assam:Hailakandi,Hailakandi,Assam,Rabi,316.288,112.05985,193.60285,726.474,1833,1832,1820,99,10,Maize,66.36885768985323,Rapeseed & Mustard,15.76260370134014,Moong,12.763241863433311,84.23739629865986,Assam:Hailakandi,1,1.460174084414518,106641.25175666666
Assam:Hailakandi,Hailakandi,Assam,Summer,1574.027,2572.11332,3405.13684,6296.108,1662,1638,1680,84,9,Rice,96.3716582972918,Moong,3.628341702708194,,,3.628341702708194,Assam:Hailakandi,1,1.460174084414518,106641.25175666666
Assam:Hojai,Hojai,Assam,Kharif,154679.658,248617.194,321743.968,606368.574,619,613,606,18,4,Rice,95.99410174490046,Sugarcane,3.6710493978864585,Maize,0.33484885721307445,0.33484885721307445,Assam:Hojai,2,-1.6043689728167736,566032.9501633333
Assam:Hojai,Hojai,Assam,Rabi,9021.621,2545.84659,3133.94459,18972.338,1675,1639,1547,87,9,Wheat,31.73958637220194,Rapeseed & Mustard,30.72956500484905,Moong,21.76158449565951,37.53084862294901,Assam:Hojai,2,-1.6043689728167736,566032.9501633333
Assam:Hojai,Hojai,Assam,Summer,17069.668,28322.602,37037.819,68278.672,1270,1217,1278,52,7,Rice,99.89325505370606,Moong,0.1067449462939489,,,0.1067449462939489,Assam:Hojai,2,-1.6043689728167736,566032.9501633333
Assam:Jorhat,Jorhat,Assam,Kharif,171353.07644,284336.83334,371737.996126,685260.6852,562,548,548,13,3,Rice,99.90432351287559,Maize,0.05716553115758752,Sugarcane,0.01994146435729797,0.05716553115758752,Assam:Jorhat,2,0.37885902512527597,279807.3585533333
Assam:Jorhat,Jorhat,Assam,Rabi,8507.653,1703.85334,2329.01634,17983.938,1700,1681,1560,89,10,Rapeseed & Mustard,43.63952723491841,Moong,29.49476945275532,Maize,23.341184459015,53.6847242557345,Assam:Jorhat,2,0.37885902512527597,279807.3585533333
Assam:Jorhat,Jorhat,Assam,Summer,1524.607,2354.71474,3263.02963,6098.428,1668,1652,1683,85,9,Rice,83.64293124730222,Moong,16.35706875269778,,,16.35706875269778,Assam:Jorhat,2,0.37885902512527597,279807.3585533333
Assam:Kamrup,Kamrup,Assam,Kharif,201595.20066,332767.24726,435566.713414,803532.8763,483,480,481,5,3,Rice,99.01260007903493,Maize,0.6614798402332167,Sugarcane,0.32393223736978277,0.6614798402332167,Assam:Kamrup,1,-6.850410652500612,342992.4758866667
Assam:Kamrup,Kamrup,Assam,Rabi,57791.748,20712.58917,34779.99217,132168.848,1288,1299,1112,53,7,Maize,65.59021603137985,Rapeseed & Mustard,15.915573910837944,Moong,14.479295956667261,80.89365248410866,Assam:Kamrup,1,-6.850410652500612,342992.4758866667
Assam:Kamrup,Kamrup,Assam,Summer,69909.532,115637.21554,151597.40673,279638.128,902,878,901,34,5,Rice,99.17523259337354,Moong,0.8247674066264682,,,0.8247674066264682,Assam:Kamrup,1,-6.850410652500612,342992.4758866667
Assam:Kamrup Metro,Kamrup Metro,Assam,Kharif,22846.866,37694.21544,49330.25328,91036.582,1201,1162,1207,47,7,Rice,98.95810792398997,Maize,0.6612007405448294,Sugarcane,0.38069133546520484,0.6612007405448294,Assam:Kamrup Metro,1,-2.1144645915775797,43678.219666666664
Assam:Kamrup Metro,Kamrup Metro,Assam,Rabi,2498.181,998.30871,1724.78271,6004.53,1722,1725,1685,92,10,Maize,44.125442328906466,Moong,32.664288477242444,Rapeseed & Mustard,12.981189381240956,84.23948080973052,Assam:Kamrup Metro,1,-2.1144645915775797,43678.219666666664
Assam:Kamrup Metro,Kamrup Metro,Assam,Summer,15606.836,25897.5626,33864.3137,62427.344,1294,1243,1304,54,7,Rice,99.91243879836844,Moong,0.08756120163155706,,,0.08756120163155706,Assam:Kamrup Metro,1,-2.1144645915775797,43678.219666666664
Assam:Karbi Anglong,Karbi Anglong,Assam,Kharif,190270.73121,305634.43176,403267.580534,746292.77905,522,515,511,9,3,Rice,92.90170767853564,Maize,4.4718095057679905,Sugarcane,1.783086552724699,4.4718095057679905,Assam:Karbi Anglong,2,2.2929453743855803,448329.23732333333
Assam:Karbi Anglong,Karbi Anglong,Assam,Rabi,62704.096,28395.69418,49651.23618,151736.697,1198,1216,1077,46,7,Maize,60.934885669950305,Moong,20.434387500883368,Rapeseed & Mustard,10.306276930243392,85.61938688874756,Assam:Karbi Anglong,2,2.2929453743855803,448329.23732333333
Assam:Karbi Anglong,Karbi Anglong,Assam,Summer,12369.826,18708.97882,26372.46409,49479.304,1359,1322,1370,60,8,Rice,79.0307876384713,Moong,20.96921236152871,,,20.96921236152871,Assam:Karbi Anglong,2,2.2929453743855803,448329.23732333333
Assam:Kokrajhar,Kokrajhar,Assam,Kharif,170655.58727,281708.38122,369477.382008,680233.80635,566,555,552,15,3,Rice,98.81325351387679,Maize,1.060689013952996,Sugarcane,0.11904328151553173,1.060689013952996,Assam:Kokrajhar,1,-0.5681037731898321,238913.88175666667
Assam:Kokrajhar,Kokrajhar,Assam,Rabi,42357.882,7553.03157,9557.01257,87011.323,1525,1482,1217,74,9,Rapeseed & Mustard,54.40097009310515,Maize,34.4910501671549,Moong,6.101864947112861,41.937393831428224,Assam:Kokrajhar,1,-0.5681037731898321,238913.88175666667
Assam:Kokrajhar,Kokrajhar,Assam,Summer,21665.728,35854.21,46986.065,86662.912,1210,1171,1218,48,7,Rice,99.28477517749145,Moong,0.7152248225085459,,,0.7152248225085459,Assam:Kokrajhar,1,-0.5681037731898321,238913.88175666667
Assam:Lakhimpur,Lakhimpur,Assam,Kharif,239392.28383,396777.16792,518817.144762,956649.25615,403,405,409,2,3,Rice,99.72521178099193,Maize,0.1666964958139033,Sugarcane,0.09811279467904023,0.1666964958139033,Assam:Lakhimpur,1,1.8299523436944307,345597.95594333333
Assam:Lakhimpur,Lakhimpur,Assam,Rabi,73457.888,12107.60348,14697.21148,150943.506,1458,1406,1078,68,8,Rapeseed & Mustard,62.36322857892224,Moong,19.56999804972528,Maize,14.660685824192822,35.23944665998641,Assam:Lakhimpur,1,1.8299523436944307,345597.95594333333
Assam:Lakhimpur,Lakhimpur,Assam,Summer,40904.934,67491.21372,88657.84914,163619.736,1055,1023,1059,39,6,Rice,98.59529188664006,Moong,1.4047081133599446,,,1.4047081133599446,Assam:Lakhimpur,1,1.8299523436944307,345597.95594333333
Assam:Majuli,Majuli,Assam,Kharif,62552.92022,101898.75206,132647.871118,247280.6301,936,905,936,36,5,Rice,97.4889691783768,Sugarcane,1.955968066530037,Maize,0.5290427913281243,0.5290427913281243,Assam:Jorhat,2,0.37885902512527597,279807.3585533333
Assam:Majuli,Majuli,Assam,Rabi,25055.94,5683.39884,8371.84684,55036.583,1555,1524,1340,78,9,Moong,53.42321814382357,Rapeseed & Mustard,34.57161072478483,Gram,7.378897533677288,64.22592413312712,Assam:Jorhat,2,0.37885902512527597,279807.3585533333
Assam:Majuli,Majuli,Assam,Summer,14134.12,23283.2446,30624.8327,56536.48,1321,1275,1333,56,7,Rice,98.22490458862164,Moong,1.7750954113783617,,,1.7750954113783617,Assam:Jorhat,2,0.37885902512527597,279807.3585533333
Assam:Marigaon,Marigaon,Assam,Kharif,90931.46566,148900.7303,194924.375394,360628.3653,824,789,814,32,5,Rice,97.77333061848887,Maize,1.262600429025541,Sugarcane,0.9596270329039503,1.262600429025541,Assam:Marigaon,1,-3.7471895102451858,236634.87022
Assam:Marigaon,Marigaon,Assam,Rabi,41443.612,23386.2853,40915.5593,101365.362,1243,1274,1189,51,7,Maize,80.53966892736574,Wheat,7.756110228707053,Rapeseed & Mustard,6.5587650906192065,85.68512468067374,Assam:Marigaon,1,-3.7471895102451858,236634.87022
Assam:Marigaon,Marigaon,Assam,Summer,99077.216,164195.82494,214927.40703,396308.864,784,762,782,28,5,Rice,99.61600336997282,Moong,0.3839966300271798,,,0.3839966300271798,Assam:Marigaon,1,-3.7471895102451858,236634.87022
Assam:Nagaon,Nagaon,Assam,Kharif,233467.96249,384249.84038,502006.521576,928873.48645,416,420,421,3,3,Rice,98.73771146316858,Sugarcane,0.7511348633802833,Maize,0.4991158266498082,0.4991158266498082,Assam:Hojai,2,-1.6043689728167736,566032.9501633333
Assam:Nagaon,Nagaon,Assam,Rabi,66333.995,26416.32434,45875.44934,154037.198,1217,1237,1075,49,7,Maize,72.35986672081717,Rapeseed & Mustard,12.991919437840213,Moong,8.327255765251104,84.83459139890356,Assam:Hojai,2,-1.6043689728167736,566032.9501633333
Assam:Nagaon,Nagaon,Assam,Summer,98303.793,161651.28798,212924.36501,393215.172,788,768,785,30,5,Rice,97.818248747727,Moong,2.181751252272996,,,2.181751252272996,Assam:Hojai,2,-1.6043689728167736,566032.9501633333
Assam:Nalbari,Nalbari,Assam,Kharif,123260.893,199999.37944,266134.55778,486053.113,687,696,708,22,4,Rice,94.80423883491648,Maize,5.138195548172301,Sugarcane,0.057565616911218406,5.138195548172301,Assam:Nalbari,1,2.357748625727675,165617.12766666667
Assam:Nalbari,Nalbari,Assam,Rabi,20484.59,5739.98474,9159.84874,44517.536,1537,1523,1388,76,9,Maize,70.13871279276168,Rapeseed & Mustard,24.047057680998343,Moong,2.8055485117104673,74.67075269629397,Assam:Nalbari,1,2.357748625727675,165617.12766666667
Assam:Nalbari,Nalbari,Assam,Summer,12231.45,20304.207,26542.2465,48925.8,1358,1307,1373,59,8,Rice,100.0,,,,,,Assam:Nalbari,1,2.357748625727675,165617.12766666667
Assam:Sivasagar,Sivasagar,Assam,Kharif,171003.084,283596.02754,370678.73773,683604.621,564,550,549,14,3,Rice,99.86867684858834,Sugarcane,0.08865979257741549,Maize,0.04266335883424505,0.04266335883424505,Assam:Charaideo,2,1.4007528930613005,264228.1483333333
Assam:Sivasagar,Sivasagar,Assam,Rabi,8188.894,1530.31501,2041.81201,16990.596,1712,1694,1571,91,10,Rapeseed & Mustard,48.72384456196827,Maize,37.75822633152207,Moong,9.92363640764362,50.10226186298121,Assam:Charaideo,2,1.4007528930613005,264228.1483333333
Assam:Sivasagar,Sivasagar,Assam,Summer,217.448,290.8367,453.79915,869.792,1803,1798,1809,98,10,Rice,53.17179417369997,Moong,46.82820582630003,,,46.82820582630003,Assam:Charaideo,2,1.4007528930613005,264228.1483333333
Assam:Sonitpur,Sonitpur,Assam,Kharif,183503.42822,302109.05606,395006.296118,730222.7541,533,524,518,11,3,Rice,98.71074158107123,Sugarcane,0.6462031175415696,Maize,0.6343174842082784,0.6343174842082784,Assam:Biswanath,2,-5.342717330267134,452859.28044
Assam:Sonitpur,Sonitpur,Assam,Rabi,52024.434,18519.97203,31055.35503,119418.488,1318,1324,1142,55,7,Maize,60.93286643066917,Moong,18.25280694593302,Rapeseed & Mustard,16.10631185883435,80.72928477481972,Assam:Biswanath,2,-5.342717330267134,452859.28044
Assam:Sonitpur,Sonitpur,Assam,Summer,33111.4,54544.16212,71743.35994,132445.6,1107,1085,1111,41,6,Rice,98.22278186989523,Moong,1.7772181301047663,,,1.7772181301047663,Assam:Biswanath,2,-5.342717330267134,452859.28044
Assam:South Salmara Mancachar,South Salmara Mancachar,Assam,Kharif,25967.739,42382.3449,56116.53355,102773.832,1169,1136,1184,43,7,Rice,96.17350027851106,Maize,3.74283632136433,Sugarcane,0.08366340012461443,3.74283632136433,Assam:Dhubri,2,9.769464785287328,324387.938
Assam:South Salmara Mancachar,South Salmara Mancachar,Assam,Rabi,10138.513,3442.3501,4858.2331,21811.517,1623,1606,1517,83,9,Maize,43.232795890341286,Wheat,21.21458725395453,Rapeseed & Mustard,20.497431463302984,58.287981282742486,Assam:Dhubri,2,9.769464785287328,324387.938
Assam:South Salmara Mancachar,South Salmara Mancachar,Assam,Summer,25073.237,41610.1574,54405.9838,100292.948,1177,1142,1192,44,7,Rice,99.93641508234246,Moong,0.06358491765753163,,,0.06358491765753163,Assam:Dhubri,2,9.769464785287328,324387.938
Assam:Sribhumi,Sribhumi,Assam,Kharif,150861.07344,250176.59268,326983.812456,603075.2252,610,606,610,17,4,Rice,99.83455118100906,Sugarcane,0.09899603211812152,Maize,0.045341694099902984,0.045341694099902984,Assam:Sribhumi,1,-0.10173527398279608,165679.42981333332
Assam:Sribhumi,Sribhumi,Assam,Rabi,2545.13,1302.26642,2409.27442,6530.853,1698,1702,1672,88,9,Maize,63.588439211503356,Moong,27.691739656622428,Rapeseed & Mustard,7.706508584439294,91.89555086049516,Assam:Sribhumi,1,-0.10173527398279608,165679.42981333332
Assam:Sribhumi,Sribhumi,Assam,Summer,12461.253,20498.13108,26992.61096,49845.012,1349,1302,1367,57,8,Rice,97.89449786520392,Moong,2.1055021347960774,,,2.1055021347960774,Assam:Sribhumi,1,-0.10173527398279608,165679.42981333332
Assam:Tinsukia,Tinsukia,Assam,Kharif,179725.714,294182.73052,388263.13974,712596.864,537,533,528,12,3,Rice,96.92416256459545,Maize,2.9033665177561674,Sugarcane,0.1724709176483826,2.9033665177561674,Assam:Tinsukia,1,2.353543729574167,198337.286
Assam:Tinsukia,Tinsukia,Assam,Rabi,27265.014,5166.1197,6569.6477,56351.155,1584,1536,1335,80,9,Rapeseed & Mustard,50.23093993304999,Maize,28.961522548613985,Moong,12.71298002783315,42.72764885094219,Assam:Tinsukia,1,2.353543729574167,198337.286
Assam:Tinsukia,Tinsukia,Assam,Summer,410.186,674.38532,888.42334,1640.744,1765,1756,1782,95,10,Rice,97.774934638705,Moong,2.225065361294988,,,2.225065361294988,Assam:Tinsukia,1,2.353543729574167,198337.286
Assam:Udalguri,Udalguri,Assam,Kharif,191944.809,314923.06902,414107.94649,762165.124,513,504,503,8,3,Rice,97.64063112461042,Maize,2.0073133274685255,Sugarcane,0.3520555479210553,2.0073133274685255,Assam:Udalguri,1,2.9108766064152127,230677.734
Assam:Udalguri,Udalguri,Assam,Rabi,23190.335,7117.61666,11730.97366,51260.895,1490,1491,1357,71,8,Maize,72.20703281333597,Rapeseed & Mustard,20.46884017980141,Moong,4.549801367468078,78.65258475058242,Assam:Udalguri,1,2.9108766064152127,230677.734
Assam:Udalguri,Udalguri,Assam,Summer,28248.472,46760.36386,61265.15857,112993.888,1147,1115,1155,42,7,Rice,99.34660742036174,Moong,0.6533925796382706,,,0.6533925796382706,Assam:Udalguri,1,2.9108766064152127,230677.734
Assam:West Karbi Anglong,West Karbi Anglong,Assam,Kharif,154290.62376,244062.20202,317917.856774,599063.8038,626,620,613,20,4,Rice,92.46900779121066,Sugarcane,4.35257086230196,Maize,2.906895540180237,2.906895540180237,Assam:Karbi Anglong,2,2.2929453743855803,448329.23732333333
Assam:West Karbi Anglong,West Karbi Anglong,Assam,Rabi,27650.49,8542.37055,13299.04555,61985.035,1465,1456,1311,70,8,Maize,35.85994184372126,Moong,28.98523796694568,Rapeseed & Mustard,21.436998913053575,71.53408087996209,Assam:Karbi Anglong,2,2.2929453743855803,448329.23732333333
Assam:West Karbi Anglong,West Karbi Anglong,Assam,Summer,6785.366,11123.4536,14688.1182,27141.464,1459,1423,1480,69,8,Rice,97.10642306786447,Moong,2.893576932135527,,,2.893576932135527,Assam:Karbi Anglong,2,2.2929453743855803,448329.23732333333
Bihar:Araria,Araria,Bihar,Kharif,70319.718,27424.69002,33050.26746,37972.64772,1305,1226,1423,85,7,Rice,100.0,,,,,,Bihar:Araria,1,1.6073258196721312,335537.70775
Bihar:Araria,Araria,Bihar,Rabi,300697.84325,299234.07227,558335.10152,860496.71575,379,527,457,2,3,Maize,92.81024479551515,Wheat,7.1820014523238065,Rapeseed & Mustard,0.0059834891105808976,92.8120150585656,Bihar:Araria,1,1.6073258196721312,335537.70775
Bihar:Araria,Araria,Bihar,Summer,30857.848,20068.52302,34653.94646,62232.92572,1289,1310,1307,83,7,Moong,76.01114069476749,Rice,23.988859305232506,,,76.01114069476749,Bihar:Araria,1,1.6073258196721312,335537.70775
Bihar:Arwal,Arwal,Bihar,Kharif,46195.345,18034.27227,21757.17971,25048.08222,1396,1332,1495,92,8,Rice,99.72742790752083,Moong,0.27257209247916814,,,0.27257209247916814,Bihar:Arwal,1,6.624329355085952,69430.158
Bihar:Arwal,Arwal,Bihar,Rabi,25695.929,24459.95951,26738.22151,53670.12,1356,1256,1343,89,8,Wheat,82.65000494417701,Gram,16.727028752930696,Maize,0.31420937988930586,17.041238132820002,Bihar:Arwal,1,6.624329355085952,69430.158
Bihar:Arwal,Arwal,Bihar,Summer,296.52,296.52,593.04,1107.008,1781,1797,1793,110,10,Moong,73.33333333333333,Maize,26.666666666666668,,,100.0,Bihar:Arwal,1,6.624329355085952,69430.158
Bihar:Aurangabad,Aurangabad,Bihar,Kharif,359429.189,140177.38371,168931.71883,194091.76206,865,807,1002,39,5,Rice,100.0,,,,,,Bihar:Aurangabad,1,2.2450374831553033,665463.3626666666
Bihar:Aurangabad,Aurangabad,Bihar,Rabi,279808.627,264472.24195,286019.36195,581164.374,654,577,629,12,4,Wheat,84.52249645681724,Gram,15.06689606822263,Rapeseed & Mustard,0.41060747496014055,15.06689606822263,Bihar:Aurangabad,1,2.2450374831553033,665463.3626666666
Bihar:Aurangabad,Aurangabad,Bihar,Summer,79.072,79.072,158.144,316.288,1839,1840,1844,112,10,Moong,100.0,,,,,100.0,Bihar:Aurangabad,1,2.2450374831553033,665463.3626666666
Bihar:Banka,Banka,Bihar,Kharif,250697.776,99963.76138,122635.58174,145458.08368,968,912,1084,55,6,Rice,94.70279432133104,Maize,2.708042766120612,Moong,2.0270022490456365,4.735045015166248,Bihar:Banka,1,12.151659729081416,304891.75623666664
Bihar:Banka,Banka,Bihar,Rabi,56017.59471,53676.56931,61964.32802,120322.94813,1145,1090,1141,73,7,Wheat,73.02283960119027,Gram,18.03273327904638,Maize,8.717363025798532,26.750096304844913,Bihar:Banka,1,12.151659729081416,304891.75623666664
Bihar:Banka,Banka,Bihar,Summer,7524.195,7524.195,15048.39,26568.192,1453,1483,1487,94,8,Moong,53.10344827586207,Maize,46.89655172413793,,,100.0,Bihar:Banka,1,12.151659729081416,304891.75623666664
Bihar:Begusarai,Begusarai,Bihar,Kharif,175930.258,200282.16068,337876.73164,539629.03848,593,694,661,8,4,Maize,54.775289526948264,Soybean,37.77840704816639,Rice,4.149459648182597,54.848422707443,Bihar:Begusarai,1,-0.09320643963917304,462042.60368
Bihar:Begusarai,Begusarai,Bihar,Rabi,278015.27404,251588.15143,332691.90647,637134.30312,598,602,579,9,4,Wheat,50.28938587211673,Maize,48.74716063903531,Rapeseed & Mustard,0.9545407382149113,48.75607338966835,Bihar:Begusarai,1,-0.09320643963917304,462042.60368
Bihar:Begusarai,Begusarai,Bihar,Summer,3632.37,3632.37,7264.74,11267.76,1573,1598,1623,101,9,Maize,89.79591836734694,Moong,10.204081632653061,,,100.0,Bihar:Begusarai,1,-0.09320643963917304,462042.60368
Bihar:Bhagalpur,Bhagalpur,Bihar,Kharif,170674.441,136757.02551,255129.19327,375346.53086,707,816,803,15,4,Maize,89.29255452115592,Rice,10.232633864981452,Sugarcane,0.4658624067149272,89.29255452115592,Bihar:Bhagalpur,1,33.68874914845674,267758.4825066667
Bihar:Bhagalpur,Bhagalpur,Bihar,Rabi,140256.72752,134916.17993,180249.44245,325846.71756,844,819,848,34,5,Wheat,49.485379243124534,Maize,45.78217159417349,Gram,4.518413976375659,50.30058557054915,Bihar:Bhagalpur,1,33.68874914845674,267758.4825066667
Bihar:Bhagalpur,Bhagalpur,Bihar,Summer,4267.417,4267.417,8534.834,12868.968,1551,1573,1615,99,9,Maize,98.43659525188188,Moong,1.563404748118124,,,100.0,Bihar:Bhagalpur,1,33.68874914845674,267758.4825066667
Bihar:Bhojpur,Bhojpur,Bihar,Kharif,259207.9,100407.70124,124792.86358,149549.46664,958,911,1079,53,6,Rice,95.57281570315257,Bajra,2.1184096463218607,Maize,2.0117624742143927,2.308774650525573,Bihar:Bhojpur,1,0.6324900133155792,549099.0306666667
Bihar:Bhojpur,Bhojpur,Bihar,Rabi,293535.032,281758.88846,292280.40646,597591.582,646,554,615,11,4,Wheat,92.62641538273985,Gram,7.199605425100517,Rapeseed & Mustard,0.17397919215963306,7.199605425100517,Bihar:Bhojpur,1,0.6324900133155792,549099.0306666667
Bihar:Bhojpur,Bhojpur,Bihar,Summer,24.71,24.71,49.42,74.13,1862,1863,1866,114,10,Maize,100.0,,,,,100.0,Bihar:Bhojpur,1,0.6324900133155792,549099.0306666667
Bihar:Buxar,Buxar,Bihar,Kharif,222147.842,86623.49955,106868.00719,126377.5653,1005,947,1128,58,6,Rice,96.17044506806995,Maize,2.5110471043303075,Bajra,1.3185078275997373,2.5110471043303075,Bihar:Buxar,1,6.653338803150152,442194.51033333334
Bihar:Buxar,Buxar,Bihar,Rabi,233734.361,223541.70839,228429.34639,472356.36,759,654,719,21,5,Wheat,95.49523393004355,Gram,4.279343330655318,Rapeseed & Mustard,0.22542273930112786,4.279343330655318,Bihar:Buxar,1,6.653338803150152,442194.51033333334
Bihar:Buxar,Buxar,Bihar,Summer,229.803,229.803,459.606,724.003,1801,1813,1821,111,10,Maize,84.94623655913979,Moong,15.053763440860216,,,100.0,Bihar:Buxar,1,6.653338803150152,442194.51033333334
Bihar:Darbhanga,Darbhanga,Bihar,Kharif,247413.817,102127.22072,128186.48556,157087.69692,947,903,1069,51,6,Rice,87.32756114731257,Maize,9.750105828550808,Sugarcane,1.7426049167674833,10.929833935919945,Bihar:Darbhanga,1,43.33889223396038,470657.33334666665
Bihar:Darbhanga,Darbhanga,Bihar,Rabi,305843.67604,292291.00705,426798.01409,746194.35912,490,536,512,5,3,Maize,39.24929651726909,Wheat,36.664194690231675,Gram,23.781459296714694,63.03075581398378,Bihar:Darbhanga,1,43.33889223396038,470657.33334666665
Bihar:Darbhanga,Darbhanga,Bihar,Summer,29105.909,23438.4234,43996.6492,77274.1004,1226,1272,1249,80,7,Moong,58.241412621032055,Maize,31.833396985150404,Rice,9.925190393817536,90.07480960618247,Bihar:Darbhanga,1,43.33889223396038,470657.33334666665
Bihar:Gaya,Gaya,Bihar,Kharif,209859.559,82431.5716,100104.6578,116187.9026,1026,963,1149,62,6,Rice,98.07957187782326,Moong,0.9972403102305994,Maize,0.9231878119461491,1.9204281221767485,Bihar:Gaya,1,8.843196785214012,401640.4583333333
Bihar:Gaya,Gaya,Bihar,Rabi,210282.1,197940.27043,212694.61143,435318.541,790,700,749,26,5,Wheat,85.65505755182639,Gram,12.78167877278225,Maize,1.09205399440241,13.873732767184661,Bihar:Gaya,1,8.843196785214012,401640.4583333333
Bihar:Gaya,Gaya,Bihar,Summer,4185.874,4185.874,8371.748,16375.317,1556,1578,1574,100,9,Moong,91.20425029515938,Maize,8.795749704840613,,,100.0,Bihar:Gaya,1,8.843196785214012,401640.4583333333
Bihar:Gopalganj,Gopalganj,Bihar,Kharif,154825.447,81128.53917,102711.34041,167272.41762,1016,971,1053,61,6,Rice,55.28392793175115,Maize,23.2060704347301,Sugarcane,21.510001633518748,23.2060704347301,Bihar:Gopalganj,1,6.679474383256969,325227.2790433333
Bihar:Gopalganj,Gopalganj,Bihar,Rabi,178957.30713,168945.60585,178639.41298,367608.42139,848,755,807,35,5,Wheat,88.71963491491316,Maize,9.95936336960079,Gram,0.8935687670327901,10.85293213663358,Bihar:Gopalganj,1,6.679474383256969,325227.2790433333
Bihar:Gopalganj,Gopalganj,Bihar,Summer,1630.86,1630.86,3261.72,5767.314,1671,1688,1690,106,9,Moong,53.63636363636363,Maize,46.36363636363637,,,100.0,Bihar:Gopalganj,1,6.679474383256969,325227.2790433333
Bihar:Jamui,Jamui,Bihar,Kharif,100675.953,42129.01798,54504.67554,65927.96028,1176,1138,1293,76,7,Rice,82.76342000585736,Maize,17.209378658013016,Moong,0.027201336129630688,17.236579994142645,Bihar:Jamui,1,31.15536920568367,167466.25933333332
Bihar:Jamui,Jamui,Bihar,Rabi,65377.718,61191.30038,69493.86038,139057.996,1118,1048,1102,71,6,Wheat,75.55463739227088,Gram,21.227587472238795,Maize,2.6667823457586426,23.89436981799744,Bihar:Jamui,1,31.15536920568367,167466.25933333332
Bihar:Jamui,Jamui,Bihar,Summer,901.915,901.915,1803.83,3375.386,1720,1732,1735,107,10,Moong,74.24657534246575,Maize,25.753424657534246,,,100.0,Bihar:Jamui,1,31.15536920568367,167466.25933333332
Bihar:Jehanabad,Jehanabad,Bihar,Kharif,115479.714,45507.07266,55468.71148,65038.10376,1171,1121,1297,75,7,Rice,97.17879817604157,Moong,2.378843792821416,Groundnut,0.311833455987826,2.494667647902608,Bihar:Jehanabad,1,107.36406786033179,153813.98433333333
Bihar:Jehanabad,Jehanabad,Bihar,Rabi,101980.641,95568.32187,105091.55587,213484.516,1007,920,974,59,6,Wheat,81.34047590440342,Gram,16.34612015950164,Maize,1.777570028852595,18.123690188354235,Bihar:Jehanabad,1,107.36406786033179,153813.98433333333
Bihar:Jehanabad,Jehanabad,Bihar,Summer,605.395,605.395,1210.79,2095.408,1749,1764,1769,109,10,Maize,53.87755102040816,Moong,46.12244897959184,,,100.0,Bihar:Jehanabad,1,107.36406786033179,153813.98433333333
Bihar:Kaimur (Bhabua),Kaimur (Bhabua),Bihar,Kharif,343355.334,133999.01886,161589.01878,185902.62096,880,824,1015,45,5,Rice,99.82567255985165,Moong,0.1559771832906231,Maize,0.009175128428860183,0.1651523117194833,Bihar:Kaimur (Bhabua),1,2.6496805079822927,622436.6633333333
Bihar:Kaimur (Bhabua),Kaimur (Bhabua),Bihar,Rabi,289737.105,276974.73594,283411.69094,585911.165,659,562,625,13,4,Wheat,95.22471483970463,Gram,4.5424766908170655,Rapeseed & Mustard,0.23280846947830572,4.5424766908170655,Bihar:Kaimur (Bhabua),1,2.6496805079822927,622436.6633333333
Bihar:Kaimur (Bhabua),Kaimur (Bhabua),Bihar,Summer,49.42,49.42,98.84,197.68,1845,1851,1852,113,10,Moong,100.0,,,,,100.0,Bihar:Kaimur (Bhabua),1,2.6496805079822927,622436.6633333333
Bihar:Katihar,Katihar,Bihar,Kharif,156950.507,65492.96544,84507.50812,102924.66184,1067,1030,1183,69,6,Rice,83.38582888982717,Maize,14.479650710590613,Moong,2.1345203995822186,16.614171110172833,Bihar:Katihar,1,0.08759389715986551,458284.23739
Bihar:Katihar,Katihar,Bihar,Rabi,138218.52317,128645.37497,220774.80614,368566.47751,775,835,806,24,5,Maize,83.46009472799894,Wheat,15.96575752291588,Rapeseed & Mustard,0.5741477490851892,83.46009472799894,Bihar:Katihar,1,0.08759389715986551,458284.23739
Bihar:Katihar,Katihar,Bihar,Summer,160167.749,127727.42318,238968.77914,353963.04048,738,838,823,20,4,Maize,85.9544693408103,Rice,10.459527487210647,Moong,3.5860031719790455,89.54047251278935,Bihar:Katihar,1,0.08759389715986551,458284.23739
Bihar:Khagaria,Khagaria,Bihar,Kharif,79210.376,55858.23992,96939.70216,140275.50712,1035,1077,1095,65,6,Maize,72.45298101295508,Rice,20.08862388277014,Soybean,5.949382834373668,73.95179725400551,Bihar:Khagaria,1,-0.17850308417115937,255126.00568
Bihar:Khagaria,Khagaria,Bihar,Rabi,151235.67704,143336.08772,226085.52876,385220.79512,765,797,793,22,5,Maize,73.16254471801692,Wheat,26.398002263716403,Rapeseed & Mustard,0.40010684671474767,73.20189088956884,Bihar:Khagaria,1,-0.17850308417115937,255126.00568
Bihar:Khagaria,Khagaria,Bihar,Summer,23476.971,23419.69322,46810.27806,73048.98692,1211,1273,1263,79,7,Maize,87.73291187751599,Moong,12.172809554124662,Rice,0.09427856835935232,99.90572143164064,Bihar:Khagaria,1,-0.17850308417115937,255126.00568
Bihar:Kishanganj,Kishanganj,Bihar,Kharif,202298.299,79971.04864,97639.88472,115201.08404,1033,975,1151,64,6,Rice,96.53037177408089,Moong,3.33043818038625,Sugarcane,0.13919004553286,3.33043818038625,Bihar:Kishanganj,1,24.4112227004623,324618.0045733333
Bihar:Kishanganj,Kishanganj,Bihar,Rabi,133723.89772,131234.90884,242601.19856,378814.08516,733,829,801,18,4,Maize,91.67979909422917,Wheat,8.073835478251233,Gram,0.130373634539887,91.81017272876906,Bihar:Kishanganj,1,24.4112227004623,324618.0045733333
Bihar:Kishanganj,Kishanganj,Bihar,Summer,49667.1,28824.01732,47055.64836,75333.67352,1209,1212,1255,78,7,Moong,44.152336061872084,Rice,34.12857950046106,Maize,21.719084437666858,65.87142049953894,Bihar:Kishanganj,1,24.4112227004623,324618.0045733333
Bihar:Lakhisarai,Lakhisarai,Bihar,Kharif,85229.732,41223.81655,60083.97115,78222.7173,1154,1143,1247,74,7,Rice,56.43135182485354,Maize,43.56864817514646,,,43.56864817514646,Bihar:Lakhisarai,1,18.83638216088547,166200.30014
Bihar:Lakhisarai,Lakhisarai,Bihar,Rabi,103124.76342,95503.38399,122049.38641,232795.52926,971,921,949,56,6,Wheat,55.82447288273917,Gram,33.86734601118262,Maize,9.63308148105257,43.50042749223519,Bihar:Lakhisarai,1,18.83638216088547,166200.30014
Bihar:Lakhisarai,Lakhisarai,Bihar,Summer,1865.605,1865.605,3731.21,6466.607,1651,1671,1675,104,9,Maize,53.37748344370861,Moong,46.62251655629139,,,100.0,Bihar:Lakhisarai,1,18.83638216088547,166200.30014
Bihar:Madhepura,Madhepura,Bihar,Kharif,161094.374,64804.39658,80674.54234,95092.18488,1077,1033,1200,70,6,Rice,91.96288716126357,Maize,7.724694580523356,Moong,0.31241825821307784,8.037112838736434,Bihar:Madhepura,1,-11.045316262406766,402842.3033133333
Bihar:Madhepura,Madhepura,Bihar,Rabi,131257.39494,126843.91713,176437.23307,312108.10582,854,840,863,36,5,Maize,56.20517968599994,Wheat,43.61138308005093,Rapeseed & Mustard,0.17223324958821856,56.216383670360855,Bihar:Madhepura,1,-11.045316262406766,402842.3033133333
Bihar:Madhepura,Madhepura,Bihar,Summer,81913.65,81900.08421,163793.27433,299628.17206,872,967,875,43,5,Moong,65.86586686254445,Maize,34.12775172158682,Rice,0.006381415868725676,99.99361858413127,Bihar:Madhepura,1,-11.045316262406766,402842.3033133333
Bihar:Madhubani,Madhubani,Bihar,Kharif,417890.578,163577.2348,197265.8604,228403.9198,819,764,953,33,5,Rice,99.33109865167526,Moong,0.3281875529233745,Sugarcane,0.3281875529233745,0.34071379540136587,Bihar:Madhubani,1,-0.8123679169612019,674536.051
Bihar:Madhubani,Madhubani,Bihar,Rabi,217766.759,210447.45932,210459.81432,435545.873,795,678,748,28,5,Wheat,99.93041133744549,Rapeseed & Mustard,0.05784770379721392,Gram,0.011740958757299354,0.011740958757299354,Bihar:Madhubani,1,-0.8123679169612019,674536.051
Bihar:Madhubani,Madhubani,Bihar,Summer,33516.644,27687.87623,52413.59179,100288.45078,1187,1221,1193,77,7,Moong,88.69721080414436,Rice,8.568422114618068,Maize,2.7343670812375747,91.43157788538193,Bihar:Madhubani,1,-0.8123679169612019,674536.051
Bihar:Munger,Munger,Bihar,Kharif,64544.991,26384.42373,33274.46129,39852.73278,1302,1238,1416,84,7,Rice,88.36327666959504,Maize,10.663902171321975,Moong,0.6683504146371712,11.332252585959147,Bihar:Munger,1,2.4452756996397893,108116.134
Bihar:Munger,Munger,Bihar,Rabi,41542.452,39664.59084,43104.22284,86524.536,1230,1153,1220,81,7,Wheat,83.77657927865334,Gram,9.791309811259318,Maize,6.16829587641395,15.959605687673267,Bihar:Munger,1,2.4452756996397893,108116.134
Bihar:Munger,Munger,Bihar,Summer,3543.414,3208.79118,6247.52814,9582.24148,1591,1618,1639,102,9,Maize,86.22258082378161,Moong,9.650600789450786,Rice,4.126818386767603,95.8731816132324,Bihar:Munger,1,2.4452756996397893,108116.134
Bihar:Muzaffarpur,Muzaffarpur,Bihar,Kharif,363417.383,160325.44822,215231.16706,271225.65792,783,769,907,25,5,Rice,72.70353694471112,Maize,26.270090327688436,Sugarcane,1.0263727276004484,26.270090327688436,Bihar:Muzaffarpur,1,3.024870055331278,775431.99713
Bihar:Muzaffarpur,Muzaffarpur,Bihar,Rabi,341845.77539,320703.60287,350313.81826,713301.76617,580,494,527,7,4,Wheat,82.57483279614893,Maize,16.727213066002793,Rapeseed & Mustard,0.520201515044855,16.904965688806225,Bihar:Muzaffarpur,1,3.024870055331278,775431.99713
Bihar:Muzaffarpur,Muzaffarpur,Bihar,Summer,84253.687,84253.687,168507.374,307216.959,866,954,869,40,5,Moong,64.63325219227498,Maize,35.36674780772502,,,100.0,Bihar:Muzaffarpur,1,3.024870055331278,775431.99713
Bihar:Nalanda,Nalanda,Bihar,Kharif,288489.25,118903.30921,151121.98633,184986.12706,904,863,1017,47,5,Rice,86.46298298691771,Maize,8.675856054042113,Moong,4.529235067790549,13.205091121832663,Bihar:Nalanda,1,6.398107935225398,526837.7999033333
Bihar:Nalanda,Nalanda,Bihar,Rabi,245824.98871,232717.91515,244983.98386,503916.04613,730,634,691,17,4,Wheat,89.60085798728835,Gram,7.728179492264054,Maize,2.285592442320568,10.013771934584621,Bihar:Nalanda,1,6.398107935225398,526837.7999033333
Bihar:Nalanda,Nalanda,Bihar,Summer,12330.29,12173.52976,24267.39448,42457.11736,1369,1405,1403,90,8,Moong,50.260261809532345,Maize,49.242023118091254,Rice,0.49771507237640616,99.50228492762359,Bihar:Nalanda,1,6.398107935225398,526837.7999033333
Bihar:Nawada,Nawada,Bihar,Kharif,173110.847,69282.81227,85800.55771,102973.53822,1061,1016,1182,68,6,Rice,93.23791341822037,Groundnut,3.4444018534107497,Moong,2.0505134779502123,3.317684728368883,Bihar:Nawada,1,1.6759006140642618,312292.393
Bihar:Nawada,Nawada,Bihar,Rabi,132139.196,127392.94862,132043.37062,268928.814,938,839,910,48,5,Wheat,92.84820580112513,Gram,7.043779597815904,Rapeseed & Mustard,0.10801460105896227,7.043779597815904,Bihar:Nawada,1,1.6759006140642618,312292.393
Bihar:Nawada,Nawada,Bihar,Summer,4472.51,4472.51,8945.02,17116.617,1542,1564,1570,98,9,Moong,82.70718232044199,Maize,17.29281767955801,,,100.0,Bihar:Nawada,1,1.6759006140642618,312292.393
Bihar:Pashchim Champaran,Pashchim Champaran,Bihar,Kharif,670940.746,481480.92286,506948.33378,1248869.98796,408,322,301,3,3,Sugarcane,70.9600223592237,Rice,28.795289589283794,Maize,0.20569393970087033,0.20569393970087033,Bihar:Pashchim Champaran,1,-1.0519890386456536,859122.2302366666
Bihar:Pashchim Champaran,Pashchim Champaran,Bihar,Rabi,179639.25371,167417.44061,169713.02432,361574.09113,864,757,812,38,5,Wheat,96.66539607512428,Maize,2.687781587934641,Rapeseed & Mustard,0.6293504899105907,2.705253434965126,Bihar:Pashchim Champaran,1,-1.0519890386456536,859122.2302366666
Bihar:Pashchim Champaran,Pashchim Champaran,Bihar,Summer,2389.457,2389.457,4778.914,7469.833,1626,1649,1658,103,9,Maize,87.38366080661841,Moong,12.616339193381593,,,100.0,Bihar:Pashchim Champaran,1,-1.0519890386456536,859122.2302366666
Bihar:Patna,Patna,Bihar,Kharif,192715.761,80674.22111,104534.34537,126824.71746,1011,974,1126,60,6,Rice,82.45684203111396,Maize,17.364595277993082,Bajra,0.10764819887827456,17.364595277993082,Bihar:Patna,1,6.528940870524574,388007.1359033333
Bihar:Patna,Patna,Bihar,Rabi,201957.32571,187663.0602,205325.79291,421577.38413,804,716,760,30,5,Wheat,82.13472394767336,Gram,15.370505357713853,Maize,1.834086875607819,17.204592233321673,Bihar:Patna,1,6.528940870524574,388007.1359033333
Bihar:Patna,Patna,Bihar,Summer,6167.616,6045.52389,12029.00097,20259.08654,1487,1510,1534,96,8,Maize,61.831485578473604,Moong,37.38647965210032,Rice,0.7820347694260764,99.21796523057392,Bihar:Patna,1,6.528940870524574,388007.1359033333
Bihar:Purbi Champaran,Purbi Champaran,Bihar,Kharif,618202.193,312794.05542,419653.53766,622985.35712,500,508,595,6,3,Rice,56.073509584148894,Maize,31.826847628819774,Sugarcane,12.087866405906185,31.83862400994492,Bihar:Purbi Champaran,1,0.19942986258900186,943237.5741833333
Bihar:Purbi Champaran,Purbi Champaran,Bihar,Rabi,312831.19455,296890.87239,315554.45894,644325.97565,631,530,569,10,4,Wheat,87.82195958533204,Maize,11.575361420243857,Rapeseed & Mustard,0.34896557751046686,11.829074837157489,Bihar:Purbi Champaran,1,0.19942986258900186,943237.5741833333
Bihar:Purbi Champaran,Purbi Champaran,Bihar,Summer,11329.535,11329.535,22659.07,36716.589,1383,1419,1431,91,8,Maize,75.92148309705561,Moong,24.078516902944383,,,100.0,Bihar:Purbi Champaran,1,0.19942986258900186,943237.5741833333
Bihar:Purnia,Purnia,Bihar,Kharif,243240.298,97349.27041,120547.31493,143038.92526,977,917,1087,57,6,Rice,93.2479010380891,Maize,3.9807456539256156,Moong,2.701659511778559,6.682405165704175,Bihar:Purnia,1,134.63632459921865,419013.12859
Bihar:Purnia,Purnia,Bihar,Rabi,373128.09177,356723.78994,657809.87671,1047342.27031,325,450,380,1,2,Maize,91.54197813990436,Wheat,8.122928037694468,Rapeseed & Mustard,0.3350938224011757,91.54197813990436,Bihar:Purnia,1,134.63632459921865,419013.12859
Bihar:Purnia,Purnia,Bihar,Summer,72232.272,64486.20591,125035.88643,185769.92826,957,1037,1016,52,6,Maize,94.72873539094724,Rice,4.773253983640351,Moong,0.49801062541241503,95.22674601635966,Bihar:Purnia,1,134.63632459921865,419013.12859
Bihar:Rohtas,Rohtas,Bihar,Kharif,478677.178,186684.09942,224978.27366,258485.67612,769,720,925,23,5,Rice,100.0,,,,,,Bihar:Rohtas,1,-0.09749852274965531,1024563.9086666667
Bihar:Rohtas,Rohtas,Bihar,Rabi,523345.445,498173.34329,503411.86329,1051929.41,413,305,378,4,3,Wheat,97.62277633034125,Gram,2.081206416457552,Rapeseed & Mustard,0.29601725320119243,2.081206416457552,Bihar:Rohtas,1,-0.09749852274965531,1024563.9086666667
Bihar:Rohtas,Rohtas,Bihar,Summer,620.221,620.221,1240.442,2480.884,1747,1761,1761,108,10,Moong,100.0,,,,,100.0,Bihar:Rohtas,1,-0.09749852274965531,1024563.9086666667
Bihar:Saharsa,Saharsa,Bihar,Kharif,197509.501,77030.2127,92833.2461,106661.2092,1048,983,1171,67,6,Rice,99.99467647614662,Maize,0.005323523853379506,,,0.005323523853379506,Bihar:Saharsa,1,3.8221248722033336,423583.09483
Bihar:Saharsa,Saharsa,Bihar,Rabi,146881.65149,142055.12132,206096.49781,357804.67947,803,800,818,29,5,Maize,62.10621739822179,Wheat,37.67720374442592,Rapeseed & Mustard,0.1758144577177859,62.1469817978563,Bihar:Saharsa,1,3.8221248722033336,423583.09483
Bihar:Saharsa,Saharsa,Bihar,Summer,87209.003,83611.05403,165393.64219,286628.53758,870,959,894,42,5,Maize,50.545396360498394,Moong,47.778487101227796,Rice,1.6761165382738101,98.32388346172618,Bihar:Saharsa,1,3.8221248722033336,423583.09483
Bihar:Samastipur,Samastipur,Bihar,Kharif,269969.105,140376.47218,200574.38114,288345.63548,814,806,889,32,5,Rice,49.808639354727916,Maize,41.80539584538089,Sugarcane,7.0874769345929245,43.000398909270196,Bihar:Samastipur,1,-0.9040096162101828,572427.9064
Bihar:Samastipur,Samastipur,Bihar,Rabi,218676.5812,201130.60324,270548.90044,506771.4596,677,690,685,14,4,Maize,50.68095940401302,Wheat,47.93582296918686,Rapeseed & Mustard,0.7475410458925612,51.31663598492058,Bihar:Samastipur,1,-0.9040096162101828,572427.9064
Bihar:Samastipur,Samastipur,Bihar,Summer,81745.622,81745.622,163491.244,276845.898,873,968,904,44,5,Maize,61.332446647723835,Moong,38.667553352276165,,,100.0,Bihar:Samastipur,1,-0.9040096162101828,572427.9064
Bihar:Saran,Saran,Bihar,Kharif,188487.88,90746.36305,131418.03465,171292.9323,941,937,1044,50,5,Rice,57.30494893685431,Maize,42.38856877471954,Sugarcane,0.30648228842615705,42.38856877471954,Bihar:Saran,1,1.0115144125367146,408497.51628
Bihar:Saran,Saran,Bihar,Rabi,213153.50084,200462.81549,212686.95133,438531.13752,791,692,745,27,5,Wheat,88.02022417422931,Maize,11.494956097267409,Rapeseed & Mustard,0.48481972850327565,11.494956097267409,Bihar:Saran,1,1.0115144125367146,408497.51628
Bihar:Saran,Saran,Bihar,Summer,13909.259,13858.01046,27689.97658,45301.73256,1341,1387,1385,88,8,Maize,72.55054890335339,Moong,27.306848664730797,Rice,0.14260243191581637,99.85739756808418,Bihar:Saran,1,1.0115144125367146,408497.51628
Bihar:Sheikhpura,Sheikhpura,Bihar,Kharif,59397.898,23448.5545,28580.8215,33289.312,1334,1271,1445,87,8,Rice,96.9135001945273,Maize,2.42078416115506,Moong,0.5014481476678339,2.9222323088228936,Bihar:Sheikhpura,1,0.7871656044592732,124911.521
Bihar:Sheikhpura,Sheikhpura,Bihar,Rabi,63467.635,59293.89361,62026.81961,129668.196,1143,1054,1120,72,7,Wheat,90.60115345804363,Gram,7.768333166679349,Maize,1.0437452767538407,8.812078443433188,Bihar:Sheikhpura,1,0.7871656044592732,124911.521
Bihar:Sheikhpura,Sheikhpura,Bihar,Summer,1789.004,1767.90166,3525.07918,6433.39676,1659,1677,1677,105,9,Moong,65.33107151369009,Maize,34.207685513605966,Rice,0.4612429727039493,99.53875702729606,Bihar:Sheikhpura,1,0.7871656044592732,124911.521
Bihar:Sheohar,Sheohar,Bihar,Kharif,58362.549,25506.20562,30185.88426,42780.22532,1324,1246,1401,86,8,Rice,83.86550164291924,Sugarcane,13.678714741086733,Moong,1.2933793710901877,2.4557836159940276,Bihar:Sheohar,1,9.083998779309292,100882.70157
Bihar:Sheohar,Sheohar,Bihar,Rabi,40892.60371,39093.691,42785.38971,85476.90613,1232,1154,1221,82,7,Wheat,82.49616950842073,Maize,17.245268700393474,Rapeseed & Mustard,0.24701111925433483,17.256819372324937,Bihar:Sheohar,1,9.083998779309292,100882.70157
Bihar:Sheohar,Sheohar,Bihar,Summer,6735.946,6735.946,13471.892,26882.009,1464,1494,1484,95,8,Moong,99.08290535583272,Maize,0.917094644167278,,,100.0,Bihar:Sheohar,1,9.083998779309292,100882.70157
Bihar:Sitamarhi,Sitamarhi,Bihar,Kharif,298390.547,130256.14574,152306.55902,217121.43264,901,831,969,46,5,Rice,85.05620431158763,Sugarcane,14.943795688412369,,,,Bihar:Sitamarhi,1,1.5151741517415174,550662.3664733333
Bihar:Sitamarhi,Sitamarhi,Bihar,Rabi,249832.97542,237561.34696,245705.81238,507810.41626,727,626,683,16,4,Wheat,93.05430097697227,Maize,6.629444652619007,Rapeseed & Mustard,0.31625437040872006,6.629444652619007,Bihar:Sitamarhi,1,1.5151741517415174,550662.3664733333
Bihar:Sitamarhi,Sitamarhi,Bihar,Summer,9202.004,9202.004,18404.008,36432.424,1421,1446,1433,93,8,Moong,95.91836734693878,Maize,4.081632653061225,,,100.0,Bihar:Sitamarhi,1,1.5151741517415174,550662.3664733333
Bihar:Siwan,Siwan,Bihar,Kharif,260522.472,123152.46552,170012.80604,228207.52472,862,850,954,37,5,Rice,62.16823510055631,Maize,33.76585172442461,Sugarcane,3.944581679583694,33.812361162061556,Bihar:Siwan,1,-1.0954787570720497,505660.53094666667
Bihar:Siwan,Siwan,Bihar,Rabi,236294.41584,225707.3175,239310.27134,486191.78552,737,649,707,19,4,Wheat,88.37890977922619,Maize,10.99055278017387,Gram,0.37791357426321825,11.368466354437087,Bihar:Siwan,1,-1.0954787570720497,505660.53094666667
Bihar:Siwan,Siwan,Bihar,Summer,5132.267,5132.267,10264.534,17680.005,1512,1538,1565,97,9,Maize,55.5127587867116,Moong,44.4872412132884,,,100.0,Bihar:Siwan,1,-1.0954787570720497,505660.53094666667
Bihar:Supaul,Supaul,Bihar,Kharif,261184.7,101996.18359,123093.28507,141800.65774,966,904,1090,54,6,Rice,99.64267912766331,Moong,0.35732087233667975,,,0.35732087233667975,Bihar:Supaul,1,-0.30270858853953997,525118.0086133333
Bihar:Supaul,Supaul,Bihar,Rabi,159582.22084,153081.9094,166212.90224,332295.43452,869,784,842,41,5,Wheat,84.00362801462386,Maize,15.800208844244533,Rapeseed & Mustard,0.19616314113161232,15.800208844244533,Bihar:Supaul,1,-0.30270858853953997,525118.0086133333
Bihar:Supaul,Supaul,Bihar,Summer,104118.056,101480.2635,201620.0095,379068.697,812,907,800,31,5,Moong,76.73066199314904,Maize,22.261304377133264,Rice,1.0080336297176893,98.99196637028231,Bihar:Supaul,1,-0.30270858853953997,525118.0086133333
Bihar:Vaishali,Vaishali,Bihar,Kharif,122484.999,64589.2219,99755.9997,133973.6664,1029,1035,1107,63,6,Maize,55.282667875464135,Rice,44.717332124535865,,,55.282667875464135,Bihar:Vaishali,1,-0.4985676463464542,290674.47885
Bihar:Vaishali,Vaishali,Bihar,Rabi,123821.93355,114652.94211,131618.95166,264609.87665,940,883,916,49,5,Wheat,73.51831749880692,Maize,25.78049640423644,Rapeseed & Mustard,0.7011860969566395,25.78049640423644,Bihar:Vaishali,1,-0.4985676463464542,290674.47885
Bihar:Vaishali,Vaishali,Bihar,Summer,48078.247,48078.247,96156.494,162964.921,1038,1108,1061,66,6,Maize,61.04229840160354,Moong,38.95770159839646,,,100.0,Bihar:Vaishali,1,-0.4985676463464542,290674.47885
Chandigarh:Chandigarh,Chandigarh,Chandigarh,Kharif,232.274,369.26624,499.83388,904.386,1793,1789,1807,2,10,Rice,90.1127150484477,Maize,9.887284951552303,,,9.887284951552303,Chandigarh:Chandigarh,1,0.0,1581.44
Chandigarh:Chandigarh,Chandigarh,Chandigarh,Rabi,1351.637,1311.08789,1311.08789,2703.274,1743,1701,1756,1,10,Wheat,100.0,,,,,,Chandigarh:Chandigarh,1,0.0,1581.44
Chhattisgarh:Balod,Balod,Chhattisgarh,Kharif,413446.53392,1063714.0582278,1389357.6964057,1713710.8422315,101,92,185,5,1,Rice,99.82162443621169,Sugarcane,0.09764428724939794,Maize,0.07030488279058505,0.0739615192443529,Chhattisgarh:Balod,1,-12.894048144073588,492109.16335
Chhattisgarh:Balod,Balod,Chhattisgarh,Rabi,30675.06813,27506.6792826,50905.6902326,84783.7165,1195,1224,1222,40,7,Gram,91.79500976508679,Wheat,7.172290792870604,Rapeseed & Mustard,0.8968824446026592,91.93082676252673,Chhattisgarh:Balod,1,-12.894048144073588,492109.16335
Chhattisgarh:Balodabazar-Bhatapara,Balodabazar-Bhatapara,Chhattisgarh,Kharif,445502.81692,1148455.4119038,1500088.8402857,1848987.1951215,92,84,159,3,1,Rice,99.8618743387488,Cotton,0.08924723416681246,Maize,0.01776049610163477,0.01776049610163477,Chhattisgarh:Balodabazar-Bhatapara,3,-12.248402705430395,1174952.66693
Chhattisgarh:Balodabazar-Bhatapara,Balodabazar-Bhatapara,Chhattisgarh,Rabi,11894.01024,10329.9991914,11524.2334914,24994.83217,1496,1435,1496,45,8,Wheat,77.60510146096952,Gram,20.507340655355787,Rapeseed & Mustard,1.669280633228736,20.725617905801744,Chhattisgarh:Balodabazar-Bhatapara,3,-12.248402705430395,1174952.66693
Chhattisgarh:Balrampur-Ramanujganj,Balrampur-Ramanujganj,Chhattisgarh,Kharif,285801.86453,624134.6370112,862651.0674782,1104909.060941,227,229,356,22,2,Rice,83.68125192751152,Maize,15.750583938555623,Groundnut,0.2953394896325662,15.751317231568114,Chhattisgarh:Balrampur-Ramanujganj,1,-7.26288585349539,329059.79180666665
Chhattisgarh:Balrampur-Ramanujganj,Balrampur-Ramanujganj,Chhattisgarh,Rabi,15670.06889,7227.0851723,7441.0243523,31554.07696,1571,1489,1451,46,9,Wheat,77.65401749711997,Rapeseed & Mustard,16.595720983204394,Gram,5.750261519675634,5.750261519675634,Chhattisgarh:Balrampur-Ramanujganj,1,-7.26288585349539,329059.79180666665
Chhattisgarh:Bastar,Bastar,Chhattisgarh,Kharif,327478.93661,769751.4043576,1038091.0953868,1304938.146743,169,157,273,16,1,Rice,90.80485730109908,Maize,9.027399040069987,Soybean,0.09495376796703173,9.059200256886802,Chhattisgarh:Bastar,1,-10.554976886897192,353439.08140333334
Chhattisgarh:Bastar,Bastar,Chhattisgarh,Rabi,992.3536,705.3244639,1091.9618339,2382.34052,1757,1751,1764,59,10,Gram,68.80119951782136,Wheat,25.37434582401113,Rapeseed & Mustard,3.810474011842659,70.81518016414621,Chhattisgarh:Bastar,1,-10.554976886897192,353439.08140333334
Chhattisgarh:Bemetara,Bemetara,Chhattisgarh,Kharif,511070.85134,1292846.1659134,1689227.0919335,2122301.2878795,79,68,123,2,1,Rice,96.91985758564614,Soybean,1.3206355762661557,Cotton,0.9598899902463989,0.0531873780790256,Chhattisgarh:Bemetara,1,-8.54859341921131,811070.4229366666
Chhattisgarh:Bemetara,Bemetara,Chhattisgarh,Rabi,244657.58947,240514.1768869,364491.3139469,613317.44607,569,625,601,32,4,Gram,68.0136959357323,Wheat,31.95030856641089,Rapeseed & Mustard,0.022206379137965297,68.02748505445115,Chhattisgarh:Bemetara,1,-8.54859341921131,811070.4229366666
Chhattisgarh:Bijapur,Bijapur,Chhattisgarh,Kharif,182995.98366,470618.9489974,615385.4904631,758712.7651145,341,335,507,28,2,Rice,99.68863541606123,Maize,0.1882485430600941,Moong,0.10935456724752789,0.297603110307622,Chhattisgarh:Bijapur,1,-11.509419105453418,195685.01344
Chhattisgarh:Bijapur,Bijapur,Chhattisgarh,Rabi,282.83066,282.83066,565.66132,1131.32264,1785,1799,1792,62,10,Moong,100.0,,,,,100.0,Chhattisgarh:Bijapur,1,-11.509419105453418,195685.01344
Chhattisgarh:Bilaspur,Bilaspur,Chhattisgarh,Kharif,399455.06475,1029455.9526244,1344927.3345676,1657165.307252,112,97,194,7,1,Rice,99.88996639610453,Maize,0.058524525434904634,Cotton,0.02180035816539224,0.05946888426185073,Chhattisgarh:Bilaspur,2,-12.07492292779049,600125.1559566667
Chhattisgarh:Bilaspur,Bilaspur,Chhattisgarh,Rabi,6593.64111,6139.6482336,6930.8871436,13991.09852,1580,1505,1599,47,9,Wheat,76.54270132934906,Gram,22.469317530845043,Rapeseed & Mustard,0.6250437628320467,22.832254907818896,Chhattisgarh:Bilaspur,2,-12.07492292779049,600125.1559566667
Chhattisgarh:Dakshin Bastar Dantewada,Dakshin Bastar Dantewada,Chhattisgarh,Kharif,160869.7601,410661.7930268,538330.2477686,664654.198299,392,393,559,29,3,Rice,98.9707023093412,Maize,0.9417455736537397,Moong,0.08726734601061031,1.02901291966435,Chhattisgarh:Dakshin Bastar Dantewada,1,-9.783024093049017,173430.18256666666
Chhattisgarh:Dakshin Bastar Dantewada,Dakshin Bastar Dantewada,Chhattisgarh,Rabi,127.5036,22.5288483,27.2484583,264.44642,1869,1866,1847,66,10,Rapeseed & Mustard,57.529948400787134,Moong,34.64129932077662,Wheat,7.828752278436244,34.64129932077662,Chhattisgarh:Dakshin Bastar Dantewada,1,-9.783024093049017,173430.18256666666
Chhattisgarh:Dhamtari,Dhamtari,Chhattisgarh,Kharif,370031.03921,953112.0843902,1245627.8859703,1534562.7170685,125,110,216,10,1,Rice,99.84203291912759,Maize,0.14452328502566322,Moong,0.009684611380230157,0.15420789640589339,Chhattisgarh:Dhamtari,1,-17.08609539627342,449157.96954
Chhattisgarh:Dhamtari,Dhamtari,Chhattisgarh,Rabi,24711.75441,19717.2189732,37542.4940632,67277.07686,1265,1312,1281,41,7,Gram,94.80980198087055,Wheat,3.0657340009495804,Rapeseed & Mustard,1.9737390825782564,94.96052691647216,Chhattisgarh:Dhamtari,1,-17.08609539627342,449157.96954
Chhattisgarh:Durg,Durg,Chhattisgarh,Kharif,322655.07512,822940.7868598,1076472.4225381,1345413.4566215,158,139,266,14,1,Rice,97.05529815769358,Soybean,1.482672413694379,Cotton,1.144489094384018,0.22979855760424245,Chhattisgarh:Durg,1,-13.100168252654806,429289.85285666666
Chhattisgarh:Durg,Durg,Chhattisgarh,Rabi,66595.79745,59118.059721,87616.325111,161733.84409,1057,1058,1064,38,6,Gram,64.95200878135812,Wheat,33.828634969624915,Rapeseed & Mustard,1.1189553250013164,65.05240970537378,Chhattisgarh:Durg,1,-13.100168252654806,429289.85285666666
Chhattisgarh:Gariyaband,Gariyaband,Chhattisgarh,Kharif,319055.24819,809233.068056,1063093.41271,1314521.36921,161,141,271,15,1,Rice,98.33868882688508,Maize,1.5498618976481795,Groundnut,0.09260206000999331,1.5582202562775957,Chhattisgarh:Gariyaband,1,-14.240065809469693,357380.09577666665
Chhattisgarh:Gariyaband,Gariyaband,Chhattisgarh,Rabi,1666.29414,1619.4528756,3074.9212956,6144.01795,1677,1689,1682,54,9,Moong,88.19485896697823,Gram,6.472176711799934,Wheat,5.129043342529706,94.66703567877818,Chhattisgarh:Gariyaband,1,-14.240065809469693,357380.09577666665
Chhattisgarh:Gaurela-Pendra-Marwahi,Gaurela-Pendra-Marwahi,Chhattisgarh,Kharif,138004.16392,350589.426187,460334.1189447,569380.4406325,458,461,642,30,3,Rice,98.50097414786042,Maize,1.2179307397098489,Groundnut,0.24394686680500052,1.2482697726540433,Chhattisgarh:Bilaspur,2,-12.07492292779049,600125.1559566667
Chhattisgarh:Gaurela-Pendra-Marwahi,Gaurela-Pendra-Marwahi,Chhattisgarh,Rabi,2823.83409,2372.7990006,2868.5063106,6146.51366,1683,1651,1681,55,9,Wheat,63.38134221220214,Gram,34.343249528844176,Rapeseed & Mustard,2.0566065789013503,34.56205120889651,Chhattisgarh:Bilaspur,2,-12.07492292779049,600125.1559566667
Chhattisgarh:Janjgir-Champa,Janjgir-Champa,Chhattisgarh,Kharif,348471.41595,898759.3793038,1174062.7157707,1445966.4403065,137,118,241,12,1,Rice,99.97042324695815,Maize,0.02269241808135518,Groundnut,0.00337166145115294,0.023774212080039707,Chhattisgarh:Janjgir-Champa,2,-10.853707585414384,675344.95756
Chhattisgarh:Janjgir-Champa,Janjgir-Champa,Chhattisgarh,Rabi,2011.04806,1808.5575172,1919.3077372,4139.12268,1718,1673,1719,57,10,Wheat,87.28627796520092,Gram,10.886621043107208,Rapeseed & Mustard,1.1730797653557232,11.540642269443357,Chhattisgarh:Janjgir-Champa,2,-10.853707585414384,675344.95756
Chhattisgarh:Jashpur,Jashpur,Chhattisgarh,Kharif,403987.02701,991212.326643,1317005.1558937,1653932.7709975,113,105,195,8,1,Rice,95.10271008730919,Maize,2.674050570143897,Groundnut,2.193297544108588,2.6909215990085653,Chhattisgarh:Jashpur,1,-11.908920596770553,461612.0236933333
Chhattisgarh:Jashpur,Jashpur,Chhattisgarh,Rabi,10808.57407,4195.7355139,5491.8244339,22913.23706,1602,1577,1509,49,9,Gram,47.20066839717187,Wheat,34.968273946372996,Rapeseed & Mustard,17.831057656455137,47.20066839717187,Chhattisgarh:Jashpur,1,-11.908920596770553,461612.0236933333
Chhattisgarh:Kabeerdham,Kabeerdham,Chhattisgarh,Kharif,372786.37718,848866.2267876,1100755.9706864,1490520.044258,153,135,227,13,1,Rice,88.61643917753513,Sugarcane,5.460962315063888,Soybean,5.109268470733798,0.48660084547712895,Chhattisgarh:Kabeerdham,1,-8.93733744285436,635949.1456266667
Chhattisgarh:Kabeerdham,Kabeerdham,Chhattisgarh,Rabi,216374.8447,214920.5334493,396936.8397393,614784.84942,530,667,600,31,3,Gram,91.70096314543756,Wheat,8.273023231370455,Rapeseed & Mustard,0.01651401110641482,91.71046275752313,Chhattisgarh:Kabeerdham,1,-8.93733744285436,635949.1456266667
Chhattisgarh:Khairagarh-Chhuikhadan-Gandai,Khairagarh-Chhuikhadan-Gandai,Chhattisgarh,Kharif,228406.41551,571512.880274,757026.511472,972311.78849,271,257,404,25,2,Rice,88.39885042530003,Soybean,10.935378425391104,Cotton,0.5583076301755551,0.08896594105937206,Chhattisgarh:Khairagarh-Chhuikhadan-Gandai,3,-10.013199840199588,1182893.2666133333
Chhattisgarh:Khairagarh-Chhuikhadan-Gandai,Khairagarh-Chhuikhadan-Gandai,Chhattisgarh,Rabi,183849.71416,182829.1360567,334378.2100267,519289.34792,597,727,679,33,4,Gram,90.62087408620442,Wheat,9.352308791593487,Moong,0.024430796490440266,90.64530488269487,Chhattisgarh:Khairagarh-Chhuikhadan-Gandai,3,-10.013199840199588,1182893.2666133333
Chhattisgarh:Kondagaon,Kondagaon,Chhattisgarh,Kharif,288963.48432,686769.364134,922850.401711,1156599.227945,207,197,334,19,2,Rice,91.94173740921354,Maize,8.021143386052414,Moong,0.03233438046369799,8.05347776651611,Chhattisgarh:Kondagaon,1,-11.021612060850819,312088.13190333336
Chhattisgarh:Kondagaon,Kondagaon,Chhattisgarh,Rabi,669.86339,614.7306851,1043.0044051,1775.85828,1761,1762,1778,60,10,Gram,80.61633065867863,Wheat,17.166388571756187,Moong,1.5067587368907844,82.12308939556942,Chhattisgarh:Kondagaon,1,-11.021612060850819,312088.13190333336
Chhattisgarh:Korba,Korba,Chhattisgarh,Kharif,256799.39159,655086.7156078,858948.0859351,1060553.1048665,232,209,375,23,2,Rice,98.90196380400194,Maize,1.0366457118658488,Groundnut,0.06047555475189086,1.037382166152619,Chhattisgarh:Korba,1,-11.461995764549792,278770.88936666667
Chhattisgarh:Korba,Korba,Chhattisgarh,Rabi,436.89751,336.9206029,448.8569029,985.73132,1806,1792,1802,63,10,Gram,49.87616288255595,Wheat,47.01285274585893,Rapeseed & Mustard,3.1109843715851206,49.87616288255595,Chhattisgarh:Korba,1,-11.461995764549792,278770.88936666667
Chhattisgarh:Korea,Korea,Chhattisgarh,Kharif,96687.36364,241755.1360672,319157.5347408,396425.015826,625,622,780,34,4,Rice,96.94795541395854,Maize,2.564808800972844,Groundnut,0.4820639566756617,2.5687883216225176,Chhattisgarh:Korea,2,-11.455084264124245,205727.85755666666
Chhattisgarh:Korea,Korea,Chhattisgarh,Rabi,6095.90758,4521.1291489,4960.5470789,12632.81453,1620,1561,1617,51,9,Wheat,77.89983082988698,Gram,17.65275011146916,Rapeseed & Mustard,4.383658349397628,17.716510820715396,Chhattisgarh:Korea,2,-11.455084264124245,205727.85755666666
Chhattisgarh:Mahasamund,Mahasamund,Chhattisgarh,Kharif,610877.82777,1565344.05426,2049353.7377334,2533963.810455,56,46,94,1,1,Rice,99.33847948556729,Groundnut,0.39154429868582585,Moong,0.2549549842858661,0.269530041510021,Chhattisgarh:Mahasamund,1,-16.96056692766094,693884.3845966667
Chhattisgarh:Mahasamund,Mahasamund,Chhattisgarh,Rabi,3396.68602,3095.4394912,3877.9063512,8298.6064,1645,1621,1651,53,9,Wheat,58.755637304003805,Moong,37.27617093055086,Gram,3.0789479989131925,40.355118929464055,Chhattisgarh:Mahasamund,1,-16.96056692766094,693884.3845966667
Chhattisgarh:Manendragarh-Chirmiri-Bharatpur(M C B),Manendragarh-Chirmiri-Bharatpur(M C B),Chhattisgarh,Kharif,79278.30379,197644.0405254,261183.6757705,324097.5942645,701,701,849,35,4,Rice,96.65762227610628,Maize,3.25619063094623,Groundnut,0.06439003490699592,3.2683382660947142,Chhattisgarh:Korea,2,-11.455084264124245,205727.85755666666
Chhattisgarh:Manendragarh-Chirmiri-Bharatpur(M C B),Manendragarh-Chirmiri-Bharatpur(M C B),Chhattisgarh,Rabi,6576.46766,4338.4444124,4818.5597124,13633.05062,1625,1568,1602,52,9,Wheat,73.47159890308139,Gram,19.92775138863505,Rapeseed & Mustard,6.600649708283565,19.92775138863505,Chhattisgarh:Korea,2,-11.455084264124245,205727.85755666666
Chhattisgarh:Mohla-Manpur-Ambagarh Chouki,Mohla-Manpur-Ambagarh Chouki,Chhattisgarh,Kharif,184165.90332,471576.1773324,617533.8705256,761717.779102,340,334,504,27,2,Rice,99.26597038828947,Maize,0.7242213801476982,Groundnut,0.005609962732977551,0.7242213801476982,Chhattisgarh:Khairagarh-Chhuikhadan-Gandai,3,-10.013199840199588,1182893.2666133333
Chhattisgarh:Mohla-Manpur-Ambagarh Chouki,Mohla-Manpur-Ambagarh Chouki,Chhattisgarh,Rabi,1695.97085,1485.0880499,2474.0316699,4446.88573,1694,1696,1711,56,9,Gram,74.61046042610322,Wheat,18.867601339916057,Moong,5.335453931571355,79.94591435767457,Chhattisgarh:Khairagarh-Chhuikhadan-Gandai,3,-10.013199840199588,1182893.2666133333
Chhattisgarh:Mungeli,Mungeli,Chhattisgarh,Kharif,292797.75973,748228.9246754,978170.9893431,1212398.8421545,187,168,310,17,1,Rice,99.22066208535591,Groundnut,0.4121806825111032,Sugarcane,0.2429492967886866,0.002475620342846433,Chhattisgarh:Mungeli,1,-14.511007080125353,366470.74828
Chhattisgarh:Mungeli,Mungeli,Chhattisgarh,Rabi,34802.57711,34405.1787821,60196.8343221,95410.94388,1151,1183,1199,39,7,Gram,85.64410972866168,Wheat,14.276261597937461,Moong,0.04695967872453703,85.69106940738622,Chhattisgarh:Mungeli,1,-14.511007080125353,366470.74828
Chhattisgarh:Narayanpur,Narayanpur,Chhattisgarh,Kharif,51055.20896,129675.63371,170277.487205,210389.353755,860,834,977,36,5,Rice,98.48066375510618,Maize,1.5171014573934498,Sugarcane,0.002234787500369139,1.5171014573934498,Chhattisgarh:Narayanpur,1,-10.707203517696254,54806.985916666665
Chhattisgarh:Narayanpur,Narayanpur,Chhattisgarh,Rabi,127.23179,111.3094073,199.0299073,345.32225,1829,1833,1840,65,10,Gram,84.99459317187754,Wheat,10.70601629125112,Moong,3.153465770618886,88.14805894249643,Chhattisgarh:Narayanpur,1,-10.707203517696254,54806.985916666665
Chhattisgarh:Raigarh,Raigarh,Chhattisgarh,Kharif,360098.55819,910239.3744822,1197027.1391015,1489236.1509585,132,114,228,11,1,Rice,98.03297393817873,Groundnut,1.2472755455825981,Maize,0.5250208917332746,0.7032261145155394,Chhattisgarh:Balodabazar-Bhatapara,3,-12.248402705430395,1174952.66693
Chhattisgarh:Raigarh,Raigarh,Chhattisgarh,Rabi,7366.66875,5476.4338104,6185.4378404,15442.34153,1592,1529,1585,48,9,Wheat,72.84535263567726,Gram,22.924942366057312,Rapeseed & Mustard,4.229704998265429,22.924942366057312,Chhattisgarh:Balodabazar-Bhatapara,3,-12.248402705430395,1174952.66693
Chhattisgarh:Raipur,Raipur,Chhattisgarh,Kharif,373660.34517,961767.6277286,1256480.1552275,1550779.3266805,121,108,212,9,1,Rice,99.63374391306907,Cotton,0.220143323115133,Maize,0.07934857354109838,0.08238107826005282,Chhattisgarh:Raipur,1,-13.386021647307286,428881.586
Chhattisgarh:Raipur,Raipur,Chhattisgarh,Rabi,15485.08983,10385.4728943,11798.4895343,32442.89566,1489,1434,1447,44,8,Wheat,69.91203768346932,Gram,22.940517530921245,Rapeseed & Mustard,6.135461686816237,23.952500629714443,Chhattisgarh:Raipur,1,-13.386021647307286,428881.586
Chhattisgarh:Rajnandgaon,Rajnandgaon,Chhattisgarh,Kharif,408693.7631,1049327.414877,1372912.1703885,1701823.3702575,105,94,188,6,1,Rice,98.37248809064916,Soybean,1.3187668949628868,Cotton,0.24378397396338175,0.05678444089976946,Chhattisgarh:Khairagarh-Chhuikhadan-Gandai,3,-10.013199840199588,1182893.2666133333
Chhattisgarh:Rajnandgaon,Rajnandgaon,Chhattisgarh,Rabi,84100.2379,82779.5311483,145998.2128983,231515.00764,914,961,951,37,5,Gram,86.47069084875764,Wheat,13.324412677195527,Moong,0.13130310035612233,86.60199394911376,Chhattisgarh:Khairagarh-Chhuikhadan-Gandai,3,-10.013199840199588,1182893.2666133333
Chhattisgarh:Sakti,Sakti,Chhattisgarh,Kharif,268479.78388,690909.6392884,903232.2668726,1113769.636987,212,195,353,21,2,Rice,99.75346144489387,Groundnut,0.16704917166259967,Maize,0.05362578793570926,0.07822547598376037,Chhattisgarh:Janjgir-Champa,2,-10.853707585414384,675344.95756
Chhattisgarh:Sakti,Sakti,Chhattisgarh,Rabi,2116.38679,1658.1951904,1760.7169804,4385.58022,1721,1683,1714,58,10,Wheat,84.85820832264406,Gram,5.933598707968705,Moong,5.711860629477917,11.64545933744662,Chhattisgarh:Janjgir-Champa,2,-10.853707585414384,675344.95756
Chhattisgarh:Sarangarh-Bilaigarh,Sarangarh-Bilaigarh,Chhattisgarh,Kharif,234647.51905,601149.3322478,787042.7262467,973263.9920465,260,243,403,24,2,Rice,99.32318368973398,Groundnut,0.4764532642189224,Moong,0.17504530491882891,0.19504456223369315,Chhattisgarh:Balodabazar-Bhatapara,3,-12.248402705430395,1174952.66693
Chhattisgarh:Sarangarh-Bilaigarh,Sarangarh-Bilaigarh,Chhattisgarh,Rabi,6135.09764,4946.3289449,5032.7398149,12413.16734,1617,1542,1618,50,9,Wheat,93.46847500387756,Rapeseed & Mustard,3.097575569840929,Moong,2.2477295501167833,3.4339494262815164,Chhattisgarh:Balodabazar-Bhatapara,3,-12.248402705430395,1174952.66693
Chhattisgarh:Sukma,Sukma,Chhattisgarh,Kharif,201748.03201,516190.034395,676120.3734215,834522.8672025,310,293,473,26,2,Rice,99.17817184595678,Maize,0.7008642700736748,Moong,0.10140991263586095,0.8022741827095357,Chhattisgarh:Sukma,1,-10.568450654907153,217021.18417
Chhattisgarh:Sukma,Sukma,Chhattisgarh,Rabi,203.8575,203.8575,407.715,807.96758,1811,1817,1813,64,10,Moong,96.33939393939394,Gram,3.6606060606060606,,,100.0,Chhattisgarh:Sukma,1,-10.568450654907153,217021.18417
Chhattisgarh:Surajpur,Surajpur,Chhattisgarh,Kharif,291803.45404,697345.9473806,928637.7320465,1177246.4480455,203,190,324,18,2,Rice,93.16072669849046,Maize,4.687327938320343,Groundnut,1.4271613808748802,4.698950692412204,Chhattisgarh:Surajpur,1,-12.172875198458094,341249.39130333334
Chhattisgarh:Surajpur,Surajpur,Chhattisgarh,Rabi,21220.87387,14525.0356594,15977.8601094,43894.57219,1442,1380,1392,43,8,Wheat,75.90334801006979,Gram,18.18546964427712,Rapeseed & Mustard,5.9111823456530885,18.18546964427712,Chhattisgarh:Surajpur,1,-12.172875198458094,341249.39130333334
Chhattisgarh:Surguja,Surguja,Chhattisgarh,Kharif,283032.93606,680168.4004626,906237.4859531,1141663.6897505,210,200,341,20,2,Rice,93.47214674782703,Maize,5.290900551258088,Groundnut,0.7691575980957308,5.297204585342477,Chhattisgarh:Surguja,1,-13.203776973370374,337804.05129333335
Chhattisgarh:Surguja,Surguja,Chhattisgarh,Rabi,22694.70182,14868.1261022,17547.3819822,48068.65952,1427,1378,1376,42,8,Wheat,63.08943022799594,Gram,30.537385949856535,Rapeseed & Mustard,6.373183822147524,30.537385949856535,Chhattisgarh:Surguja,1,-13.203776973370374,337804.05129333335
Chhattisgarh:Uttar Bastar Kanker,Uttar Bastar Kanker,Chhattisgarh,Kharif,426838.61262,1083352.7008836,1422867.9175354,1758447.942643,98,90,174,4,1,Rice,98.41137809550494,Maize,1.5710141780917526,Moong,0.010708081763760011,1.5817222598555125,Chhattisgarh:Uttar Bastar Kanker,1,-10.670295377397972,459028.40375
Chhattisgarh:Uttar Bastar Kanker,Uttar Bastar Kanker,Chhattisgarh,Rabi,389.25663,343.8653484,570.6290184,1013.13471,1783,1791,1798,61,10,Gram,76.72441566809741,Wheat,19.422648555582114,Moong,2.75407655293543,79.47849222103284,Chhattisgarh:Uttar Bastar Kanker,1,-10.670295377397972,459028.40375
Goa:North Goa,North Goa,Goa,Kharif,26410.048,43808.06248,57266.80876,105605.598,1165,1130,1176,2,7,Rice,99.8878128511242,Sugarcane,0.0604084647792761,Groundnut,0.05177868409652237,,Goa:North Goa,1,277.62967255867864,24264.396333333334
Goa:North Goa,North Goa,Goa,Rabi,5792.024,9526.6934,12546.0083,23168.096,1476,1442,1506,4,8,Rice,97.87288519488705,Groundnut,2.127114805112954,,,,Goa:North Goa,1,277.62967255867864,24264.396333333334
Goa:South Goa,South Goa,Goa,Kharif,32664.149,53517.95582,69632.26109,129589.124,1117,1093,1122,1,6,Rice,98.46698644666976,Sugarcane,1.5330135533302414,,,,Goa:South Goa,1,139.96872744767862,39741.093
Goa:South Goa,South Goa,Goa,Rabi,16634.772,27613.72152,36097.45524,66539.088,1278,1223,1288,3,7,Rice,100.0,,,,,,Goa:South Goa,1,139.96872744767862,39741.093
Gujarat:Ahmedabad,Ahmedabad,Gujarat,Kharif,493094.37576,854548.94462,1095417.7364466,2095701.03589,154,128,128,9,1,Rice,70.93099988233367,Cotton,27.810478296272393,Moong,1.069311658034397,1.069311658034397,Gujarat:Ahmedabad,3,-3.1010145137234826,2707103.514616667
Gujarat:Ahmedabad,Ahmedabad,Gujarat,Rabi,482260.27626,466410.4460736,581827.1495736,1079937.25602,358,339,364,24,2,Wheat,60.19725879457174,Gram,39.6738803215301,Rapeseed & Mustard,0.1288608838981582,39.6738803215301,Gujarat:Ahmedabad,3,-3.1010145137234826,2707103.514616667
Gujarat:Ahmedabad,Ahmedabad,Gujarat,Summer,89188.10103,142027.4273404,188270.4656056,349861.84765,835,801,825,49,5,Rice,98.2715448276327,Bajra,1.2034395163957183,Moong,0.4987399361761979,0.525015655971586,Gujarat:Ahmedabad,3,-3.1010145137234826,2707103.514616667
Gujarat:Amreli,Amreli,Gujarat,Kharif,1302736.84898,2221255.93116,2981757.8922712,6126078.68768,21,17,15,1,1,Cotton,72.58577774251926,Groundnut,25.0437588308421,Soybean,2.0224788312395634,0.2729972302949012,Gujarat:Amreli,1,1.0527593839601759,1605889.8860666666
Gujarat:Amreli,Amreli,Gujarat,Rabi,283155.54708,280075.304733,466575.462913,752811.25234,451,558,508,30,3,Gram,79.86164510958855,Wheat,20.04974692817125,Maize,0.08261814661091121,79.94426325619946,Gujarat:Amreli,1,1.0527593839601759,1605889.8860666666
Gujarat:Amreli,Amreli,Gujarat,Summer,18254.11714,8253.26355,23107.0904694,53014.76138,1378,1464,1349,81,8,Moong,42.66695685056536,Groundnut,28.7679437132208,Bajra,28.565099436213835,42.66695685056536,Gujarat:Amreli,1,1.0527593839601759,1605889.8860666666
Gujarat:Anand,Anand,Gujarat,Kharif,319036.2462,512080.524179,676133.4875127,1257204.37444,309,296,299,21,2,Rice,97.5522859201839,Cotton,1.311254294564647,Bajra,1.0991828266841175,0.03362235478622555,Gujarat:Anand,1,-0.10120519550668006,573195.5390233333
Gujarat:Anand,Anand,Gujarat,Rabi,147237.03071,140486.5282961,163236.2839961,317223.81712,874,805,858,53,5,Wheat,71.84066296265466,Gram,27.852212931462123,Rapeseed & Mustard,0.28593151367691716,27.873405523668417,Gujarat:Anand,1,-0.10120519550668006,573195.5390233333
Gujarat:Anand,Anand,Gujarat,Summer,118696.85716,41618.618104,116632.7547532,288340.2487,982,1141,890,58,6,Bajra,52.75325058590533,Rice,45.5137640410946,Moong,1.6990875197909439,1.6990875197909439,Gujarat:Anand,1,-0.10120519550668006,573195.5390233333
Gujarat:Arvalli,Arvalli,Gujarat,Kharif,373730.07679,547194.4828714,868150.1610999,1592436.79014,224,277,206,16,2,Soybean,30.59844012047959,Groundnut,28.052885073642827,Cotton,23.553947323229213,17.119035867217686,Gujarat:Arvalli,2,2.274488193527876,1274082.58936
Gujarat:Arvalli,Arvalli,Gujarat,Rabi,255211.27989,242510.4646755,289811.9775355,557724.07264,649,621,651,39,4,Wheat,67.01194562740622,Gram,18.160263826070857,Maize,14.482633311750776,32.642897137821635,Gujarat:Arvalli,2,2.274488193527876,1274082.58936
Gujarat:Arvalli,Arvalli,Gujarat,Summer,20359.13733,6074.7064,21577.1372138,51752.47574,1398,1508,1355,82,8,Bajra,43.69311980724834,Groundnut,31.517789930216253,Moong,14.45211451872127,24.78909026253541,Gujarat:Arvalli,2,2.274488193527876,1274082.58936
Gujarat:Banas Kantha,Banas Kantha,Gujarat,Kharif,821465.21982,578609.33529,1238879.2373006,2684507.79282,126,255,84,8,1,Groundnut,59.29208519795122,Bajra,17.403460814985408,Cotton,16.183853663482726,7.052386895301606,Gujarat:Banas Kantha,1,3.593401669564094,1832041.18461
Gujarat:Banas Kantha,Banas Kantha,Gujarat,Rabi,579627.88149,223019.7573303,226800.3379103,1163036.34356,764,655,331,44,5,Wheat,73.51109019155847,Rapeseed & Mustard,23.155069466902688,Maize,2.17900909916394,3.333840341538845,Gujarat:Banas Kantha,1,3.593401669564094,1832041.18461
Gujarat:Banas Kantha,Banas Kantha,Gujarat,Summer,501314.30552,73841.75785,429815.3971622,1148791.39921,487,999,339,33,3,Bajra,65.64024539952241,Groundnut,33.31640676566102,Maize,0.7076189173493573,1.0433478348165572,Gujarat:Banas Kantha,1,3.593401669564094,1832041.18461
Gujarat:Bharuch,Bharuch,Gujarat,Kharif,421678.1268,690504.2307198,817652.7685291,1799718.84904,248,196,165,17,2,Cotton,69.91038504673712,Sugarcane,17.06887825880736,Rice,6.531604112485715,1.1436401440701782,Gujarat:Bharuch,1,25.854390654966004,489474.33605
Gujarat:Bharuch,Bharuch,Gujarat,Rabi,96620.94316,95204.0549572,144595.3913572,289010.03796,919,925,888,55,5,Moong,64.1470171416922,Wheat,31.683387781030266,Gram,4.1695950772775365,68.31661221896974,Gujarat:Bharuch,1,25.854390654966004,489474.33605
Gujarat:Bharuch,Bharuch,Gujarat,Summer,16814.88319,25264.7157784,35049.4137014,65846.31844,1286,1250,1294,74,7,Rice,85.82423441393675,Moong,11.05419107151924,Groundnut,1.720352372045285,11.138791630754318,Gujarat:Bharuch,1,25.854390654966004,489474.33605
Gujarat:Bhavnagar,Bhavnagar,Gujarat,Kharif,917370.73435,1532866.26808,2053967.0126962,4254144.91306,55,48,39,4,1,Cotton,75.01955217368963,Groundnut,23.33069533044534,Bajra,0.8867582397193041,0.5269570325665642,Gujarat:Ahmedabad,3,-3.1010145137234826,2707103.514616667
Gujarat:Bhavnagar,Bhavnagar,Gujarat,Rabi,82556.01116,81099.623528,116285.576288,200297.97508,984,972,992,59,6,Gram,58.51900785310231,Wheat,39.4788513962393,Maize,1.9974446308348333,60.516452483937144,Gujarat:Ahmedabad,3,-3.1010145137234826,2707103.514616667
Gujarat:Bhavnagar,Bhavnagar,Gujarat,Summer,42709.57943,22329.21621,58109.4721452,129968.79315,1164,1286,1119,67,7,Groundnut,65.25191680498185,Bajra,23.147757549043735,Moong,11.225866453751363,11.600325645974424,Gujarat:Ahmedabad,3,-3.1010145137234826,2707103.514616667
Gujarat:Botad,Botad,Gujarat,Kharif,412345.75284,806739.9872,982371.491416,2043561.9722,183,142,139,12,1,Cotton,96.34646614711244,Groundnut,3.461100149699053,Moong,0.12175260076775876,0.12175260076775876,Gujarat:Ahmedabad,3,-3.1010145137234826,2707103.514616667
Gujarat:Botad,Botad,Gujarat,Rabi,59168.11971,57818.5689753,72001.6641953,132519.33464,1105,1068,1110,65,6,Wheat,60.60342388328902,Gram,39.39657611671098,,,39.39657611671098,Gujarat:Ahmedabad,3,-3.1010145137234826,2707103.514616667
Gujarat:Botad,Botad,Gujarat,Summer,2806.09231,976.045,3159.9212246,7564.27462,1673,1727,1657,99,9,Moong,44.88417524330964,Bajra,38.22345997732566,Groundnut,16.892364779364698,44.88417524330964,Gujarat:Ahmedabad,3,-3.1010145137234826,2707103.514616667
Gujarat:Chhotaudepur,Chhotaudepur,Gujarat,Kharif,376668.21934,710775.919854,904087.653931,1787706.99681,211,183,168,14,2,Cotton,73.34132228937676,Soybean,11.327638491103217,Rice,8.615785686743257,6.685735598443772,Gujarat:Chhotaudepur,2,3.464833586456163,828565.8195266667
Gujarat:Chhotaudepur,Chhotaudepur,Gujarat,Rabi,63863.41507,63737.1575953,123391.9901753,187381.66272,964,1042,1011,56,6,Maize,93.80797232912333,Wheat,3.3084197843801206,Gram,2.883607886496551,96.69158021561988,Gujarat:Chhotaudepur,2,3.464833586456163,828565.8195266667
Gujarat:Chhotaudepur,Chhotaudepur,Gujarat,Summer,5265.72571,4849.23866,9973.358773,18612.75808,1518,1547,1552,91,9,Moong,49.60057361409834,Maize,32.429810193493175,Groundnut,15.21345892125764,82.03038380759152,Gujarat:Chhotaudepur,2,3.464833586456163,828565.8195266667
Gujarat:Dahod,Dahod,Gujarat,Kharif,482915.58546,621114.8886978,1054412.2957571,1695093.96623,164,231,189,11,1,Maize,58.790656912332,Rice,20.21214920564577,Soybean,20.169199184774207,58.790656912332,Gujarat:Dahod,1,1.5131733805305472,818612.7386033334
Gujarat:Dahod,Dahod,Gujarat,Rabi,344008.39459,339630.2182273,537699.4007273,886085.97168,393,472,441,27,3,Gram,42.8746780614173,Maize,30.798151862547186,Wheat,26.32717007603551,73.67282992396449,Gujarat:Dahod,1,1.5131733805305472,818612.7386033334
Gujarat:Dahod,Dahod,Gujarat,Summer,6421.04176,6355.412,12754.1396416,25552.90752,1473,1502,1492,88,8,Moong,76.21616661851557,Groundnut,23.444213126279465,Bajra,0.3396202552049687,76.21616661851557,Gujarat:Dahod,1,1.5131733805305472,818612.7386033334
Gujarat:Dangs,Dangs,Gujarat,Kharif,89790.7038,142130.1690494,192664.4983753,358478.3482,829,799,817,47,5,Rice,85.59961090187184,Groundnut,9.080360277855346,Soybean,3.393640335991568,0.879822704387409,Gujarat:Dangs,1,2.031170685279188,126218.97652
Gujarat:Dangs,Dangs,Gujarat,Rabi,35232.87705,35232.87705,70465.7541,105698.63115,1111,1176,1175,66,6,Gram,98.8147462399753,Maize,1.1852537600246869,,,100.0,Gujarat:Dangs,1,2.031170685279188,126218.97652
Gujarat:Dangs,Dangs,Gujarat,Summer,2125.08471,2164.22535,4260.2511,8500.33884,1639,1657,1646,97,9,Moong,56.492082825822166,Groundnut,40.48721071863581,Rice,3.020706455542022,56.492082825822166,Gujarat:Dangs,1,2.031170685279188,126218.97652
Gujarat:Devbhumi Dwarka,Devbhumi Dwarka,Gujarat,Kharif,541720.93766,565378.01985,1093293.495336,2190493.88383,155,266,115,10,1,Groundnut,94.264923369298,Cotton,5.045122676692445,Moong,0.4891311786645652,0.4891311786645652,Gujarat:Devbhumi Dwarka,5,-6.370969723253853,5626931.20206
Gujarat:Devbhumi Dwarka,Devbhumi Dwarka,Gujarat,Rabi,60035.68781,59064.3831764,105888.3258664,166895.31831,1006,1060,1054,60,6,Gram,88.44023608245176,Wheat,11.475731320685508,Rapeseed & Mustard,0.08403259686272456,88.44023608245176,Gujarat:Devbhumi Dwarka,5,-6.370969723253853,5626931.20206
Gujarat:Devbhumi Dwarka,Devbhumi Dwarka,Gujarat,Summer,3436.44441,3115.88158,6443.3346278,13104.65198,1589,1619,1610,95,9,Moong,88.66222336725927,Groundnut,8.054205624536879,Bajra,3.2835710082038463,88.66222336725927,Gujarat:Devbhumi Dwarka,5,-6.370969723253853,5626931.20206
Gujarat:Gandhinagar,Gandhinagar,Gujarat,Kharif,121421.75241,192302.1828112,264827.9463536,533020.71963,693,712,665,41,4,Cotton,49.85607682646487,Rice,24.318956775962068,Groundnut,22.902801073348844,1.6703055704301688,Gujarat:Gandhinagar,1,0.45624876733942543,228958.24746666665
Gujarat:Gandhinagar,Gandhinagar,Gujarat,Rabi,84298.43681,76305.0826769,79927.4698369,172219.26078,1080,990,1043,63,6,Wheat,89.85671174848434,Gram,8.285114408742103,Rapeseed & Mustard,1.0791025156432652,9.064185735872394,Gujarat:Gandhinagar,1,0.45624876733942543,228958.24746666665
Gujarat:Gandhinagar,Gandhinagar,Gujarat,Summer,20827.02118,308.18312,14084.6574988,42133.41636,1463,1796,1406,87,8,Bajra,96.47121742191923,Moong,1.7193034336875543,Rice,1.5989521933294255,1.7193034336875543,Gujarat:Gandhinagar,1,0.45624876733942543,228958.24746666665
Gujarat:Gir Somnath,Gir Somnath,Gujarat,Kharif,331766.51697,454976.65563,748889.1887246,1436232.57456,273,348,243,20,2,Groundnut,51.32773003101218,Soybean,33.375690516466605,Cotton,13.420041967378273,0.0890945456344899,Gujarat:Gir Somnath,2,2.906466543977716,1793111.5844833334
Gujarat:Gir Somnath,Gir Somnath,Gujarat,Rabi,175682.58967,170968.9194598,230004.1487898,410598.06396,754,749,768,43,4,Gram,50.8570757073176,Wheat,48.58424127032772,Maize,0.3051092789814586,51.334056051268966,Gujarat:Gir Somnath,2,2.906466543977716,1793111.5844833334
Gujarat:Gir Somnath,Gir Somnath,Gujarat,Summer,40242.4589,20313.94274,53780.7061456,121112.80328,1181,1306,1136,68,7,Moong,62.76064618530761,Bajra,24.456392651281842,Groundnut,12.782961163410553,62.76064618530761,Gujarat:Gir Somnath,2,2.906466543977716,1793111.5844833334
Gujarat:Jamnagar,Jamnagar,Gujarat,Kharif,809587.51818,1259032.39553,1804492.040204,3687794.95007,68,72,51,5,1,Cotton,58.54896948753291,Groundnut,39.6226221213572,Soybean,1.5347956046882323,0.29361278642165856,Gujarat:Devbhumi Dwarka,5,-6.370969723253853,5626931.20206
Gujarat:Jamnagar,Jamnagar,Gujarat,Rabi,216925.18582,210573.5806426,352355.0140026,575631.805,577,677,633,36,4,Gram,80.47646704352208,Wheat,19.343571048033127,Rapeseed & Mustard,0.17996190844479398,80.47646704352208,Gujarat:Devbhumi Dwarka,5,-6.370969723253853,5626931.20206
Gujarat:Jamnagar,Jamnagar,Gujarat,Summer,7907.02703,5456.04213,12529.734294,26721.19632,1477,1531,1485,89,8,Moong,53.71906204924987,Groundnut,33.291564067703284,Bajra,12.910489528693592,53.79794640360312,Gujarat:Devbhumi Dwarka,5,-6.370969723253853,5626931.20206
Gujarat:Junagadh,Junagadh,Gujarat,Kharif,767229.85857,1059789.06796,1748404.53102,3361021.50867,74,93,56,6,1,Groundnut,54.033278025701556,Soybean,27.84563022929108,Cotton,17.899473976850505,0.19787452152058196,Gujarat:Gir Somnath,2,2.906466543977716,1793111.5844833334
Gujarat:Junagadh,Junagadh,Gujarat,Rabi,442717.18449,435825.4533066,648818.2650166,1108977.46113,329,372,354,22,2,Gram,62.403462474910604,Wheat,34.344384801019565,Moong,3.2521527240698354,65.65561519898044,Gujarat:Gir Somnath,2,2.906466543977716,1793111.5844833334
Gujarat:Junagadh,Junagadh,Gujarat,Summer,26156.39985,18142.082,41573.613781,88596.9637,1238,1331,1212,71,7,Moong,66.41318482786913,Groundnut,20.86372160402401,Bajra,12.723093568106865,66.41318482786913,Gujarat:Gir Somnath,2,2.906466543977716,1793111.5844833334
Gujarat:Kachchh,Kachchh,Gujarat,Kharif,477197.2961,604475.56561,957688.0215546,1985423.5429,191,240,143,13,2,Cotton,44.53529120638414,Groundnut,33.088561634675685,Moong,18.878516154615216,18.878516154615216,Gujarat:Kachchh,1,2.236873492737096,666430.0425766667
Gujarat:Kachchh,Kachchh,Gujarat,Rabi,169768.69595,96613.2741644,98540.5800344,341464.69777,1032,918,830,61,6,Wheat,85.38975459919753,Rapeseed & Mustard,10.698545531921672,Gram,3.9116998688807953,3.9116998688807953,Gujarat:Kachchh,1,2.236873492737096,666430.0425766667
Gujarat:Kachchh,Kachchh,Gujarat,Summer,28698.39168,13593.61346,37156.3805452,84584.01028,1268,1390,1224,72,7,Groundnut,57.555302390083455,Bajra,26.83026031847403,Moong,15.614437291442513,15.614437291442513,Gujarat:Kachchh,1,2.236873492737096,666430.0425766667
Gujarat:Kheda,Kheda,Gujarat,Kharif,364418.40981,579100.4677906,772133.1881613,1466422.38771,265,254,238,18,2,Rice,79.67217836985253,Cotton,13.64200655107645,Groundnut,4.097555401723082,0.36355837089255905,Gujarat:Kheda,3,2.881070071244067,1379536.5503266666
Gujarat:Kheda,Kheda,Gujarat,Rabi,193228.79002,180924.5880967,186244.4781267,391777.47007,839,730,788,50,5,Wheat,93.73320072353502,Gram,5.492562336823175,Rapeseed & Mustard,0.5539963160669314,5.712802960398041,Gujarat:Kheda,3,2.881070071244067,1379536.5503266666
Gujarat:Kheda,Kheda,Gujarat,Summer,94729.19498,60681.659101,118693.8047337,264237.71934,979,1050,917,57,6,Rice,64.33848573717339,Bajra,31.847356876805417,Groundnut,2.131916038648599,1.682241347372602,Gujarat:Kheda,3,2.881070071244067,1379536.5503266666
Gujarat:Mahesana,Mahesana,Gujarat,Kharif,175487.13357,269340.8868556,378376.0974448,774905.8471,551,570,494,35,3,Cotton,58.49985068052347,Groundnut,27.140856305010587,Rice,9.216937600633653,3.0473586460313187,Gujarat:Mahesana,1,-0.5781136693255983,428480.92158666666
Gujarat:Mahesana,Mahesana,Gujarat,Rabi,224505.76904,168793.3119425,171400.1428125,451618.36895,857,756,737,52,5,Wheat,92.52883781823424,Rapeseed & Mustard,4.429355066293638,Gram,2.393062031743457,3.04180711547212,Gujarat:Mahesana,1,-0.5781136693255983,428480.92158666666
Gujarat:Mahesana,Mahesana,Gujarat,Summer,33646.74215,4172.80241,27521.2557116,75126.99908,1344,1579,1256,79,8,Bajra,71.29685559125693,Groundnut,23.14822712582408,Rice,3.0588901859051756,2.496027097013821,Gujarat:Mahesana,1,-0.5781136693255983,428480.92158666666
Gujarat:Mahisagar,Mahisagar,Gujarat,Kharif,204681.01017,298523.5243592,437768.2103396,774422.09943,478,529,495,32,3,Rice,50.738468681426674,Maize,30.641518701401687,Cotton,12.869387731077037,30.681030478619547,Gujarat:Kheda,3,2.881070071244067,1379536.5503266666
Gujarat:Mahisagar,Mahisagar,Gujarat,Rabi,123943.23494,121149.9001559,179587.9876259,306324.55735,846,855,870,51,5,Gram,37.1213330141384,Wheat,34.84845659402792,Maize,27.958841047093877,65.08017406123227,Gujarat:Kheda,3,2.881070071244067,1379536.5503266666
Gujarat:Mahisagar,Mahisagar,Gujarat,Summer,18809.86975,9244.06042,24489.100013,55147.25909,1365,1445,1339,80,8,Groundnut,35.88318490812315,Moong,30.55253045652217,Bajra,26.558555518771158,33.68271335255786,Gujarat:Kheda,3,2.881070071244067,1379536.5503266666
Gujarat:Morbi,Morbi,Gujarat,Kharif,684472.4362,1227579.23421,1586780.64643,3280625.89281,85,76,59,7,1,Cotton,81.96344055784238,Groundnut,17.60145227056883,Soybean,0.2966590965544437,0.12303138838958116,Gujarat:Devbhumi Dwarka,5,-6.370969723253853,5626931.20206
Gujarat:Morbi,Morbi,Gujarat,Rabi,128340.00879,117925.5807177,156150.7152177,294905.15208,894,865,878,54,5,Wheat,50.27647799790613,Gram,48.95928199458814,Rapeseed & Mustard,0.764240007505729,48.95928199458814,Gujarat:Devbhumi Dwarka,5,-6.370969723253853,5626931.20206
Gujarat:Morbi,Morbi,Gujarat,Summer,3410.89427,1260.28413,3939.9709524,9342.3568,1644,1705,1641,98,9,Groundnut,53.31253162464305,Bajra,36.02571464480932,Moong,10.66175373054763,10.66175373054763,Gujarat:Devbhumi Dwarka,5,-6.370969723253853,5626931.20206
Gujarat:Narmada,Narmada,Gujarat,Kharif,196425.4733,354655.1606612,440344.6993064,897349.90163,473,456,431,31,3,Cotton,73.8286517685067,Rice,13.751369697371059,Maize,5.621535151664359,5.710208279923888,Gujarat:Narmada,1,6.561874860390658,203726.28166333333
Gujarat:Narmada,Narmada,Gujarat,Rabi,11795.66444,11678.5627616,19570.8379216,31483.60404,1414,1413,1452,84,8,Maize,53.129907067105904,Gram,27.52351402417431,Wheat,19.34657890871979,80.65342109128021,Gujarat:Narmada,1,6.561874860390658,203726.28166333333
Gujarat:Narmada,Narmada,Gujarat,Summer,3962.86625,3341.90395,7093.643018,12992.36974,1576,1612,1613,93,9,Moong,46.46786667493394,Maize,45.59492649676496,Bajra,5.77749848646246,92.0627931716989,Gujarat:Narmada,1,6.561874860390658,203726.28166333333
Gujarat:Navsari,Navsari,Gujarat,Kharif,152183.77503,226185.8152834,283386.2823883,568709.24908,660,646,644,40,4,Rice,85.7834413506307,Sugarcane,14.146802273607573,Soybean,0.06801246636769369,0.001743909394043428,Gujarat:Navsari,1,-0.968991359422242,172585.98189
Gujarat:Navsari,Navsari,Gujarat,Rabi,4645.2329,4644.4945652,9265.1163052,13911.08754,1532,1557,1601,92,9,Gram,92.80815476837539,Maize,6.934181707351288,Wheat,0.2576635242733164,99.74233647572669,Gujarat:Navsari,1,-0.968991359422242,172585.98189
Gujarat:Navsari,Navsari,Gujarat,Summer,13943.70474,22649.1375684,30129.7179358,55737.72925,1325,1283,1337,78,8,Rice,94.9972648160472,Moong,4.674522951064605,Maize,0.24620018069223387,4.92072313175684,Gujarat:Navsari,1,-0.968991359422242,172585.98189
Gujarat:Panch Mahals,Panch Mahals,Gujarat,Kharif,291523.02025,403983.3506562,619569.7775869,1062309.24086,339,396,372,23,2,Maize,44.72122751034887,Rice,41.097364303117,Cotton,11.801889808891486,44.75393117139398,Gujarat:Kheda,3,2.881070071244067,1379536.5503266666
Gujarat:Panch Mahals,Panch Mahals,Gujarat,Rabi,114153.10823,112184.7202553,188400.0959953,304521.5922,834,890,871,48,5,Maize,75.84549638635255,Wheat,19.023797374388874,Gram,5.062504575495512,80.90800096184806,Gujarat:Kheda,3,2.881070071244067,1379536.5503266666
Gujarat:Panch Mahals,Panch Mahals,Gujarat,Summer,18615.84683,17918.7288042,30765.2134223,62028.54931,1320,1333,1310,76,7,Rice,54.621972834159834,Moong,22.552808734850913,Bajra,12.460182257735873,27.873554076449857,Gujarat:Kheda,3,2.881070071244067,1379536.5503266666
Gujarat:Patan,Patan,Gujarat,Kharif,146369.26493,249536.77665,320464.1960814,674231.00605,623,610,554,38,4,Cotton,88.04881684577589,Moong,6.6440392157231045,Bajra,2.968491729723107,6.6440392157231045,Gujarat:Patan,1,-6.552362269253622,464438.80651
Gujarat:Patan,Patan,Gujarat,Rabi,287834.80565,220247.9953646,336010.6141546,691432.23009,595,661,543,37,4,Gram,68.90414404393613,Wheat,28.220661986668926,Rapeseed & Mustard,2.8751939693949518,68.90414404393613,Gujarat:Patan,1,-6.552362269253622,464438.80651
Gujarat:Patan,Patan,Gujarat,Summer,16613.64495,264.42171,11319.3307584,33756.13332,1500,1802,1443,90,8,Bajra,95.32796212702284,Groundnut,4.4537387479899015,Moong,0.21829912498725132,0.21829912498725132,Gujarat:Patan,1,-6.552362269253622,464438.80651
Gujarat:Porbandar,Porbandar,Gujarat,Kharif,222574.65783,261430.91044,467104.135834,929154.88393,449,586,419,29,3,Groundnut,78.64155811511482,Cotton,14.47337425589094,Soybean,6.863907465249695,0.02116016374454151,Gujarat:Porbandar,1,-11.557035045372606,397338.85093
Gujarat:Porbandar,Porbandar,Gujarat,Rabi,118084.54336,116865.1634227,194303.7088727,315732.5192,827,874,860,46,5,Gram,77.52158603348379,Wheat,20.291232834125022,Moong,2.1871811323911894,79.70876716587497,Gujarat:Porbandar,1,-11.557035045372606,397338.85093
Gujarat:Porbandar,Porbandar,Gujarat,Summer,16974.7816,16419.44906,33205.4175964,66788.46132,1303,1354,1285,75,7,Moong,98.89620579131119,Bajra,1.1037942086888153,,,98.89620579131119,Gujarat:Porbandar,1,-11.557035045372606,397338.85093
Gujarat:Rajkot,Rajkot,Gujarat,Kharif,1207194.10196,1849422.22332,2693241.9935246,5469857.96049,24,30,23,2,1,Cotton,53.903877341378596,Groundnut,41.4821786005913,Soybean,4.278174542689774,0.3068297048638203,Gujarat:Devbhumi Dwarka,5,-6.370969723253853,5626931.20206
Gujarat:Rajkot,Rajkot,Gujarat,Rabi,359227.43185,352470.0916849,500082.8873649,866067.65938,420,458,449,28,3,Gram,59.03533170583781,Wheat,40.952013929936,Rapeseed & Mustard,0.012654364226189613,59.03533170583781,Gujarat:Devbhumi Dwarka,5,-6.370969723253853,5626931.20206
Gujarat:Rajkot,Rajkot,Gujarat,Summer,9490.74035,7637.98455,16498.787928,34247.5658,1436,1478,1442,85,8,Moong,51.27956281953126,Groundnut,41.18905467271971,Bajra,7.411567645673904,51.39937768160638,Gujarat:Devbhumi Dwarka,5,-6.370969723253853,5626931.20206
Gujarat:Sabar Kantha,Sabar Kantha,Gujarat,Kharif,399541.32736,598007.789827,900295.5626917,1757879.80291,216,244,175,15,2,Cotton,38.83945012042029,Groundnut,36.47911118189806,Soybean,14.731547182513145,5.413490078112247,Gujarat:Arvalli,2,2.274488193527876,1274082.58936
Gujarat:Sabar Kantha,Sabar Kantha,Gujarat,Rabi,232659.79723,218535.5866813,234100.0697413,480884.07752,747,664,713,42,4,Wheat,86.19952853777369,Gram,9.05616480312385,Maize,4.241125605375425,13.297290408499276,Gujarat:Arvalli,2,2.274488193527876,1274082.58936
Gujarat:Sabar Kantha,Sabar Kantha,Gujarat,Summer,30103.89648,16231.5048,41609.9616968,87877.13669,1237,1360,1214,70,7,Groundnut,30.822739596480638,Moong,24.1335149336902,Maize,22.962565093480492,47.09608002717069,Gujarat:Arvalli,2,2.274488193527876,1274082.58936
Gujarat:Surat,Surat,Gujarat,Kharif,359090.68671,466008.514202,554268.356901,1259102.57193,383,341,296,26,3,Rice,41.711701685740394,Sugarcane,37.9379045983602,Soybean,12.281834142691103,1.7092646047791922,Gujarat:Surat,1,2.973321733205164,406940.03674333333
Gujarat:Surat,Surat,Gujarat,Rabi,14153.66561,13832.1675065,19829.1856665,34304.34938,1412,1388,1441,83,8,Wheat,39.453278455689926,Gram,31.900262705626826,Maize,28.58651936260037,60.4867820682272,Gujarat:Surat,1,2.973321733205164,406940.03674333333
Gujarat:Surat,Surat,Gujarat,Summer,44980.13191,68625.553451,95930.5247565,178202.36721,1039,1021,1034,62,6,Rice,81.42191401304471,Moong,12.822186609759536,Maize,3.1189603805406763,15.941146990300213,Gujarat:Surat,1,2.973321733205164,406940.03674333333
Gujarat:Surendranagar,Surendranagar,Gujarat,Kharif,1058643.53707,2036360.1522614,2500978.4569063,5201340.56799,31,19,24,3,1,Cotton,94.2031430074117,Groundnut,4.894210869429568,Rice,0.4253652497454746,0.21026504028767085,Gujarat:Devbhumi Dwarka,5,-6.370969723253853,5626931.20206
Gujarat:Surendranagar,Surendranagar,Gujarat,Rabi,159209.96469,149737.3412178,213487.0902878,382169.67845,787,787,798,45,5,Gram,59.722345725036156,Wheat,39.7985653022671,Rapeseed & Mustard,0.47908897269674805,59.722345725036156,Gujarat:Devbhumi Dwarka,5,-6.370969723253853,5626931.20206
Gujarat:Surendranagar,Surendranagar,Gujarat,Summer,5020.55309,3296.65994,6963.191515,15215.57786,1579,1614,1589,94,9,Groundnut,40.95437665123591,Rice,33.49757715230672,Bajra,23.063984116197325,2.484062080260046,Gujarat:Devbhumi Dwarka,5,-6.370969723253853,5626931.20206
Gujarat:Tapi,Tapi,Gujarat,Kharif,284750.15751,441235.9924658,561923.9327471,1115974.7648,376,365,351,25,2,Rice,65.69761772778047,Cotton,12.516579262989753,Sugarcane,11.232426366222562,1.480144673557317,Gujarat:Tapi,1,1.6847473450811064,318769.28759666666
Gujarat:Tapi,Tapi,Gujarat,Rabi,23362.98377,23066.7588074,36555.5771574,60214.78589,1273,1279,1318,73,7,Gram,63.537934581066224,Wheat,26.2010374399495,Maize,10.261027978984279,73.7989625600505,Gujarat:Tapi,1,1.6847473450811064,318769.28759666666
Gujarat:Tapi,Tapi,Gujarat,Summer,14847.76951,17187.5762128,30197.1139666,55739.95315,1323,1342,1336,77,8,Moong,29.83420312936072,Rice,26.492933091051814,Maize,22.944691296206408,52.77889442556713,Gujarat:Tapi,1,1.6847473450811064,318769.28759666666
Gujarat:Vadodara,Vadodara,Gujarat,Kharif,322479.73296,615016.4765122,764326.9151679,1526045.19613,267,236,219,19,2,Cotton,68.80504493924256,Rice,23.730179187011494,Soybean,7.20332398969695,0.15388650807117327,Gujarat:Chhotaudepur,2,3.464833586456163,828565.8195266667
Gujarat:Vadodara,Vadodara,Gujarat,Rabi,66147.85457,64330.8778616,72126.8581516,140170.76143,1104,1039,1096,64,6,Wheat,78.36833554123986,Maize,18.3834237894166,Gram,3.014730761500339,21.617412680347176,Gujarat:Chhotaudepur,2,3.464833586456163,828565.8195266667
Gujarat:Vadodara,Vadodara,Gujarat,Summer,34200.69093,23598.240267,45388.9576245,98974.96602,1219,1265,1196,69,7,Rice,58.92564724170536,Bajra,27.245580985373483,Moong,12.20535445169529,13.763443108083091,Gujarat:Chhotaudepur,2,3.464833586456163,828565.8195266667
Gujarat:Valsad,Valsad,Gujarat,Kharif,200221.57176,323366.9623128,418566.7711036,787290.64736,503,489,488,34,3,Rice,96.73178698731101,Sugarcane,3.2481411852530755,Groundnut,0.020071827435915974,,Gujarat:Valsad,1,-0.7299981328478737,207164.06865
Gujarat:Valsad,Valsad,Gujarat,Rabi,7832.8229,7832.8229,15665.6458,23498.4687,1444,1475,1502,86,8,Gram,100.0,,,,,100.0,Gujarat:Valsad,1,-0.7299981328478737,207164.06865
Gujarat:Valsad,Valsad,Gujarat,Summer,2144.80329,3490.2464814,4636.1601293,8579.21316,1629,1603,1644,96,9,Rice,95.416336061022,Moong,3.3045019094957686,Groundnut,1.279162029482233,3.3045019094957686,Gujarat:Valsad,1,-0.7299981328478737,207164.06865
Haryana:Ambala,Ambala,Haryana,Kharif,253558.40328,387737.0005824,476418.2214288,609935.828208,445,418,603,13,3,Rice,95.29770710011601,Sugarcane,4.450119463612599,Maize,0.22821125454423585,0.22821125454423585,Haryana:Ambala,1,0.6249937776892827,495248.15701666666
Haryana:Ambala,Ambala,Haryana,Rabi,245943.25077,229307.5988469,229307.5988469,491886.50154,757,641,702,30,5,Wheat,99.37521224451156,Rapeseed & Mustard,0.6247877554884477,,,,Haryana:Ambala,1,0.6249937776892827,495248.15701666666
Haryana:Bhiwani,Bhiwani,Haryana,Kharif,567177.42676,699947.8762808,990629.2808496,2056017.457886,178,187,135,3,1,Cotton,66.85720731290934,Rice,13.901091267108148,Bajra,12.254959624843904,6.50033884974338,Haryana:Bhiwani,2,-5.809415238011722,1657285.2034666666
Haryana:Bhiwani,Bhiwani,Haryana,Rabi,634455.46731,280161.7744128,285608.2784828,1274357.43869,655,557,287,25,4,Wheat,78.01051969724953,Rapeseed & Mustard,18.175512375117023,Gram,3.813967927633443,3.813967927633443,Haryana:Bhiwani,2,-5.809415238011722,1657285.2034666666
Haryana:Charkhi Dadri,Charkhi Dadri,Haryana,Kharif,235293.29019,185497.4417002,313770.8031724,702951.1709465,634,721,536,24,4,Cotton,56.228749844217226,Bajra,28.63886158031938,Rice,13.832984692508797,0.37800840231406535,Haryana:Bhiwani,2,-5.809415238011722,1657285.2034666666
Haryana:Charkhi Dadri,Charkhi Dadri,Haryana,Rabi,155537.93514,78483.1293183,78804.9770683,311397.71803,1085,977,864,41,6,Wheat,84.96516547459787,Rapeseed & Mustard,14.218013654504457,Gram,0.8168208708976735,0.8168208708976735,Haryana:Bhiwani,2,-5.809415238011722,1657285.2034666666
Haryana:Faridabad,Faridabad,Haryana,Kharif,43846.26414,55846.2239412,75085.5515144,103544.040229,1095,1078,1181,42,6,Rice,87.8150663936385,Bajra,7.189328027995821,Cotton,2.1325114721877196,2.1061841700619452,Haryana:Faridabad,1,-2.916793282686925,123422.34814
Haryana:Faridabad,Faridabad,Haryana,Rabi,76148.01628,70999.1925916,70999.1925916,152296.03256,1110,1008,1076,43,6,Wheat,99.3756303644889,Rapeseed & Mustard,0.6243696355111045,,,,Haryana:Faridabad,1,-2.916793282686925,123422.34814
Haryana:Fatehabad,Fatehabad,Haryana,Kharif,453801.99165,747823.976207,923479.550434,1356160.6658775,205,169,265,5,2,Rice,70.52822405519511,Cotton,28.4421475144264,Bajra,0.582778253992819,0.048163492065522236,Haryana:Fatehabad,1,-4.961986863711002,984361.3893633334
Haryana:Fatehabad,Fatehabad,Haryana,Rabi,490109.60544,438598.6143525,439762.1835425,981382.78007,474,367,397,15,3,Wheat,98.17424708615854,Rapeseed & Mustard,1.2965718093513507,Gram,0.529181104490104,0.529181104490104,Haryana:Fatehabad,1,-4.961986863711002,984361.3893633334
Haryana:Gurugram,Gurugram,Haryana,Kharif,115551.94133,22304.4899014,95054.7512068,247923.0666255,1041,1287,934,38,6,Bajra,71.28758125154341,Rice,16.98322914093866,Cotton,11.72918960751792,,Haryana:Gurugram,1,0.60695254764683,261402.30449666668
Haryana:Gurugram,Gurugram,Haryana,Rabi,140108.07216,85155.4319952,85155.4319952,280216.14432,1065,951,900,39,6,Wheat,90.77677921891969,Rapeseed & Mustard,9.223220781080313,,,,Haryana:Gurugram,1,0.60695254764683,261402.30449666668
Haryana:Hisar,Hisar,Haryana,Kharif,655437.34606,1003019.7673748,1297388.7786776,2304099.692741,115,103,100,2,1,Cotton,51.75774625432204,Rice,39.16739252173505,Moong,4.517699009216193,4.536744957821657,Haryana:Hisar,1,2.7514490532624984,1469589.9461366667
Haryana:Hisar,Hisar,Haryana,Rabi,835659.70635,602127.3342798,612995.5582898,1682187.63671,343,242,192,9,2,Wheat,91.1828115246395,Rapeseed & Mustard,5.271249565029298,Gram,3.5459389103312016,3.5459389103312016,Haryana:Hisar,1,2.7514490532624984,1469589.9461366667
Haryana:Jhajjar,Jhajjar,Haryana,Kharif,248108.31626,260381.4638908,377630.0748696,611783.624711,553,587,602,19,3,Rice,70.02279687625773,Bajra,15.20604009620491,Cotton,13.364323277860503,0.07852128835405701,Haryana:Jhajjar,1,0.2180182152552763,555157.02487
Haryana:Jhajjar,Jhajjar,Haryana,Rabi,317448.99935,234555.3685412,234679.1409312,635021.77109,745,628,585,28,4,Wheat,95.05579182113948,Rapeseed & Mustard,4.8387259536326,Gram,0.10548222522792162,0.10548222522792162,Haryana:Jhajjar,1,0.2180182152552763,555157.02487
Haryana:Jind,Jind,Haryana,Kharif,477097.41828,745181.2352824,928813.3492288,1241474.625958,202,170,304,4,2,Rice,86.38027148242051,Cotton,11.761024762477954,Bajra,1.0552678434411205,0.015962302880670402,Haryana:Jind,1,-5.264923889915122,1041306.9928333333
Haryana:Jind,Jind,Haryana,Rabi,524036.88022,484611.9650134,484611.9650134,1048073.76044,435,319,379,12,3,Wheat,99.2430136140162,Rapeseed & Mustard,0.7569863859837971,,,,Haryana:Jind,1,-5.264923889915122,1041306.9928333333
Haryana:Kaithal,Kaithal,Haryana,Kharif,408767.91781,641440.1041398,794780.2869076,971798.2368535,258,218,405,7,2,Rice,98.24650406790722,Cotton,0.8580937540028442,Sugarcane,0.7928040118504538,,Haryana:Kaithal,1,-6.9601502326973845,888274.5199066667
Haryana:Kaithal,Kaithal,Haryana,Rabi,435959.04891,417628.9082427,417628.9082427,871918.09782,505,385,446,18,3,Wheat,99.80539855264816,Rapeseed & Mustard,0.19460144735184431,,,,Haryana:Kaithal,1,-6.9601502326973845,888274.5199066667
Haryana:Karnal,Karnal,Haryana,Kharif,433363.63406,671717.0818148,828207.3571576,1032761.050041,245,206,386,6,2,Rice,97.29499210476865,Sugarcane,2.649394479578929,Maize,0.04773683746989062,0.04773683746989062,Haryana:Karnal,1,-3.8243719806763283,906264.28123
Haryana:Karnal,Karnal,Haryana,Rabi,452120.17963,429258.4498237,429283.2092437,904265.11868,488,377,429,16,3,Wheat,99.65322910192023,Rapeseed & Mustard,0.3352356600518775,Gram,0.011535238027883971,0.011535238027883971,Haryana:Karnal,1,-3.8243719806763283,906264.28123
Haryana:Kurukshetra,Kurukshetra,Haryana,Kharif,301904.85262,463494.7797396,569462.8823352,724622.398157,367,342,521,11,2,Rice,95.89079978241216,Sugarcane,4.074486804978857,Maize,0.03471341260897855,0.03471341260897855,Haryana:Kurukshetra,1,-4.510350927716296,597863.96033
Haryana:Kurukshetra,Kurukshetra,Haryana,Rabi,271630.77837,251484.6558189,251484.6558189,543261.55674,716,603,657,27,4,Wheat,99.26170072128096,Rapeseed & Mustard,0.7382992787190404,,,,Haryana:Kurukshetra,1,-4.510350927716296,597863.96033
Haryana:Mahendragarh,Mahendragarh,Haryana,Kharif,341266.82009,116887.9077422,327077.9387764,857982.2422115,609,873,460,23,4,Bajra,57.036581585997396,Cotton,42.75397861535318,Moong,0.19642413132583803,0.19642413132583803,Haryana:Mahendragarh,1,1.5193496110630942,686868.7543433333
Haryana:Mahendragarh,Mahendragarh,Haryana,Rabi,355305.43594,108322.3080625,112753.7747525,715042.33857,997,894,525,36,6,Wheat,59.6843164853848,Rapeseed & Mustard,32.45525187988318,Gram,7.860431634732024,7.860431634732024,Haryana:Mahendragarh,1,1.5193496110630942,686868.7543433333
Haryana:Nuh,Nuh,Haryana,Kharif,136502.80903,56221.3024674,136386.8024988,302203.3877205,929,1071,872,35,5,Bajra,49.43275387704261,Rice,38.81980157080509,Cotton,10.914035469180362,,Haryana:Nuh,1,-0.31966099501843825,381724.11596666666
Haryana:Nuh,Nuh,Haryana,Rabi,244218.73987,172983.9648565,173008.7242765,488462.23916,856,747,705,34,5,Wheat,94.25451486243334,Rapeseed & Mustard,5.716862974027179,Gram,0.028622163539487013,0.028622163539487013,Haryana:Nuh,1,-0.31966099501843825,381724.11596666666
Haryana:Palwal,Palwal,Haryana,Kharif,194331.5479,248240.964482,330299.568284,572942.158565,602,615,637,21,4,Rice,53.233626794454814,Cotton,33.64693952746638,Bajra,8.877657016731991,0.07481087586149586,Haryana:Palwal,1,0.5322044404372817,439660.45865
Haryana:Palwal,Palwal,Haryana,Rabi,246505.84805,232987.5346085,232987.5346085,493011.6961,748,632,698,29,4,Wheat,99.59327072944382,Rapeseed & Mustard,0.4067292705561888,,,,Haryana:Palwal,1,0.5322044404372817,439660.45865
Haryana:Panchkula,Panchkula,Haryana,Kharif,42004.75139,58379.2583962,79848.9229244,104886.1947665,1081,1064,1179,40,6,Rice,74.84156947361735,Maize,22.590536402198495,Sugarcane,1.4854051332952434,22.590536402198495,Haryana:Panchkula,1,-3.7831344058121434,95205.96619333333
Haryana:Panchkula,Panchkula,Haryana,Rabi,49624.82119,44816.5381195,44866.0569595,99299.16122,1223,1125,1195,44,7,Wheat,98.63369834226049,Rapeseed & Mustard,1.14556088685028,Gram,0.22074077088922706,0.22074077088922706,Haryana:Panchkula,1,-3.7831344058121434,95205.96619333333
Haryana:Panipat,Panipat,Haryana,Kharif,198912.01589,302666.2967062,371488.7473444,479827.8893415,563,520,714,20,3,Rice,94.67405213712775,Sugarcane,5.028620687312887,Maize,0.19954843997273358,0.19954843997273358,Haryana:Panipat,1,-2.2997287415968866,423731.29717333335
Haryana:Panipat,Panipat,Haryana,Rabi,210483.56063,196509.9422111,196509.9422111,420967.12126,822,704,761,33,5,Wheat,99.39680471803983,Rapeseed & Mustard,0.603195281960164,,,,Haryana:Panipat,1,-2.2997287415968866,423731.29717333335
Haryana:Rewari,Rewari,Haryana,Kharif,237028.79704,58440.8777232,206892.6549984,550254.546044,802,1063,654,32,5,Bajra,65.89885755057587,Cotton,28.63547572554384,Rice,5.394006374216767,0.07166034966352312,Haryana:Rewari,1,1.3228013029315961,505392.69925666664
Haryana:Rewari,Rewari,Haryana,Rabi,277954.46273,99725.4376307,99750.1970507,555933.68488,1030,913,652,37,6,Wheat,73.59183729069622,Rapeseed & Mustard,26.35851986000211,Gram,0.049642849301672134,0.049642849301672134,Haryana:Rewari,1,1.3228013029315961,505392.69925666664
Haryana:Rohtak,Rohtak,Haryana,Kharif,249364.44911,360112.9833938,453615.2176556,638672.1139085,465,446,578,14,3,Rice,83.627559458028,Cotton,9.439164810495507,Sugarcane,4.096405781101467,0.021789392452667377,Haryana:Rohtak,1,1.2511521383500819,532652.7465466667
Haryana:Rohtak,Rohtak,Haryana,Rabi,285920.47253,251630.877491,251804.168721,572014.23629,715,601,638,26,4,Wheat,98.28175117911017,Rapeseed & Mustard,1.580609137734292,Gram,0.13763968315552977,0.13763968315552977,Haryana:Rohtak,1,1.2511521383500819,532652.7465466667
Haryana:Sirsa,Sirsa,Haryana,Kharif,748355.14978,1351748.1564524,1649815.9127688,2968321.300483,82,62,73,1,1,Cotton,66.53572871398475,Rice,32.721450738271066,Bajra,0.5496117190906682,0.16774720007127436,Haryana:Sirsa,1,-2.6501095200488742,1643828.5081166667
Haryana:Sirsa,Sirsa,Haryana,Rabi,866010.55457,676532.2715774,679998.2197274,1735487.05729,307,202,179,8,2,Wheat,95.25715745065789,Rapeseed & Mustard,3.723443365800297,Gram,1.0193991835418161,1.0193991835418161,Haryana:Sirsa,1,-2.6501095200488742,1643828.5081166667
Haryana:Sonipat,Sonipat,Haryana,Kharif,310876.28761,468673.2302238,583382.8961156,748433.2543835,357,337,509,10,2,Rice,94.32559764428878,Sugarcane,2.960712443749365,Cotton,1.3621818625318967,0.4066214515020587,Haryana:Sonipat,1,-2.48912988284792,682920.3352066666
Haryana:Sonipat,Sonipat,Haryana,Rabi,353445.19301,329453.9592197,329453.9592197,706890.38602,603,484,532,22,4,Wheat,99.3711007435129,Rapeseed & Mustard,0.6288992564870979,,,,Haryana:Sonipat,1,-2.48912988284792,682920.3352066666
Haryana:Yamunanagar,Yamunanagar,Haryana,Kharif,237263.78914,348209.2606412,421201.9809144,587403.522979,497,463,623,17,3,Rice,89.03155714042357,Sugarcane,10.835506970057482,Maize,0.12906397040674858,0.12906397040674858,Haryana:Yamunanagar,1,5.423850621505727,484875.56618666666
Haryana:Yamunanagar,Yamunanagar,Haryana,Rabi,242659.66242,228157.38813,228182.14755,485344.08426,760,643,709,31,5,Wheat,99.48839150979408,Rapeseed & Mustard,0.48990703786546075,Gram,0.021701452340459403,0.021701452340459403,Haryana:Yamunanagar,1,5.423850621505727,484875.56618666666
Himachal Pradesh:Bilaspur,Bilaspur,Himachal Pradesh,Kharif,69192.942,70603.6359,138741.83155,209716.241,926,1010,978,8,5,Maize,96.65162013640723,Rice,3.3430368463374953,Sugarcane,0.005343017255274226,96.65162013640723,Himachal Pradesh:Bilaspur,1,5.008931802167248,129347.08131333333
Himachal Pradesh:Bilaspur,Bilaspur,Himachal Pradesh,Rabi,67055.87294,64693.72049,64703.95043,134121.97582,1130,1034,1106,13,6,Wheat,99.88447730083982,Rapeseed & Mustard,0.08390194051402064,Gram,0.03162075864615798,0.03162075864615798,Himachal Pradesh:Bilaspur,1,5.008931802167248,129347.08131333333
Himachal Pradesh:Chamba,Chamba,Himachal Pradesh,Kharif,72751.182,76663.61514,146510.11193,224258.076,912,988,962,6,5,Maize,91.11542011774641,Rice,8.780012355833847,Moong,0.10456752641974451,91.21998764416615,Himachal Pradesh:Chamba,1,0.6842959870099745,131606.28366666666
Himachal Pradesh:Chamba,Chamba,Himachal Pradesh,Rabi,55953.324,48811.6398,48811.6398,111906.648,1204,1107,1159,16,7,Wheat,98.26787757292267,Rapeseed & Mustard,1.732122427077322,,,,Himachal Pradesh:Chamba,1,0.6842959870099745,131606.28366666666
Himachal Pradesh:Hamirpur,Hamirpur,Himachal Pradesh,Kharif,80060.4,81903.2718,160521.3491,242973.43,883,966,938,5,5,Maize,96.17915676987043,Rice,3.774662457032639,Sugarcane,0.04618077309692883,96.17915676987043,Himachal Pradesh:Hamirpur,1,-1.2198142414860682,158133.29233333335
Himachal Pradesh:Hamirpur,Hamirpur,Himachal Pradesh,Rabi,77619.052,75199.15228,75199.15228,155238.104,1093,994,1074,12,6,Wheat,99.98120441577936,Rapeseed & Mustard,0.018795584220647015,,,,Himachal Pradesh:Hamirpur,1,-1.2198142414860682,158133.29233333335
Himachal Pradesh:Kangra,Kangra,Himachal Pradesh,Kharif,188070.281,240685.18516,387422.99974,644093.331,540,624,571,1,3,Maize,54.55266521136766,Rice,44.85103892557042,Sugarcane,0.5166213676893772,54.55266521136766,Himachal Pradesh:Kangra,1,-3.8386436661939722,409310.10463
Himachal Pradesh:Kangra,Kangra,Himachal Pradesh,Rabi,209048.05789,199006.48222,199119.13511,418208.76867,818,698,764,3,5,Wheat,99.59355894170949,Rapeseed & Mustard,0.29328981349651867,Gram,0.11315124479399412,0.11315124479399412,Himachal Pradesh:Kangra,1,-3.8386436661939722,409310.10463
Himachal Pradesh:Kinnaur,Kinnaur,Himachal Pradesh,Kharif,229.803,241.21902,462.54649,706.706,1800,1809,1822,21,10,Maize,91.8852502804637,Rice,8.1147497195363,,,91.8852502804637,Himachal Pradesh:Kinnaur,1,-1.829268292682927,404.42033333333336
Himachal Pradesh:Kinnaur,Kinnaur,Himachal Pradesh,Rabi,168.028,156.76024,156.76024,336.056,1840,1826,1843,23,10,Wheat,99.38524590163935,Rapeseed & Mustard,0.6147540983606558,,,,Himachal Pradesh:Kinnaur,1,-1.829268292682927,404.42033333333336
Himachal Pradesh:Kullu,Kullu,Himachal Pradesh,Kharif,23212.574,23664.32222,46541.50739,70346.899,1212,1264,1273,17,7,Maize,96.70248456471406,Rice,3.1913306493358937,Groundnut,0.10618478595005386,96.70248456471406,Himachal Pradesh:Kullu,1,-0.22340889276373146,46262.062
Himachal Pradesh:Kullu,Kullu,Himachal Pradesh,Rabi,22033.907,21136.26683,21136.26683,44067.814,1404,1294,1390,18,8,Wheat,99.8267422516259,Rapeseed & Mustard,0.17325774837410113,,,,Himachal Pradesh:Kullu,1,-0.22340889276373146,46262.062
Himachal Pradesh:Lahaul And Spiti,Lahaul And Spiti,Himachal Pradesh,Kharif,29.652,29.652,59.304,88.956,1856,1862,1865,24,10,Maize,100.0,,,,,100.0,Himachal Pradesh:Lahaul And Spiti,1,11.764705882352942,218.27166666666668
Himachal Pradesh:Lahaul And Spiti,Lahaul And Spiti,Himachal Pradesh,Rabi,205.093,198.94021,198.94021,410.186,1830,1819,1838,22,10,Wheat,100.0,,,,,,Himachal Pradesh:Lahaul And Spiti,1,11.764705882352942,218.27166666666668
Himachal Pradesh:Mandi,Mandi,Himachal Pradesh,Kharif,154286.769,183294.97466,316114.21457,507523.632,630,726,684,2,4,Maize,69.23335298215027,Rice,29.821674674842825,Soybean,0.8231085095427824,69.24429649509766,Himachal Pradesh:Mandi,1,-0.26878493484222193,305459.02370666666
Himachal Pradesh:Mandi,Mandi,Himachal Pradesh,Rabi,150364.60012,145282.32145,145333.52057,300780.39936,917,794,874,7,5,Wheat,99.86853843542036,Gram,0.07045741381505984,Rapeseed & Mustard,0.06100415076458365,0.07045741381505984,Himachal Pradesh:Mandi,1,-0.26878493484222193,305459.02370666666
Himachal Pradesh:Shimla,Shimla,Himachal Pradesh,Kharif,10457.272,10672.249,20937.82082,31883.313,1406,1431,1450,19,8,Maize,94.43648491400167,Rice,3.841424123907466,Moong,1.6286222092142253,96.0651071232159,Himachal Pradesh:Shimla,1,-12.900832428519726,26231.477066666666
Himachal Pradesh:Shimla,Shimla,Himachal Pradesh,Rabi,13329.0682,12415.56421,12453.12341,26695.6956,1481,1404,1486,20,8,Wheat,98.75707133942231,Rapeseed & Mustard,0.6397193489307916,Gram,0.6032093116469003,0.6032093116469003,Himachal Pradesh:Shimla,1,-12.900832428519726,26231.477066666666
Himachal Pradesh:Sirmaur,Sirmaur,Himachal Pradesh,Kharif,61947.97,75278.0266,126304.4237,206170.356,953,993,982,10,6,Maize,64.32591798445456,Rice,34.42982155818189,Sugarcane,0.8725474276480152,64.43156274026846,Himachal Pradesh:Sirmaur,1,-1.4356914154533922,125014.52051666667
Himachal Pradesh:Sirmaur,Sirmaur,Himachal Pradesh,Rabi,58997.71955,55314.34811,55601.10766,118282.19865,1170,1080,1145,14,7,Wheat,98.43352386911782,Gram,1.0314886234048812,Rapeseed & Mustard,0.5349875074772926,1.0314886234048812,Himachal Pradesh:Sirmaur,1,-1.4356914154533922,125014.52051666667
Himachal Pradesh:Solan,Solan,Himachal Pradesh,Kharif,62758.458,70909.00208,127515.55964,200741.569,950,1009,991,9,6,Maize,78.60503007082282,Rice,21.142900549638366,Soybean,0.10464134759452795,78.60503007082282,Himachal Pradesh:Solan,1,8.412829202383326,114624.86331333334
Himachal Pradesh:Solan,Solan,Himachal Pradesh,Rabi,58184.98294,55113.40639,55123.63633,116380.19582,1174,1081,1148,15,7,Wheat,99.59050987012417,Rapeseed & Mustard,0.37237378312846875,Gram,0.03711634674736633,0.03711634674736633,Himachal Pradesh:Solan,1,8.412829202383326,114624.86331333334
Himachal Pradesh:Una,Una,Himachal Pradesh,Kharif,80856.062,83982.42062,162198.63919,247334.745,877,955,935,4,5,Maize,93.42956806344338,Rice,6.337345517405385,Sugarcane,0.19652384359809869,93.46613063899652,Himachal Pradesh:Una,1,-0.5549721696218511,171753.55964666666
Himachal Pradesh:Una,Una,Himachal Pradesh,Rabi,90436.47494,85199.70935,85209.93929,180883.17982,1064,950,1029,11,6,Wheat,99.51757322746005,Rapeseed & Mustard,0.4584156299778535,Gram,0.024011142562099106,0.024011142562099106,Himachal Pradesh:Una,1,-0.5549721696218511,171753.55964666666
Jammu And Kashmir:Anantnag,Anantnag,Jammu And Kashmir,Kharif,76375.32357,114866.88129,162665.13928,287673.02928,875,882,891,9,5,Rice,77.80128963106003,Maize,21.92020377434616,Moong,0.27850659459380633,22.198710368939967,Jammu And Kashmir:Anantnag,1,216.1864289183376,59920.88515
Jammu And Kashmir:Anantnag,Anantnag,Jammu And Kashmir,Rabi,36232.96488,4772.3678268,4772.3678268,72465.92976,1627,1548,1265,30,9,Rapeseed & Mustard,98.49780267779421,Wheat,1.5021973222057847,,,,Jammu And Kashmir:Anantnag,1,216.1864289183376,59920.88515
Jammu And Kashmir:Bandipora,Bandipora,Jammu And Kashmir,Kharif,48502.04821,69394.99567,102385.61319,177561.21684,1018,1015,1035,17,6,Rice,67.09290165848154,Maize,32.12751379332732,Moong,0.77958454819115,32.90709834151846,Jammu And Kashmir:Bandipora,1,1304.8583662714097,20065.96141666667
Jammu And Kashmir:Bandipora,Bandipora,Jammu And Kashmir,Rabi,4193.88004,545.2044052,545.2044052,8387.76008,1787,1768,1650,36,10,Rapeseed & Mustard,100.0,,,,,,Jammu And Kashmir:Bandipora,1,1304.8583662714097,20065.96141666667
Jammu And Kashmir:Baramulla,Baramulla,Jammu And Kashmir,Kharif,100861.99459,134226.12847,210317.78124,353973.61636,796,822,822,4,5,Rice,52.157847716556674,Maize,47.047246037217654,Moong,0.7949062462256699,47.842152283443326,Jammu And Kashmir:Baramulla,1,31957.0,34009.16372
Jammu And Kashmir:Baramulla,Baramulla,Jammu And Kashmir,Rabi,530.44957,68.9584441,68.9584441,1060.89914,1855,1843,1796,37,10,Rapeseed & Mustard,100.0,,,,,,Jammu And Kashmir:Baramulla,1,31957.0,34009.16372
Jammu And Kashmir:Budgam,Budgam,Jammu And Kashmir,Kharif,80198.80071,120272.29263,170719.56146,301373.14284,859,859,873,8,5,Rice,77.17732104816291,Maize,22.75317466130047,Moong,0.06950429053661886,22.822678951837087,Jammu And Kashmir:Budgam,1,459.7986577181208,41839.9604
Jammu And Kashmir:Budgam,Budgam,Jammu And Kashmir,Rabi,6365.76549,2526.6269049,2526.6269049,12731.53098,1692,1640,1616,33,9,Wheat,77.65411825524964,Rapeseed & Mustard,22.345881744750354,,,,Jammu And Kashmir:Budgam,1,459.7986577181208,41839.9604
Jammu And Kashmir:Doda,Doda,Jammu And Kashmir,Kharif,64679.70992,66852.01544,129918.95308,197788.92168,943,1025,996,11,5,Maize,93.79681186698183,Rice,5.497486756687464,Moong,0.7057013763307028,94.50251324331253,Jammu And Kashmir:Doda,1,94.623806337814,44128.024033333335
Jammu And Kashmir:Doda,Doda,Jammu And Kashmir,Rabi,14387.59518,11818.5770346,11818.5770346,28775.19036,1488,1411,1471,27,8,Wheat,97.20113012309696,Rapeseed & Mustard,2.7988698769030402,,,,Jammu And Kashmir:Doda,1,94.623806337814,44128.024033333335
Jammu And Kashmir:Ganderbal,Ganderbal,Jammu And Kashmir,Kharif,24487.61,36663.61076,52111.46262,91911.316,1188,1166,1203,23,7,Rice,76.82228171549257,Maize,23.17771828450744,,,23.17771828450744,Jammu And Kashmir:Ganderbal,1,580.9563469270535,12632.12265
Jammu And Kashmir:Ganderbal,Ganderbal,Jammu And Kashmir,Rabi,4807.20695,624.9369035,624.9369035,9614.4139,1780,1760,1638,35,10,Rapeseed & Mustard,100.0,,,,,,Jammu And Kashmir:Ganderbal,1,580.9563469270535,12632.12265
Jammu And Kashmir:Jammu,Jammu,Jammu And Kashmir,Kharif,194754.01477,253854.70089,373954.61656,688738.07408,558,597,544,1,3,Rice,76.8446337374988,Maize,17.934765083783674,Bajra,4.994787803883985,18.122253487175936,Jammu And Kashmir:Jammu,1,94.92841369603727,268012.1553666667
Jammu And Kashmir:Jammu,Jammu,Jammu And Kashmir,Rabi,202227.20833,194837.5867081,194837.5867081,404454.41666,825,708,772,5,5,Wheat,99.89492793333213,Rapeseed & Mustard,0.10507206666786803,,,,Jammu And Kashmir:Jammu,1,94.92841369603727,268012.1553666667
Jammu And Kashmir:Kathua,Kathua,Jammu And Kashmir,Kharif,129912.825,182434.96782,269767.34785,471024.491,678,728,720,2,4,Rice,68.05167195107597,Maize,31.137635695890985,Bajra,0.8106923530330433,31.137635695890985,Jammu And Kashmir:Kathua,1,103.57399878223636,169277.19757666666
Jammu And Kashmir:Kathua,Kathua,Jammu And Kashmir,Rabi,126195.52673,116394.3524261,116394.3524261,252391.05346,983,877,929,16,6,Wheat,99.20018404493374,Rapeseed & Mustard,0.7998159550662598,,,,Jammu And Kashmir:Kathua,1,103.57399878223636,169277.19757666666
Jammu And Kashmir:Kishtwar,Kishtwar,Jammu And Kashmir,Kharif,31804.241,33771.05816,64115.08642,98392.749,1134,1186,1197,21,6,Maize,89.9139862689434,Rice,10.08601373105659,,,89.9139862689434,Jammu And Kashmir:Kishtwar,1,226.03210412147504,17884.340226666667
Jammu And Kashmir:Kishtwar,Kishtwar,Jammu And Kashmir,Rabi,5335.08668,5147.1789908,5147.1789908,10670.17336,1613,1537,1627,29,9,Wheat,99.91624719855857,Rapeseed & Mustard,0.08375280144143535,,,,Jammu And Kashmir:Kishtwar,1,226.03210412147504,17884.340226666667
Jammu And Kashmir:Kulgam,Kulgam,Jammu And Kashmir,Kharif,27804.85337,40095.01433,58775.35426,102138.48848,1161,1149,1187,22,7,Rice,68.7508565941564,Maize,30.900451777217413,Moong,0.34869162862617853,31.24914340584359,Jammu And Kashmir:Kulgam,1,407.60323601829054,16466.875786666667
Jammu And Kashmir:Kulgam,Kulgam,Jammu And Kashmir,Rabi,7854.54299,1021.0905887,1021.0905887,15709.08598,1762,1724,1580,34,10,Rapeseed & Mustard,100.0,,,,,,Jammu And Kashmir:Kulgam,1,407.60323601829054,16466.875786666667
Jammu And Kashmir:Kupwara,Kupwara,Jammu And Kashmir,Kharif,89304.411,117762.918,185939.0435,311032.183,840,869,865,7,5,Rice,50.321933327574634,Maize,49.678066672425366,,,49.678066672425366,Jammu And Kashmir:Kupwara,1,107.11174785100286,74130.82366666666
Jammu And Kashmir:Poonch,Poonch,Jammu And Kashmir,Kharif,63403.389,72813.4512,129230.5819,204467.837,944,1002,986,12,5,Maize,76.05896108713567,Rice,23.941038912864325,,,76.05896108713567,Jammu And Kashmir:Poonch,1,1897.9520613614573,48695.40396
Jammu And Kashmir:Poonch,Poonch,Jammu And Kashmir,Rabi,39581.16988,38324.117818,38324.117818,79162.33976,1261,1158,1243,24,7,Wheat,99.97188701315666,Rapeseed & Mustard,0.028112986843338798,,,,Jammu And Kashmir:Poonch,1,1897.9520613614573,48695.40396
Jammu And Kashmir:Pulwama,Pulwama,Jammu And Kashmir,Kharif,34384.48391,52306.00445,73385.11705,130490.64364,1097,1100,1115,19,6,Rice,80.29392007353894,Maize,19.206324887915404,Moong,0.4997550385456529,19.706079926461054,Jammu And Kashmir:Pulwama,1,170.65440443213296,34986.52658666667
Jammu And Kashmir:Pulwama,Pulwama,Jammu And Kashmir,Rabi,25973.54585,3982.9384301,3982.9384301,51947.0917,1643,1587,1354,31,9,Rapeseed & Mustard,82.41947210360419,Wheat,17.580527896395814,,,,Jammu And Kashmir:Pulwama,1,170.65440443213296,34986.52658666667
Jammu And Kashmir:Rajouri,Rajouri,Jammu And Kashmir,Kharif,130991.54005,136756.18537,261566.2224,402630.1762,699,817,775,3,4,Maize,90.08978370289756,Rice,9.454533774694298,Bajra,0.443307033056727,90.10215919224898,Jammu And Kashmir:Rajouri,1,104.46549013442339,168473.78487333332
Jammu And Kashmir:Rajouri,Rajouri,Jammu And Kashmir,Rabi,126091.84357,120884.1614029,120884.1614029,252183.68714,974,857,930,14,6,Wheat,99.81757378928658,Rapeseed & Mustard,0.1824262107134158,,,,Jammu And Kashmir:Rajouri,1,104.46549013442339,168473.78487333332
Jammu And Kashmir:Ramban,Ramban,Jammu And Kashmir,Kharif,66956.687,69099.63704,134465.34598,204116.955,932,1019,987,10,5,Maize,94.76016669674284,Rice,5.239833303257158,,,94.76016669674284,Jammu And Kashmir:Ramban,1,545.2240993283126,34236.41335333333
Jammu And Kashmir:Ramban,Ramban,Jammu And Kashmir,Rabi,11373.66706,10851.4404838,10851.4404838,22747.33412,1507,1428,1511,28,8,Wheat,99.74183641018146,Rapeseed & Mustard,0.2581635898185361,,,,Jammu And Kashmir:Ramban,1,545.2240993283126,34236.41335333333
Jammu And Kashmir:Reasi,Reasi,Jammu And Kashmir,Kharif,59195.276,61013.6849,118858.93005,180340.993,978,1049,1030,15,6,Maize,94.96991261196365,Rice,5.030087388036352,,,94.96991261196365,Jammu And Kashmir:Reasi,1,160.73468017987784,55909.55435333333
Jammu And Kashmir:Reasi,Reasi,Jammu And Kashmir,Rabi,36795.31506,35540.6188494,35540.6188494,73590.63012,1283,1172,1261,25,7,Wheat,99.93431801455422,Rapeseed & Mustard,0.06568198544577142,,,,Jammu And Kashmir:Reasi,1,160.73468017987784,55909.55435333333
Jammu And Kashmir:Samba,Samba,Jammu And Kashmir,Kharif,66630.515,87537.44832,127549.61002,236645.199,949,943,946,13,6,Rice,79.29413843299182,Maize,15.269683691660102,Bajra,5.099090212020391,15.269683691660102,Jammu And Kashmir:Samba,1,100.66428130335282,92343.63392333333
Jammu And Kashmir:Samba,Samba,Jammu And Kashmir,Rabi,69869.67477,66789.6066285,66789.6066285,139739.34954,1124,1026,1097,20,6,Wheat,99.77199701946587,Rapeseed & Mustard,0.2280029805341287,,,,Jammu And Kashmir:Samba,1,100.66428130335282,92343.63392333333
Jammu And Kashmir:Shopian,Shopian,Jammu And Kashmir,Kharif,1440.593,1841.78456,2984.52322,4929.645,1680,1672,1703,32,9,Maize,55.80301700584524,Rice,44.19698299415476,,,55.80301700584524,Jammu And Kashmir:Shopian,1,124.23076923076923,908.5043333333333
Jammu And Kashmir:Srinagar,Srinagar,Jammu And Kashmir,Kharif,10365.845,17016.49208,22444.73546,41174.273,1385,1345,1410,26,8,Rice,97.42383241259195,Maize,2.576167587408045,,,2.576167587408045,Jammu And Kashmir:Srinagar,1,3425.532258064516,3805.0599533333334
Jammu And Kashmir:Srinagar,Srinagar,Jammu And Kashmir,Rabi,436.52686,56.7484918,56.7484918,873.05372,1857,1846,1808,38,10,Rapeseed & Mustard,100.0,,,,,,Jammu And Kashmir:Srinagar,1,3425.532258064516,3805.0599533333334
Jammu And Kashmir:Udhampur,Udhampur,Jammu And Kashmir,Kharif,98160.27732,106061.20098,194584.35591,308333.06028,826,898,867,6,5,Maize,79.4923401095734,Rice,19.23721488037481,Bajra,1.1817561536465864,79.5810289659786,Jammu And Kashmir:Udhampur,1,113.64270208511854,118562.13000333334
Jammu And Kashmir:Udhampur,Udhampur,Jammu And Kashmir,Rabi,86661.40469,80905.3858781,80905.3858781,173322.80938,1076,973,1040,18,6,Wheat,99.39626279746572,Rapeseed & Mustard,0.6037372025342733,,,,Jammu And Kashmir:Udhampur,1,113.64270208511854,118562.13000333334
Jharkhand:Bokaro,Bokaro,Jharkhand,Kharif,64483.66078,91731.4736548,136155.0913926,237719.39212,930,933,942,23,5,Rice,65.22530123866281,Maize,30.013859622895474,Moong,2.871080295284837,32.88493991818031,Jharkhand:Bokaro,1,-37.47913506954977,146173.50407333334
Jharkhand:Bokaro,Bokaro,Jharkhand,Rabi,42470.65844,18791.3392268,21326.5852268,87476.56288,1402,1320,1215,47,8,Wheat,59.91044023655509,Maize,21.180080880101418,Rapeseed & Mustard,16.314107922105688,23.775451841339226,Jharkhand:Bokaro,1,-37.47913506954977,146173.50407333334
Jharkhand:Chatra,Chatra,Jharkhand,Kharif,79390.19067,116819.6834322,168421.3112939,295880.20868,867,876,877,20,5,Rice,73.0689212359536,Maize,25.745618334685464,Moong,0.6074017546478108,26.353020089333274,Jharkhand:Chatra,1,23.59502757882605,185920.04974666666
Jharkhand:Chatra,Chatra,Jharkhand,Rabi,106096.51157,75168.4622129,117232.2952129,254256.85614,981,996,928,26,6,Gram,71.5633792272356,Wheat,24.40917829931834,Rapeseed & Mustard,3.829311063003072,71.76151063767858,Jharkhand:Chatra,1,23.59502757882605,185920.04974666666
Jharkhand:Deoghar,Deoghar,Jharkhand,Kharif,93742.05519,139431.1599954,199244.4921523,351560.43776,817,810,824,18,5,Rice,75.40715928922889,Maize,23.48165989162573,Moong,0.994628247231638,24.476288138857367,Jharkhand:Deoghar,1,-8.584247791917079,218904.17677333334
Jharkhand:Deoghar,Deoghar,Jharkhand,Rabi,91933.62913,45357.7479061,60196.1029061,198705.61326,1152,1122,995,42,7,Gram,49.30005194238695,Wheat,39.3200921877311,Rapeseed & Mustard,11.37985586988195,49.30005194238695,Jharkhand:Deoghar,1,-8.584247791917079,218904.17677333334
Jharkhand:Dhanbad,Dhanbad,Jharkhand,Kharif,18832.70179,28408.2799714,40131.8403843,71290.72216,1248,1215,1267,45,7,Rice,78.44977973304363,Maize,20.134062935127808,Moong,1.4161573318285614,21.55022026695637,Jharkhand:Dhanbad,1,-40.15834987866755,80968.17127
Jharkhand:Dhanbad,Dhanbad,Jharkhand,Rabi,14681.74302,7493.4592194,9087.2542194,30957.28104,1539,1484,1454,48,9,Wheat,53.34897739572751,Gram,35.07759245025793,Rapeseed & Mustard,11.57343015401456,35.07759245025793,Jharkhand:Dhanbad,1,-40.15834987866755,80968.17127
Jharkhand:Dumka,Dumka,Jharkhand,Kharif,200350.58267,313532.6328722,429839.3725339,773598.63868,486,506,496,4,3,Rice,86.57960597700935,Maize,12.920686086200698,Moong,0.38860935194303575,13.309295438143733,Jharkhand:Dumka,1,88.84466934487021,300641.85039
Jharkhand:Dumka,Dumka,Jharkhand,Rabi,101655.7045,61836.144895,90551.635895,232026.9,1052,1045,950,32,6,Gram,56.71599799649318,Wheat,30.14495953077226,Maize,6.707463581378957,63.42346157787214,Jharkhand:Dumka,1,88.84466934487021,300641.85039
Jharkhand:East Singhbum,East Singhbum,Jharkhand,Kharif,182017.29469,289082.2588654,391611.9286373,708938.69676,536,541,530,6,3,Rice,89.8891476217845,Maize,9.770122205709477,Moong,0.27763199241230757,10.047754198121785,Jharkhand:East Singhbum,1,-48.28006431539602,355007.44981333334
Jharkhand:East Singhbum,East Singhbum,Jharkhand,Rabi,62791.19875,32156.8835875,50046.9235875,143472.4375,1197,1193,1086,44,7,Gram,64.77824744475859,Wheat,19.45032299633956,Rapeseed & Mustard,9.056611226213466,71.49306577744697,Jharkhand:East Singhbum,1,-48.28006431539602,355007.44981333334
Jharkhand:Garhwa,Garhwa,Jharkhand,Kharif,158517.46694,218861.6403204,332543.3593398,573451.29576,600,663,636,8,4,Rice,59.694454447655424,Maize,36.41890556480743,Groundnut,3.522109123830638,36.77706096516321,Jharkhand:Garhwa,1,34.69911680063511,309268.1361
Jharkhand:Garhwa,Garhwa,Jharkhand,Rabi,176886.93036,96336.1485492,140542.3385492,397980.05072,923,919,779,22,5,Gram,62.90800403114771,Wheat,28.66024876560536,Rapeseed & Mustard,8.431747203246928,62.90800403114771,Jharkhand:Garhwa,1,34.69911680063511,309268.1361
Jharkhand:Giridih,Giridih,Jharkhand,Kharif,125201.14691,177548.4877306,263664.1649047,457599.15264,696,739,731,10,4,Rice,65.52337494446535,Maize,32.456315036565876,Moong,1.37952459383879,33.83583963040467,Jharkhand:Giridih,1,-12.23487376605224,299284.01118
Jharkhand:Giridih,Giridih,Jharkhand,Rabi,123047.22563,68578.5379811,101620.7499811,279136.66326,1020,1022,902,30,6,Gram,63.167845161483974,Wheat,27.08553967198546,Rapeseed & Mustard,7.8840172223587,65.03044310565583,Jharkhand:Giridih,1,-12.23487376605224,299284.01118
Jharkhand:Godda,Godda,Jharkhand,Kharif,125926.63251,184708.0026666,266969.8489367,469767.34504,683,724,722,9,4,Rice,72.41984065494293,Maize,25.392161051142985,Moong,1.253225416025647,26.64538646716863,Jharkhand:Godda,1,-31.847160188792802,272712.47509333334
Jharkhand:Godda,Godda,Jharkhand,Rabi,86729.30777,56204.6590469,85567.5520469,202821.50854,1062,1072,990,35,6,Gram,64.00468716223388,Wheat,26.15951584618336,Rapeseed & Mustard,5.209578401350909,68.63090575246574,Jharkhand:Godda,1,-31.847160188792802,272712.47509333334
Jharkhand:Gumla,Gumla,Jharkhand,Kharif,387704.29838,623570.3288108,836161.9682346,1532348.93952,241,230,217,1,2,Rice,92.74505989215479,Maize,4.417386750797163,Groundnut,2.45456344341191,4.800376664433309,Jharkhand:Gumla,1,-41.86631417896316,631150.1423966667
Jharkhand:Gumla,Gumla,Jharkhand,Rabi,90189.30081,54812.8999257,80199.9539257,205765.65562,1079,1082,983,36,6,Gram,62.4775146958573,Wheat,30.23916240421746,Rapeseed & Mustard,6.451439628997068,63.30939796678547,Jharkhand:Gumla,1,-41.86631417896316,631150.1423966667
Jharkhand:Hazaribagh,Hazaribagh,Jharkhand,Kharif,107997.62484,155467.9722344,228136.8709228,401626.85136,761,779,777,15,5,Rice,68.52760221108815,Maize,26.480159807417838,Moong,3.037073302519618,29.517233109937457,Jharkhand:Hazaribagh,1,-25.58020838289167,268697.7590266667
Jharkhand:Hazaribagh,Hazaribagh,Jharkhand,Rabi,85262.94224,53275.7404928,67291.2524928,184541.39648,1122,1094,1019,38,6,Wheat,51.478637385307195,Gram,41.05404339584241,Rapeseed & Mustard,6.865095326460578,41.65626728823223,Jharkhand:Hazaribagh,1,-25.58020838289167,268697.7590266667
Jharkhand:Jamtara,Jamtara,Jharkhand,Kharif,120940.22864,170003.5506624,254515.3049488,438964.15556,709,753,744,11,4,Rice,63.384156847169834,Maize,35.197739490763134,Groundnut,1.3145512018120287,35.30065118012213,Jharkhand:Jamtara,1,130.40542157584682,191934.90852666667
Jharkhand:Jamtara,Jamtara,Jharkhand,Rabi,126468.59694,76738.1795418,113879.7805418,290078.79488,994,986,885,28,6,Gram,65.22949170308075,Wheat,28.37636035831548,Rapeseed & Mustard,6.394147938603768,65.22949170308075,Jharkhand:Jamtara,1,130.40542157584682,191934.90852666667
Jharkhand:Khunti,Khunti,Jharkhand,Kharif,116513.0862,180107.167212,249406.465994,450025.4388,720,734,739,13,4,Rice,83.83488742390107,Maize,12.852037284699396,Groundnut,1.727871802691624,14.437240773407307,Jharkhand:Khunti,1,-53.2624784272299,280542.10216666665
Jharkhand:Khunti,Khunti,Jharkhand,Rabi,71526.3073,43023.151801,63888.275801,163917.7386,1136,1133,1057,41,7,Gram,54.14765004420189,Wheat,28.146068391344095,Maize,11.169886666261075,65.31753671046296,Jharkhand:Khunti,1,-53.2624784272299,280542.10216666665
Jharkhand:Koderma,Koderma,Jharkhand,Kharif,60628.03593,83420.6580438,127126.8987681,220866.18372,952,960,967,24,6,Rice,58.948483361339235,Maize,34.05409902979814,Moong,3.887454227145906,37.94155325694404,Jharkhand:Koderma,1,-5.467115207919618,157004.78663333334
Jharkhand:Koderma,Koderma,Jharkhand,Rabi,96994.33597,59706.7183909,89976.4683909,224258.42194,1054,1053,961,33,6,Gram,65.91056646317301,Wheat,26.647032073693705,Rapeseed & Mustard,6.069264661817181,67.28370326448912,Jharkhand:Koderma,1,-5.467115207919618,157004.78663333334
Jharkhand:Latehar,Latehar,Jharkhand,Kharif,75450.89776,94394.2499416,155781.1438092,259850.95304,896,929,923,21,5,Maize,53.8609962337719,Rice,39.981376619935766,Groundnut,4.61266866084959,55.40595471921465,Jharkhand:Latehar,1,7.735881385360504,232182.8201
Jharkhand:Latehar,Latehar,Jharkhand,Rabi,157604.67954,74803.5644538,115906.1784538,356311.97308,986,997,820,27,6,Gram,70.92393960065456,Wheat,18.486844186948087,Rapeseed & Mustard,10.589216212397355,70.92393960065456,Jharkhand:Latehar,1,7.735881385360504,232182.8201
Jharkhand:Lohardaga,Lohardaga,Jharkhand,Kharif,93374.17271,143832.9974186,199745.3154207,361218.29184,815,796,813,17,5,Rice,83.0570164167701,Maize,12.294054530529996,Groundnut,4.1664696778853925,12.776513905344517,Jharkhand:Lohardaga,1,-26.091422486123662,194118.77009
Jharkhand:Lohardaga,Lohardaga,Jharkhand,Rabi,76404.20956,51324.0764932,65038.1264932,166522.46912,1128,1101,1055,39,6,Wheat,52.30722441975153,Gram,42.17234025470847,Rapeseed & Mustard,5.520435325539997,42.17234025470847,Jharkhand:Lohardaga,1,-26.091422486123662,194118.77009
Jharkhand:Pakur,Pakur,Jharkhand,Kharif,95736.89349,144546.5204134,203706.2804833,363031.31396,807,795,810,16,5,Rice,79.28667141735028,Maize,18.937684154103728,Moong,1.673969006704019,20.611653160807748,Jharkhand:Pakur,1,6.558237145855194,183500.1665
Jharkhand:Pakur,Pakur,Jharkhand,Rabi,72386.24001,47015.0021397,72261.2091397,170018.68702,1103,1113,1049,37,6,Gram,64.59508573923897,Wheat,24.994265519115533,Maize,5.279767727971676,69.87485346721064,Jharkhand:Pakur,1,6.558237145855194,183500.1665
Jharkhand:Palamu,Palamu,Jharkhand,Kharif,121670.43385,163487.045771,254109.1385245,430174.9074,710,765,756,12,4,Rice,54.109063712890936,Maize,44.47056593720446,Groundnut,1.316652372058402,44.57364211995054,Jharkhand:Palamu,1,26.97665802617437,259793.93059666667
Jharkhand:Palamu,Palamu,Jharkhand,Rabi,126466.12594,76735.7085418,113874.8385418,290071.38188,995,987,886,29,6,Gram,65.22798271431552,Wheat,28.37759185049309,Rapeseed & Mustard,6.394425435191401,65.22798271431552,Jharkhand:Palamu,1,26.97665802617437,259793.93059666667
Jharkhand:Ramgarh,Ramgarh,Jharkhand,Kharif,88085.9609,129743.299574,186861.722313,330216.0386,838,833,845,19,5,Rice,73.36234714960823,Maize,23.604272428849086,Groundnut,1.7931312836705524,24.83143012150858,Jharkhand:Ramgarh,1,-35.63013113754193,169425.92706666666
Jharkhand:Ramgarh,Ramgarh,Jharkhand,Rabi,42301.7903,20217.699761,27050.014761,91435.8956,1348,1308,1205,46,8,Gram,49.10938540097457,Wheat,37.457608213983185,Rapeseed & Mustard,12.026227115743495,50.51616467027332,Jharkhand:Ramgarh,1,-35.63013113754193,169425.92706666666
Jharkhand:Ranchi,Ranchi,Jharkhand,Kharif,321081.29522,508651.1028452,690476.0257374,1258868.93888,300,299,297,3,2,Rice,89.3161773544248,Maize,7.373533924748156,Moong,2.05488409026907,9.428418015017225,Jharkhand:Ranchi,1,-36.557136538168464,556207.24929
Jharkhand:Ranchi,Ranchi,Jharkhand,Rabi,100671.38165,58473.9058505,86161.4608505,229030.3183,1060,1062,952,34,6,Gram,52.6541211722465,Wheat,28.54483008728754,Maize,11.614879670348493,64.26900084259499,Jharkhand:Ranchi,1,-36.557136538168464,556207.24929
Jharkhand:Sahebganj,Sahebganj,Jharkhand,Kharif,114346.11804,169246.6932464,242715.6078368,426306.70516,732,754,757,14,4,Rice,74.51680162176115,Maize,25.429200268612497,Bajra,0.029564575858776,25.45363380238008,Jharkhand:Sahebganj,1,-10.985896518334526,233481.56122666667
Jharkhand:Sahebganj,Sahebganj,Jharkhand,Rabi,94636.43364,62714.9555508,90854.7035508,217412.61528,1050,1044,968,31,6,Gram,56.02637839386994,Wheat,32.95780211759475,Maize,5.918126183740825,61.94450457761077,Jharkhand:Sahebganj,1,-10.985896518334526,233481.56122666667
Jharkhand:Saraikela Kharsawan,Saraikela Kharsawan,Jharkhand,Kharif,164635.21816,258501.6229656,353434.7732972,643561.67064,576,590,572,7,4,Rice,87.3320924587262,Maize,8.462377292697743,Moong,4.182248923076496,12.644626215774238,Jharkhand:Saraikela Kharsawan,1,-43.6841863002489,344931.98849666666
Jharkhand:Saraikela Kharsawan,Saraikela Kharsawan,Jharkhand,Rabi,80243.82233,39977.1305801,64341.1905801,184851.70466,1132,1151,1018,40,6,Gram,75.61872816050769,Wheat,14.983811044183224,Rapeseed & Mustard,9.28224688749724,75.73394206831954,Jharkhand:Saraikela Kharsawan,1,-43.6841863002489,344931.98849666666
Jharkhand:Simdega,Simdega,Jharkhand,Kharif,185183.13989,290387.5695574,397459.0411113,728987.89656,528,539,519,5,3,Rice,87.03177575835635,Groundnut,6.246834373317796,Maize,5.904899768886588,6.7205692252752165,Jharkhand:Simdega,1,-37.67895504367052,371484.37433333334
Jharkhand:Simdega,Simdega,Jharkhand,Rabi,109439.13211,76070.0011267,120641.8991267,263450.16222,976,991,919,25,6,Gram,73.89124064300397,Wheat,22.07773779218073,Rapeseed & Mustard,4.031021564815301,73.89124064300397,Jharkhand:Simdega,1,-37.67895504367052,371484.37433333334
Jharkhand:West Singhbhum,West Singhbhum,Jharkhand,Kharif,372261.21555,591235.238433,800924.8309335,1467725.0742,256,247,237,2,2,Rice,89.89108804310222,Maize,5.32379249002711,Moong,4.118719850594687,9.442512340621796,Jharkhand:West Singhbhum,1,-45.06459291334161,581938.0029166667
Jharkhand:West Singhbhum,West Singhbhum,Jharkhand,Rabi,62865.2052,36611.606094,59940.317094,149059.1214,1156,1168,1080,43,7,Gram,77.83979842287219,Wheat,15.687939003147644,Rapeseed & Mustard,6.47226257398017,77.83979842287219,Jharkhand:West Singhbhum,1,-45.06459291334161,581938.0029166667
Karnataka:Bagalkote,Bagalkote,Karnataka,Kharif,532458.7401,493485.0077486,694320.4858681,1573210.70515,297,311,209,17,2,Maize,45.70824358195434,Sugarcane,44.93250842367713,Bajra,4.461065584529526,47.25223314271123,Karnataka:Bagalkote,1,-8.290930127916694,832331.6070533333
Karnataka:Bagalkote,Bagalkote,Karnataka,Rabi,228242.43995,225796.9698278,372302.5593336,635325.67938,560,648,584,24,3,Gram,42.33236595045247,Wheat,21.294527412571842,Maize,19.004852694713765,61.33721864516624,Karnataka:Bagalkote,1,-8.290930127916694,832331.6070533333
Karnataka:Bagalkote,Bagalkote,Karnataka,Summer,14891.25911,14891.25911,29782.51822,49964.88021,1327,1377,1365,56,8,Maize,64.46839826696159,Groundnut,35.53160173303841,,,64.46839826696159,Karnataka:Bagalkote,1,-8.290930127916694,832331.6070533333
Karnataka:Ballari,Ballari,Karnataka,Kharif,319694.84183,491048.4055512,682839.2925018,1250499.48891,306,313,300,19,2,Rice,62.8031411151211,Maize,18.252119540949156,Cotton,16.446168553152493,18.26684046886057,Karnataka:Ballari,2,-14.320115333292126,1265053.20942
Karnataka:Ballari,Ballari,Karnataka,Rabi,28436.41626,30296.9332239,56694.1967641,89775.82838,1167,1203,1210,42,7,Gram,70.94901791689321,Rice,12.755088273830307,Maize,10.743020287142942,81.74704210528155,Karnataka:Ballari,2,-14.320115333292126,1265053.20942
Karnataka:Ballari,Ballari,Karnataka,Summer,19232.06481,31022.1062424,41500.9584738,76045.69217,1239,1199,1252,47,7,Rice,93.4056189528063,Maize,4.253237045391007,Groundnut,2.3411440018027045,4.253237045391007,Karnataka:Ballari,2,-14.320115333292126,1265053.20942
Karnataka:Belagavi,Belagavi,Karnataka,Kharif,1371821.1164,1690720.1993668,2443698.4196478,4824219.19196,34,36,27,1,1,Maize,29.51961628325512,Soybean,24.52399567931846,Sugarcane,21.355401521895395,34.92195564062259,Karnataka:Belagavi,1,-11.965979148325129,2088275.2690566666
Karnataka:Belagavi,Belagavi,Karnataka,Rabi,506599.84865,503479.1913683,892103.6451761,1414054.78123,219,302,247,14,2,Gram,56.12003911733514,Maize,28.44427081450941,Wheat,12.766092294670415,84.67553079114326,Karnataka:Belagavi,1,-11.965979148325129,2088275.2690566666
Karnataka:Belagavi,Belagavi,Karnataka,Summer,16720.56512,16831.1863538,33469.6235881,55475.16079,1299,1349,1338,54,7,Maize,68.16389589786574,Groundnut,30.74941961301047,Rice,1.08668448912379,68.16389589786574,Karnataka:Belagavi,1,-11.965979148325129,2088275.2690566666
Karnataka:Bengaluru Rural,Bengaluru Rural,Karnataka,Kharif,12313.95669,12445.7924472,24290.0209328,37329.1499,1368,1403,1428,63,8,Maize,95.12355030044242,Rice,1.7223068788511555,Sugarcane,1.5380410376490148,95.28631673077766,Karnataka:Bengaluru Rural,1,-3.4690748898678416,14073.275743333334
Karnataka:Bengaluru Rural,Bengaluru Rural,Karnataka,Rabi,826.25298,826.5984258,1652.1068935,2479.99444,1729,1738,1762,81,10,Maize,84.52307326444794,Gram,15.279723182148928,Rice,0.12008701784404242,99.80279644659687,Karnataka:Bengaluru Rural,1,-3.4690748898678416,14073.275743333334
Karnataka:Bengaluru Rural,Bengaluru Rural,Karnataka,Summer,396.24956,503.6253824,820.1565288,1351.43932,1768,1770,1790,84,10,Maize,56.95471822719702,Rice,43.04528177280298,,,56.95471822719702,Karnataka:Bengaluru Rural,1,-3.4690748898678416,14073.275743333334
Karnataka:Bengaluru South,Bengaluru South,Karnataka,Kharif,13679.62897,18363.7450318,28098.8032829,48743.61317,1337,1327,1374,59,8,Rice,54.89447813418786,Maize,39.15444266160406,Groundnut,4.174145240960418,39.242382349822165,Karnataka:Bengaluru South,1,-21.06932799399324,18605.27095
Karnataka:Bengaluru South,Bengaluru South,Karnataka,Rabi,1716.48015,1730.431416,3435.3336955,5173.40915,1661,1678,1700,78,9,Maize,98.44917553221141,Rice,1.3969684098771418,Moong,0.1510508282440593,98.60022636045547,Karnataka:Bengaluru South,1,-21.06932799399324,18605.27095
Karnataka:Bengaluru South,Bengaluru South,Karnataka,Summer,189.35273,202.3669928,382.0576186,587.77677,1814,1818,1827,85,10,Maize,88.8002969926903,Rice,11.199703007309694,,,88.8002969926903,Karnataka:Bengaluru South,1,-21.06932799399324,18605.27095
Karnataka:Bengaluru Urban,Bengaluru Urban,Karnataka,Kharif,1813.39277,2006.6976174,3572.4366363,5809.17274,1656,1665,1688,77,9,Maize,72.18698895303343,Rice,22.527847747455933,Groundnut,1.660043439186695,72.74033676609567,Karnataka:Bengaluru Urban,1,-24.030020703933747,2381.1132566666665
Karnataka:Bidar,Bidar,Karnataka,Kharif,684886.18044,1282484.290822,1916960.8673908,3292782.32325,63,70,57,3,1,Soybean,91.25522384768507,Moong,4.553216582809148,Sugarcane,2.164272817236494,4.693155121233842,Karnataka:Bidar,1,-13.038676152245644,878850.3071133334
Karnataka:Bidar,Bidar,Karnataka,Rabi,132914.5958,132401.6814344,248307.6923544,382279.78621,722,827,797,29,4,Gram,92.42955388286146,Wheat,6.643072223657474,Maize,0.48857212134552014,92.91812600420697,Karnataka:Bidar,1,-13.038676152245644,878850.3071133334
Karnataka:Bidar,Bidar,Karnataka,Summer,141.0941,141.0941,282.1882,475.86518,1824,1829,1836,87,10,Maize,62.73204903677758,Groundnut,37.26795096322242,,,62.73204903677758,Karnataka:Bidar,1,-13.038676152245644,878850.3071133334
Karnataka:Chamarajanagar,Chamarajanagar,Karnataka,Kharif,119078.45369,140843.9023544,230549.5306128,402842.41039,752,803,773,32,4,Maize,62.550928104988074,Cotton,14.808358560199354,Rice,11.098705104619878,63.40162691785788,Karnataka:Chamarajanagar,1,-18.025891822361466,175177.63258333332
Karnataka:Chamarajanagar,Chamarajanagar,Karnataka,Rabi,26947.71289,27656.5750846,54058.3111348,82151.65672,1180,1222,1231,43,7,Maize,87.73457657923088,Gram,6.9858440279110505,Rice,4.320935827194783,94.76850742201704,Karnataka:Chamarajanagar,1,-18.025891822361466,175177.63258333332
Karnataka:Chamarajanagar,Chamarajanagar,Karnataka,Summer,13020.36617,16030.1019914,26815.9673243,43661.35921,1351,1363,1396,62,8,Maize,62.79919249729916,Rice,36.902068251451055,Groundnut,0.2987392512497819,62.79919249729916,Karnataka:Chamarajanagar,1,-18.025891822361466,175177.63258333332
Karnataka:Chikkaballapura,Chikkaballapura,Karnataka,Kharif,172979.68632,174176.0269004,346104.682266,558600.4375,585,746,649,25,4,Maize,76.99177718584052,Groundnut,21.722344947133237,Rice,1.0273779240776566,77.0231765241241,Karnataka:Chikkaballapura,1,4.14673579460123,202636.23296
Karnataka:Chikkaballapura,Chikkaballapura,Karnataka,Rabi,17929.60071,18153.9618267,35897.1804429,59006.26921,1280,1330,1323,51,7,Maize,68.36437975688943,Groundnut,27.155050061676942,Gram,2.3163142334329443,70.69514944319076,Karnataka:Chikkaballapura,1,4.14673579460123,202636.23296
Karnataka:Chikkaballapura,Chikkaballapura,Karnataka,Summer,6148.71285,6791.3369244,12462.9500828,19963.18429,1480,1493,1538,67,8,Maize,74.32697843172974,Rice,16.953209703663596,Groundnut,8.71981186460666,74.32697843172974,Karnataka:Chikkaballapura,1,4.14673579460123,202636.23296
Karnataka:Chikkamagaluru,Chikkamagaluru,Karnataka,Kharif,51824.60423,70473.910871,108900.2527235,196585.89062,1001,1011,997,37,6,Rice,41.91095464707854,Maize,27.962941938544013,Moong,12.55233320229954,40.515275140843556,Karnataka:Chikkamagaluru,1,-24.674626531012642,82494.61504666667
Karnataka:Chikkamagaluru,Chikkamagaluru,Karnataka,Rabi,14101.2557,14166.0571808,28216.6766546,42434.483,1336,1386,1404,58,8,Gram,86.96720099388284,Maize,12.021053157750353,Rice,0.7559470848074747,99.02503452845447,Karnataka:Chikkamagaluru,1,-24.674626531012642,82494.61504666667
Karnataka:Chikkamagaluru,Chikkamagaluru,Karnataka,Summer,483.10521,800.3400972,1047.9224364,1929.97455,1760,1741,1777,83,10,Rice,99.53311620879043,Maize,0.4668837912095686,,,0.4668837912095686,Karnataka:Chikkamagaluru,1,-24.674626531012642,82494.61504666667
Karnataka:Chitradurga,Chitradurga,Karnataka,Kharif,569669.50439,590608.706499,1145401.7132859,2003461.47225,144,248,142,10,1,Maize,51.109562026111426,Groundnut,42.17981198526529,Cotton,4.616245656584081,52.72998246417368,Karnataka:Chitradurga,1,-14.573991412401949,761278.1503133334
Karnataka:Chitradurga,Chitradurga,Karnataka,Rabi,117709.61853,117836.4282732,235111.6951645,366503.43961,744,867,808,31,4,Gram,65.21923681963773,Maize,22.97362868410624,Groundnut,11.435925414594074,88.23263495882556,Karnataka:Chitradurga,1,-14.573991412401949,761278.1503133334
Karnataka:Chitradurga,Chitradurga,Karnataka,Summer,8249.73002,8436.8222792,16547.6504704,27108.52557,1434,1460,1481,66,8,Maize,71.19312219624874,Groundnut,25.089512178339128,Rice,3.7173656254121408,71.19312219624874,Karnataka:Chitradurga,1,-14.573991412401949,761278.1503133334
Karnataka:Dakshina Kannada,Dakshina Kannada,Karnataka,Kharif,10981.04987,18226.9119242,23825.9871479,43921.72848,1371,1328,1391,64,8,Rice,99.9896289711538,Sugarcane,0.010371028846197424,,,,Karnataka:Dakshina Kannada,1,-28.2311872909699,16127.50041
Karnataka:Dakshina Kannada,Dakshina Kannada,Karnataka,Rabi,1730.12007,2871.9993162,3754.3605519,6920.48028,1650,1626,1667,75,9,Rice,100.0,,,,,,Karnataka:Dakshina Kannada,1,-28.2311872909699,16127.50041
Karnataka:Dakshina Kannada,Dakshina Kannada,Karnataka,Summer,14.80129,24.5701414,32.1187993,59.20516,1868,1864,1868,91,10,Rice,100.0,,,,,,Karnataka:Dakshina Kannada,1,-28.2311872909699,16127.50041
Karnataka:Davanagere,Davanagere,Karnataka,Kharif,460428.62061,546778.5320284,941360.6498618,1520619.15194,198,278,221,13,2,Maize,67.96303153248704,Rice,29.90241689751161,Groundnut,1.633847087432216,67.98507039294189,Karnataka:Davanagere,1,-19.12632722660872,605339.08127
Karnataka:Davanagere,Davanagere,Karnataka,Rabi,22715.43351,22939.5537042,45111.5083083,69379.97199,1222,1280,1276,45,7,Gram,59.30114075808457,Maize,32.666612340445,Groundnut,5.421338438267267,92.07138811707183,Karnataka:Davanagere,1,-19.12632722660872,605339.08127
Karnataka:Davanagere,Davanagere,Karnataka,Summer,33683.16469,54769.2385912,72797.5908394,133073.20929,1099,1083,1108,40,6,Rice,95.23454595131682,Maize,4.559077988338761,Groundnut,0.20637606034441436,4.559077988338761,Karnataka:Davanagere,1,-19.12632722660872,605339.08127
Karnataka:Dharwad,Dharwad,Karnataka,Kharif,572146.97841,731757.161086,1231374.7786718,2221383.5336,128,174,112,8,1,Maize,30.62504221068762,Moong,25.32534701387755,Soybean,19.506070984260344,55.95038922456517,Karnataka:Dharwad,1,-11.124047992823503,1037769.6492566667
Karnataka:Dharwad,Dharwad,Karnataka,Rabi,405095.34464,404241.0883112,779810.8962602,1198596.6034,262,395,316,15,2,Gram,88.09950764406415,Maize,4.943426580068869,Wheat,3.6698093492208854,96.14451239340364,Karnataka:Dharwad,1,-11.124047992823503,1037769.6492566667
Karnataka:Dharwad,Dharwad,Karnataka,Summer,2009.71372,2009.71372,4019.42744,6364.67825,1642,1664,1679,74,9,Maize,83.30423449564746,Groundnut,16.69576550435253,,,83.30423449564746,Karnataka:Dharwad,1,-11.124047992823503,1037769.6492566667
Karnataka:Gadag,Gadag,Karnataka,Kharif,563428.15375,585760.1330322,1128858.3524715,1934877.11284,149,251,149,11,1,Maize,58.263321354713995,Moong,29.06022909090201,Groundnut,6.293557708498566,87.32355044561601,Karnataka:Gadag,1,-21.701900065419554,1045396.9179033333
Karnataka:Gadag,Gadag,Karnataka,Rabi,357644.41041,360736.8864309,689091.6680025,1075109.91042,302,444,366,18,2,Gram,83.62333734064383,Groundnut,6.587347539926331,Maize,4.218845142079781,87.84218248272362,Karnataka:Gadag,1,-21.701900065419554,1045396.9179033333
Karnataka:Gadag,Gadag,Karnataka,Summer,13479.42855,16960.9721694,27855.6183353,53568.61132,1339,1346,1345,60,8,Groundnut,56.399822006790146,Rice,41.0936611692225,Maize,2.5065168239873516,2.5065168239873516,Karnataka:Gadag,1,-21.701900065419554,1045396.9179033333
Karnataka:Hassan,Hassan,Karnataka,Kharif,352210.50844,388519.0014118,708805.4419075,1130000.1608,287,417,346,16,2,Maize,77.6724369692194,Rice,16.073702691600975,Moong,4.891371091437602,82.56380806065701,Karnataka:Hassan,1,-8.74577039094822,394918.77824
Karnataka:Hassan,Hassan,Karnataka,Rabi,24676.81447,25179.6249166,49483.1407217,74812.71259,1199,1252,1257,44,7,Maize,95.55631390887903,Rice,3.3408950555457078,Gram,1.020196561166574,96.62904335219672,Karnataka:Hassan,1,-8.74577039094822,394918.77824
Karnataka:Hassan,Hassan,Karnataka,Summer,1361.79281,1596.065849,2783.9286755,4512.96027,1685,1691,1710,80,9,Maize,67.1145764775898,Rice,27.6681425885187,Groundnut,5.217280933891512,67.1145764775898,Karnataka:Hassan,1,-8.74577039094822,394918.77824
Karnataka:Haveri,Haveri,Karnataka,Kharif,811600.81485,914098.4414352,1656994.3852168,2647739.73289,80,113,88,5,1,Maize,77.49570792854493,Rice,8.642708850740167,Cotton,5.024973433274842,77.54519967621266,Karnataka:Haveri,1,-10.975927289461573,994128.2886733334
Karnataka:Haveri,Haveri,Karnataka,Rabi,105181.40143,106830.6056398,210499.0740622,334194.17563,794,896,838,33,5,Maize,75.94910746864362,Moong,11.899707498284949,Gram,5.730068777611771,93.57888374454033,Karnataka:Haveri,1,-10.975927289461573,994128.2886733334
Karnataka:Haveri,Haveri,Karnataka,Summer,39244.27374,52555.4509116,81917.1840242,140513.01964,1072,1097,1093,38,6,Rice,53.42656438394022,Maize,40.19687814253033,Groundnut,6.376557473529453,40.19687814253033,Karnataka:Haveri,1,-10.975927289461573,994128.2886733334
Karnataka:Kalaburagi,Kalaburagi,Karnataka,Kharif,578481.78227,972650.3777592,1276925.2766858,2612993.56871,118,107,91,7,1,Cotton,58.684676902075864,Soybean,16.6025562419942,Moong,14.616411989620655,15.224209064492852,Karnataka:Kalaburagi,1,-26.92150174484274,687632.9769866667
Karnataka:Kalaburagi,Kalaburagi,Karnataka,Rabi,64044.1193,65687.0143055,114300.8651344,191800.35434,992,1029,1004,36,6,Gram,62.13361378891789,Groundnut,18.026792199492096,Wheat,11.796851898054342,64.25096155978059,Karnataka:Kalaburagi,1,-26.92150174484274,687632.9769866667
Karnataka:Kalaburagi,Kalaburagi,Karnataka,Summer,158.36639,169.7497928,319.6648686,547.42534,1820,1824,1830,86,10,Maize,53.83151447127775,Groundnut,34.46020843092421,Rice,11.70827709779804,53.83151447127775,Karnataka:Kalaburagi,1,-26.92150174484274,687632.9769866667
Karnataka:Kodagu,Kodagu,Karnataka,Kharif,36931.96136,58168.7593424,79334.0070488,142972.85072,1082,1066,1088,39,6,Rice,88.01272015146013,Maize,11.987279848539867,,,11.987279848539867,Karnataka:Kodagu,1,-0.4384646088344864,42810.97279666667
Karnataka:Kodagu,Kodagu,Karnataka,Rabi,24.58645,40.813507,53.3525965,98.3458,1859,1855,1863,90,10,Rice,100.0,,,,,,Karnataka:Kodagu,1,-0.4384646088344864,42810.97279666667
Karnataka:Kodagu,Kodagu,Karnataka,Summer,24.66058,40.9365628,53.5134586,98.64232,1858,1854,1862,89,10,Rice,100.0,,,,,,Karnataka:Kodagu,1,-0.4384646088344864,42810.97279666667
Karnataka:Kolar,Kolar,Karnataka,Kharif,19459.3721,23067.3207128,39686.7823968,73637.48028,1252,1278,1260,50,7,Groundnut,48.84720652375969,Rice,29.730623348672832,Maize,20.402439177464984,20.421117940398908,Karnataka:Kolar,1,3.5216919739696313,30395.911023333334
Karnataka:Kolar,Kolar,Karnataka,Rabi,4265.06955,4462.9581024,8581.1103938,13157.77848,1548,1565,1608,70,9,Maize,90.94349404522865,Rice,7.582160628886606,Groundnut,1.0383768056914797,91.37946256542192,Karnataka:Kolar,1,3.5216919739696313,30395.911023333334
Karnataka:Kolar,Kolar,Karnataka,Summer,2219.00742,2500.4612388,4510.5105206,7103.50725,1634,1643,1664,73,9,Maize,78.5952021131397,Rice,20.516215101897217,Groundnut,0.8885827849630756,78.5952021131397,Karnataka:Kolar,1,3.5216919739696313,30395.911023333334
Karnataka:Koppal,Koppal,Karnataka,Kharif,661888.06453,691292.3018078,1215060.6616701,2150852.42155,129,194,118,9,1,Maize,52.215634764106895,Rice,25.796107468435295,Cotton,8.800464575079193,57.7178845388718,Karnataka:Koppal,1,-16.689093443722,1059781.80322
Karnataka:Koppal,Koppal,Karnataka,Rabi,286732.34429,289426.2366443,570702.9077246,922662.2573,365,540,425,21,2,Gram,62.777645494823666,Groundnut,21.151565637063726,Maize,13.475597169571772,76.64828024865949,Karnataka:Koppal,1,-16.689093443722,1059781.80322
Karnataka:Koppal,Koppal,Karnataka,Summer,18628.96784,28936.9163216,39913.0133192,72679.42416,1250,1211,1264,49,7,Rice,84.91287011621527,Maize,9.202247824854577,Groundnut,5.884882058930145,9.202247824854577,Karnataka:Koppal,1,-16.689093443722,1059781.80322
Karnataka:Mandya,Mandya,Karnataka,Kharif,172617.80837,228975.0168258,283649.9336405,604126.75925,658,642,608,26,4,Rice,65.30617149795484,Sugarcane,26.832940686129128,Maize,7.2244512794323095,7.551879545704039,Karnataka:Mandya,1,-39.273003193622266,266273.9633633333
Karnataka:Mandya,Mandya,Karnataka,Rabi,3296.48697,3379.2041892,6614.2798904,10044.07138,1583,1608,1631,71,9,Maize,95.00282879048211,Rice,4.111773237699394,Moong,0.863730004575677,95.86655879505778,Karnataka:Mandya,1,-39.273003193622266,266273.9633633333
Karnataka:Mandya,Mandya,Karnataka,Summer,13440.38675,20136.6489842,28605.5683179,50479.54009,1333,1309,1361,57,8,Rice,76.96577922600868,Maize,22.94662964585309,Groundnut,0.0875911281382275,22.94662964585309,Karnataka:Mandya,1,-39.273003193622266,266273.9633633333
Karnataka:Mysuru,Mysuru,Karnataka,Kharif,318964.36481,451712.5293702,663457.3934177,1195393.79204,321,354,318,20,2,Rice,41.07283684656126,Maize,34.50132314011127,Cotton,17.97625484066513,37.765710727750175,Karnataka:Mysuru,1,-27.96845508081694,445514.6612466667
Karnataka:Mysuru,Mysuru,Karnataka,Rabi,20483.08269,20484.6972414,40966.5812493,61531.8536,1242,1303,1312,48,7,Maize,91.8996773757959,Gram,7.696024964382089,Moong,0.3550285514793481,99.95073089165734,Karnataka:Mysuru,1,-27.96845508081694,445514.6612466667
Karnataka:Mysuru,Mysuru,Karnataka,Summer,15686.99524,23492.7967666,33384.5757217,58888.25425,1301,1267,1324,55,7,Rice,76.87540939757409,Maize,23.12281421321868,Groundnut,0.001776389207230582,23.12281421321868,Karnataka:Mysuru,1,-27.96845508081694,445514.6612466667
Karnataka:Raichur,Raichur,Karnataka,Kharif,946650.20639,1618333.3944862,2061436.8582983,4110246.99407,54,43,43,2,1,Cotton,52.477733428566594,Rice,44.98571698055413,Bajra,1.95834904585558,0.206577851892846,Karnataka:Raichur,1,-23.938077820389346,1311576.2502033333
Karnataka:Raichur,Raichur,Karnataka,Rabi,133813.24908,154391.7037215,257495.6598389,453030.71842,704,782,735,28,4,Gram,46.45807804094405,Rice,36.545861330119266,Groundnut,13.429569174732901,49.474284257724214,Karnataka:Raichur,1,-23.938077820389346,1311576.2502033333
Karnataka:Raichur,Raichur,Karnataka,Summer,660.59714,1090.1004296,1431.8239152,2632.55398,1739,1718,1758,82,10,Rice,98.6262863896045,Maize,1.3737136103954914,,,1.3737136103954914,Karnataka:Raichur,1,-23.938077820389346,1311576.2502033333
Karnataka:Shivamogga,Shivamogga,Karnataka,Kharif,264752.42864,368920.3924154,555102.8341103,952233.87567,382,436,412,22,3,Rice,61.60301143127507,Maize,38.073815825268255,Sugarcane,0.22732104620263294,38.07737696723787,Karnataka:Shivamogga,1,-15.785946549028532,322383.7099
Karnataka:Shivamogga,Shivamogga,Karnataka,Rabi,1791.45029,1799.5556642,3584.9883279,5534.19986,1654,1674,1696,76,9,Maize,90.88622617381326,Moong,7.679768936968204,Rice,0.7433633100727731,98.7038477213894,Karnataka:Shivamogga,1,-15.785946549028532,322383.7099
Karnataka:Shivamogga,Shivamogga,Karnataka,Summer,16955.68077,23583.6099702,35618.5554249,60924.38296,1281,1266,1314,52,7,Rice,61.18111070182791,Maize,38.73453057098184,Groundnut,0.08435872719025174,38.73453057098184,Karnataka:Shivamogga,1,-15.785946549028532,322383.7099
Karnataka:Tumakuru,Tumakuru,Karnataka,Kharif,260161.60716,275094.8406528,524873.0424042,986391.8183,399,566,395,23,3,Groundnut,42.4376713270915,Moong,25.234042623588202,Maize,24.644164056798385,49.87820668038658,Karnataka:Tumakuru,1,-15.108657005871896,303422.04662
Karnataka:Tumakuru,Tumakuru,Karnataka,Rabi,10797.00979,10894.6204675,21610.4989261,39974.05888,1397,1427,1415,65,8,Groundnut,68.794893680333,Maize,23.23441035382954,Gram,6.412788731713464,29.647199085543004,Karnataka:Tumakuru,1,-15.108657005871896,303422.04662
Karnataka:Tumakuru,Tumakuru,Karnataka,Summer,1614.08191,2040.3234796,3337.9533152,5738.47743,1665,1660,1693,79,9,Maize,43.01139903491961,Rice,41.984727851594606,Groundnut,15.003873113485778,43.01139903491961,Karnataka:Tumakuru,1,-15.108657005871896,303422.04662
Karnataka:Udupi,Udupi,Karnataka,Kharif,73046.51592,121248.9316584,158496.4505908,292173.65926,889,854,881,34,5,Rice,99.9919554286847,Sugarcane,0.0077951272435101155,Moong,0.00012472203589616185,0.00018708305384424278,Karnataka:Udupi,1,-14.172322766296464,101067.75476
Karnataka:Udupi,Udupi,Karnataka,Rabi,16091.6462,24292.3930928,34295.6059936,64284.86883,1291,1259,1301,53,7,Rice,78.61958105837714,Groundnut,19.949649122038483,Moong,0.9542308133032283,1.4307698195843783,Karnataka:Udupi,1,-14.172322766296464,101067.75476
Karnataka:Udupi,Udupi,Karnataka,Summer,39.43716,65.4656856,85.5786372,157.74864,1850,1845,1856,88,10,Rice,100.0,,,,,,Karnataka:Udupi,1,-14.172322766296464,101067.75476
Karnataka:Uttara Kannada,Uttara Kannada,Karnataka,Kharif,143886.89833,205291.2868776,271712.1464232,524898.9627,675,684,674,27,4,Rice,73.92134604036615,Maize,13.994619983154807,Sugarcane,11.759306163013639,13.99532932943372,Karnataka:Uttara Kannada,1,-2.749488783304264,165454.34642333334
Karnataka:Uttara Kannada,Uttara Kannada,Karnataka,Rabi,13733.49677,14479.61522,27659.175565,50529.40487,1343,1381,1360,61,8,Moong,43.45927083673002,Maize,31.669944606318925,Groundnut,15.82255439868531,75.30824767733817,Karnataka:Uttara Kannada,1,-2.749488783304264,165454.34642333334
Karnataka:Uttara Kannada,Uttara Kannada,Karnataka,Summer,2202.32817,2667.612528,4524.502311,7321.96836,1632,1635,1662,72,9,Maize,65.74620666604407,Rice,33.81142202714194,Groundnut,0.44237130681399267,65.74620666604407,Karnataka:Uttara Kannada,1,-2.749488783304264,165454.34642333334
Karnataka:Vijayanagara,Vijayanagara,Karnataka,Kharif,702361.19128,715515.577077,1380579.9062727,2194934.56735,103,181,114,6,1,Maize,83.80691549276095,Groundnut,8.758492651573881,Rice,5.2627001208975015,83.8162190165495,Karnataka:Ballari,2,-14.320115333292126,1265053.20942
Karnataka:Vijayanagara,Vijayanagara,Karnataka,Rabi,73845.31609,85047.3679993,150383.3107791,265362.04905,906,952,914,35,5,Groundnut,35.8931549254744,Rice,24.50417033358822,Gram,24.266039729371087,39.48130050628703,Karnataka:Ballari,2,-14.320115333292126,1265053.20942
Karnataka:Vijayanagara,Vijayanagara,Karnataka,Summer,20985.43699,29837.3210464,44250.9047218,82252.81946,1225,1205,1230,46,7,Rice,65.77023002077082,Groundnut,26.596350908509212,Maize,7.633419070719959,7.633419070719959,Karnataka:Ballari,2,-14.320115333292126,1265053.20942
Karnataka:Vijayapura,Vijayapura,Karnataka,Kharif,629848.41136,772975.4934986,1101945.2019527,2226713.95009,152,154,110,12,1,Cotton,40.79155100448401,Maize,39.56835056111219,Sugarcane,15.731170490403464,39.69298305622776,Karnataka:Vijayapura,1,-21.101718022939902,823182.7789733333
Karnataka:Vijayapura,Vijayapura,Karnataka,Rabi,154965.60212,152938.7641229,240343.0996729,402610.50704,735,785,776,30,4,Gram,61.925664985830196,Wheat,27.26703144882897,Maize,6.417772717832355,68.34343770366254,Karnataka:Vijayapura,1,-21.101718022939902,823182.7789733333
Karnataka:Vijayapura,Vijayapura,Karnataka,Summer,4538.33744,4538.33744,9076.67488,15778.52108,1540,1560,1578,69,9,Maize,52.32816447425734,Groundnut,47.67183552574266,,,52.32816447425734,Karnataka:Vijayapura,1,-21.101718022939902,823182.7789733333
Karnataka:Yadgir,Yadgir,Karnataka,Kharif,774202.18043,1414710.0182768,1766982.0412734,3567827.94949,72,54,52,4,1,Cotton,68.05335063877665,Rice,28.38993960601221,Moong,2.7167180083734928,2.7421610366272495,Karnataka:Yadgir,1,-17.352963266334825,891314.2287933333
Karnataka:Yadgir,Yadgir,Karnataka,Rabi,30705.06607,35365.8148732,62527.1172967,122117.33891,1139,1174,1134,41,7,Groundnut,69.73876302834351,Rice,24.520616841725374,Moong,3.8881019389779343,5.613890279546372,Karnataka:Yadgir,1,-17.352963266334825,891314.2287933333
Karnataka:Yadgir,Yadgir,Karnataka,Summer,5389.94288,8625.813749,11613.3676505,21495.84675,1492,1455,1520,68,8,Rice,91.61124930064489,Groundnut,7.2878681315454665,Maize,1.1008825678096532,1.1008825678096532,Karnataka:Yadgir,1,-17.352963266334825,891314.2287933333
Kerala:Alappuzha,Alappuzha,Kerala,Kharif,16171.26182,26724.55688,34890.86594,64503.62646,1287,1234,1299,8,7,Rice,99.44710179927395,Sugarcane,0.48703483109940837,Maize,0.06586336962664677,0.06586336962664677,Kerala:Alappuzha,1,0.7759096192739867,94630.70092
Kerala:Alappuzha,Alappuzha,Kerala,Rabi,13685.78176,22704.8126578,29694.6472361,54743.12704,1328,1282,1341,11,8,Rice,99.8613660580889,Moong,0.13863394191109685,,,0.13863394191109685,Kerala:Alappuzha,1,0.7759096192739867,94630.70092
Kerala:Alappuzha,Alappuzha,Kerala,Summer,67251.74911,111534.49069,145909.65893,269006.99644,915,891,909,3,5,Rice,99.78522859809415,Moong,0.19377183256636923,Groundnut,0.020999569339477175,0.19377183256636923,Kerala:Alappuzha,1,0.7759096192739867,94630.70092
Kerala:Ernakulam,Ernakulam,Kerala,Kharif,1741.38783,2869.52288,3763.132849,6936.19584,1649,1627,1666,24,9,Rice,99.03021762812074,Maize,0.7577553369548873,Sugarcane,0.11885070709604385,0.7577553369548873,Kerala:Ernakulam,1,-16.06304624082575,10904.555946666667
Kerala:Ernakulam,Ernakulam,Kerala,Rabi,5873.8141,9750.531406,12746.176597,23495.2564,1474,1440,1503,15,8,Rice,100.0,,,,,,Kerala:Ernakulam,1,-16.06304624082575,10904.555946666667
Kerala:Ernakulam,Ernakulam,Kerala,Summer,1981.742,3289.69172,4300.38014,7926.968,1638,1615,1654,23,9,Rice,100.0,,,,,,Kerala:Ernakulam,1,-16.06304624082575,10904.555946666667
Kerala:Idukki,Idukki,Kerala,Kharif,773.32416,807.57222,838.06436,2371.86348,1767,1740,1765,35,10,Sugarcane,85.60266540865668,Rice,13.436136336832174,Maize,0.9611982545111452,0.9611982545111452,Kerala:Idukki,1,-47.916009365503726,2604.2280833333334
Kerala:Idukki,Idukki,Kerala,Rabi,754.51985,1251.6326648,1636.0093169,3016.39912,1730,1706,1745,32,10,Rice,99.96794968130172,Wheat,0.029301422372602626,Rapeseed & Mustard,0.0027488963256771535,,Kerala:Idukki,1,-47.916009365503726,2604.2280833333334
Kerala:Idukki,Idukki,Kerala,Summer,22.239,36.91674,48.25863,88.956,1865,1859,1865,42,10,Rice,100.0,,,,,,Kerala:Idukki,1,-47.916009365503726,2604.2280833333334
Kerala:Kannur,Kannur,Kerala,Kharif,4941.15986,8192.55108,10717.6294092,19750.10996,1508,1465,1541,17,8,Rice,99.76056431678845,Maize,0.22133252694516017,Sugarcane,0.01475550179634401,0.22133252694516017,Kerala:Kannur,1,-6.403634866401323,11301.46444
Kerala:Kannur,Kannur,Kerala,Rabi,4567.29756,7568.2104288,9907.5575256,18269.19024,1519,1481,1558,18,9,Rice,99.58698438142531,Moong,0.4130156185746891,,,0.4130156185746891,Kerala:Kannur,1,-6.403634866401323,11301.46444
Kerala:Kannur,Kannur,Kerala,Summer,96.71494,98.3458,193.84995,386.85976,1832,1835,1839,39,10,Moong,97.23390694710007,Rice,2.766093052899936,,,97.23390694710007,Kerala:Kannur,1,-6.403634866401323,11301.46444
Kerala:Kasaragod,Kasaragod,Kerala,Kharif,3531.10842,5855.57812,7657.9482532,14116.67474,1565,1517,1597,20,9,Rice,99.918067307423,Maize,0.05808083122188001,Bajra,0.02385186135511872,0.05808083122188001,Kerala:Kasaragod,1,-3.429444041826276,6232.65272
Kerala:Kasaragod,Kasaragod,Kerala,Rabi,1627.30176,2695.5639858,3529.7619721,6509.20704,1658,1633,1673,26,9,Rice,99.50576667384682,Moong,0.4942333261531825,,,0.4942333261531825,Kerala:Kasaragod,1,-3.429444041826276,6232.65272
Kerala:Kasaragod,Kasaragod,Kerala,Summer,373.31868,585.33048,801.24646,1493.27472,1771,1765,1787,36,10,Rice,86.9980879541109,Moong,13.001912045889101,,,13.001912045889101,Kerala:Kasaragod,1,-3.429444041826276,6232.65272
Kerala:Kollam,Kollam,Kerala,Kharif,701.49219,1163.02557,1521.86419,2803.76957,1735,1713,1750,33,10,Rice,99.71098735163747,Maize,0.28901264836253227,,,0.28901264836253227,Kerala:Kollam,1,-10.825011676267152,4381.890193333334
Kerala:Kollam,Kollam,Kerala,Rabi,2332.42632,3870.3925344,5060.9954528,9329.70528,1616,1590,1642,22,9,Rice,99.91406907908613,Moong,0.08593092091386753,,,0.08593092091386753,Kerala:Kollam,1,-10.825011676267152,4381.890193333334
Kerala:Kollam,Kollam,Kerala,Summer,929.14542,1532.56362,2013.71674,3716.58168,1715,1693,1726,31,10,Rice,98.52259062016836,Moong,1.477409379831644,,,1.477409379831644,Kerala:Kollam,1,-10.825011676267152,4381.890193333334
Kerala:Kottayam,Kottayam,Kerala,Kharif,5578.72728,8845.04334,11369.5879332,21685.29832,1499,1450,1518,16,8,Rice,94.46451597984286,Sugarcane,5.53115472341488,Maize,0.0026080100856966035,0.0026080100856966035,Kerala:Kottayam,1,3.605508783147724,45505.14528
Kerala:Kottayam,Kottayam,Kerala,Rabi,12805.26562,21256.7409292,27787.4263954,51221.06248,1340,1293,1358,12,8,Rice,100.0,,,,,,Kerala:Kottayam,1,3.605508783147724,45505.14528
Kerala:Kottayam,Kottayam,Kerala,Summer,27739.446,46047.48036,60194.59782,110957.784,1153,1119,1160,4,7,Rice,100.0,,,,,,Kerala:Kottayam,1,3.605508783147724,45505.14528
Kerala:Kozhikode,Kozhikode,Kerala,Kharif,76.40332,120.98016,161.346416,298.15086,1838,1831,1845,40,10,Rice,96.37650085763293,Maize,2.5116393040921343,Bajra,1.1118598382749325,2.5116393040921343,Kerala:Kozhikode,1,-2.583985669063336,4172.398813333333
Kerala:Kozhikode,Kozhikode,Kerala,Rabi,2619.21058,4346.3565544,5683.2920928,10476.84232,1598,1567,1628,21,9,Rice,99.91826075584105,Moong,0.0817392441589484,,,0.0817392441589484,Kerala:Kozhikode,1,-2.583985669063336,4172.398813333333
Kerala:Kozhikode,Kozhikode,Kerala,Summer,1228.13642,2028.88868,2662.52721,4912.54568,1687,1661,1704,28,9,Rice,98.88260897810693,Moong,1.1173910218930683,,,1.1173910218930683,Kerala:Kozhikode,1,-2.583985669063336,4172.398813333333
Kerala:Malappuram,Malappuram,Kerala,Kharif,499.142,828.57572,1083.13814,1996.568,1758,1737,1773,34,10,Rice,100.0,,,,,,Kerala:Malappuram,1,-2.016705138158683,23731.179243333332
Kerala:Malappuram,Malappuram,Kerala,Rabi,15516.22443,25756.8183936,33670.1776082,62064.89772,1297,1244,1309,9,7,Rice,99.99897256259226,Moong,0.0010274374077425422,,,0.0010274374077425422,Kerala:Malappuram,1,-2.016705138158683,23731.179243333332
Kerala:Malappuram,Malappuram,Kerala,Summer,7217.791,11979.9022,15662.1864,28871.164,1445,1407,1470,13,8,Rice,99.9684462955951,Moong,0.03155370440489713,,,0.03155370440489713,Kerala:Malappuram,1,-2.016705138158683,23731.179243333332
Kerala:Palakkad,Palakkad,Kerala,Kharif,73209.08301,121281.67142,158781.8426894,292701.41544,886,853,880,1,5,Rice,99.5372081423457,Groundnut,0.280120190360842,Maize,0.1486815721504158,0.1486815721504158,Kerala:Palakkad,1,-12.261583267287033,177079.86604
Kerala:Palakkad,Palakkad,Kerala,Rabi,71796.98064,119109.6992379,155770.362342,287175.51814,897,862,893,2,5,Rice,99.87536953475542,Groundnut,0.12373213819509266,Rapeseed & Mustard,0.0005176127781161376,0.0003807142713695159,Kerala:Palakkad,1,-12.261583267287033,177079.86604
Kerala:Palakkad,Palakkad,Kerala,Summer,14663.63059,24324.84523,31815.75586,58654.52236,1313,1258,1325,10,7,Rice,99.8401635333645,Groundnut,0.14430328231717832,Moong,0.01553318431831844,0.01553318431831844,Kerala:Palakkad,1,-12.261583267287033,177079.86604
Kerala:Pathanamthitta,Pathanamthitta,Kerala,Kharif,137.16521,171.41327,197.87768,463.38663,1831,1823,1837,38,10,Rice,56.90559440559441,Sugarcane,43.09440559440559,,,,Kerala:Pathanamthitta,1,-9.479058183040461,8612.209246666667
Kerala:Pathanamthitta,Pathanamthitta,Kerala,Rabi,990.92042,1644.9278972,2150.2973114,3963.68168,1706,1686,1721,30,10,Rice,100.0,,,,,,Kerala:Pathanamthitta,1,-9.479058183040461,8612.209246666667
Kerala:Pathanamthitta,Pathanamthitta,Kerala,Summer,6990.459,11604.16194,15169.29603,27961.836,1451,1414,1477,14,8,Rice,100.0,,,,,,Kerala:Pathanamthitta,1,-9.479058183040461,8612.209246666667
Kerala:Thiruvananthapuram,Thiruvananthapuram,Kerala,Kharif,1687.9401,2801.81748,3662.78801,6751.5133,1652,1629,1669,25,9,Rice,99.98650754565509,Maize,0.01349245434490761,,,0.01349245434490761,Kerala:Thiruvananthapuram,1,-23.07184928891306,4045.42236
Kerala:Thiruvananthapuram,Thiruvananthapuram,Kerala,Rabi,1362.68237,2261.3188472,2956.8317114,5450.72948,1681,1653,1697,27,9,Rice,99.92478773846257,Moong,0.07521226153743557,,,0.07521226153743557,Kerala:Thiruvananthapuram,1,-23.07184928891306,4045.42236
Kerala:Thiruvananthapuram,Thiruvananthapuram,Kerala,Summer,234.76971,384.80883,508.18586,939.07884,1791,1787,1804,37,10,Rice,97.07283866575902,Moong,2.92716133424098,,,2.92716133424098,Kerala:Thiruvananthapuram,1,-23.07184928891306,4045.42236
Kerala:Thrissur,Thrissur,Kerala,Kharif,3823.50185,6335.02625,8293.9115,15275.84555,1557,1503,1587,19,9,Rice,99.56204379562044,Maize,0.43795620437956206,,,0.43795620437956206,Kerala:Thrissur,1,3.7494681318604433,57863.48113
Kerala:Thrissur,Thrissur,Kerala,Rabi,27674.13747,45938.9051142,60052.8363029,110696.54988,1155,1120,1161,5,7,Rice,99.9991770580202,Moong,0.0008229419798047652,,,0.0008229419798047652,Kerala:Thrissur,1,3.7494681318604433,57863.48113
Kerala:Thrissur,Thrissur,Kerala,Summer,27126.638,45028.58822,58864.38439,108506.552,1159,1124,1167,6,7,Rice,99.9916044310134,Moong,0.008395568986600252,,,0.008395568986600252,Kerala:Thrissur,1,3.7494681318604433,57863.48113
Kerala:Wayanad,Wayanad,Kerala,Kharif,37.75688,37.75688,75.51376,113.27064,1851,1857,1860,41,10,Maize,100.0,,,,,100.0,Kerala:Wayanad,1,-6.611000370098628,18979.84984
Kerala:Wayanad,Wayanad,Kerala,Rabi,16736.77488,27783.0463008,36318.8014896,66947.09952,1276,1220,1284,7,7,Rice,100.0,,,,,,Kerala:Wayanad,1,-6.611000370098628,18979.84984
Kerala:Wayanad,Wayanad,Kerala,Summer,995.813,1653.04958,2160.91421,3983.252,1704,1684,1720,29,10,Rice,100.0,,,,,,Kerala:Wayanad,1,-6.611000370098628,18979.84984
Ladakh:Kargil,Kargil,Ladakh,Rabi,5412.65137,4923.4415545,4923.4415545,10825.30274,1622,1544,1626,2,9,Wheat,98.97265205161683,Rapeseed & Mustard,1.027347948383166,,,,Ladakh:Kargil,1,1.6459396751740138,4916.02979
Ladakh:Leh Ladakh,Leh Ladakh,Ladakh,Rabi,7733.06863,6042.8564455,6042.8564455,15466.13726,1596,1511,1584,1,9,Wheat,96.26539325838102,Rapeseed & Mustard,3.734606741618979,,,,Ladakh:Leh Ladakh,1,22.87122104436592,9835.016543333333
Madhya Pradesh:Agar-Malwa,Agar-Malwa,Madhya Pradesh,Kharif,453024.4915,903654.85581,1356679.34731,2260707.15115,106,116,106,24,1,Soybean,99.64706071559989,Maize,0.29795974472635095,Groundnut,0.03642353522811364,0.3165157491719966,Madhya Pradesh:Agar-Malwa,1,-0.40244828444859804,797439.3738266666
Madhya Pradesh:Agar-Malwa,Agar-Malwa,Madhya Pradesh,Rabi,340927.79889,265508.6307468,285027.0350368,701374.00207,656,575,538,97,4,Wheat,82.73266787217374,Gram,13.695826634466425,Rapeseed & Mustard,3.5715054933598442,13.695826634466425,Madhya Pradesh:Agar-Malwa,1,-0.40244828444859804,797439.3738266666
Madhya Pradesh:Agar-Malwa,Agar-Malwa,Madhya Pradesh,Summer,6601.99309,6601.99309,13203.98618,26039.10148,1466,1497,1488,136,8,Moong,86.99598396580569,Groundnut,7.4167505679712855,Maize,5.587265466223019,92.58324943202871,Madhya Pradesh:Agar-Malwa,1,-0.40244828444859804,797439.3738266666
Madhya Pradesh:Alirajpur,Alirajpur,Madhya Pradesh,Kharif,319807.91479,503258.9069074,778762.3953627,1371771.4493,263,303,261,52,2,Soybean,51.299742176679686,Maize,18.04059252431761,Cotton,17.77654701566894,18.799297230038302,Madhya Pradesh:Alirajpur,1,2.5754026195374284,456928.82799666666
Madhya Pradesh:Alirajpur,Alirajpur,Madhya Pradesh,Rabi,142569.01519,139902.7318129,193664.8224329,338900.121,828,808,833,108,5,Gram,55.520759985853616,Wheat,44.47907414509698,Rapeseed & Mustard,0.000165869049404312,55.520759985853616,Madhya Pradesh:Alirajpur,1,2.5754026195374284,456928.82799666666
Madhya Pradesh:Alirajpur,Alirajpur,Madhya Pradesh,Summer,4582.00001,4582.00001,9164.00002,17806.24839,1536,1559,1564,149,9,Moong,84.8725401901516,Maize,11.386984916222207,Groundnut,3.7404748936262004,96.2595251063738,Madhya Pradesh:Alirajpur,1,2.5754026195374284,456928.82799666666
Madhya Pradesh:Anuppur,Anuppur,Madhya Pradesh,Kharif,315749.5691,518839.0150888,690470.4887206,1259516.85979,301,292,295,61,2,Rice,92.41604625173349,Soybean,3.9217143921928383,Maize,3.6071485525977884,3.6078642964392316,Madhya Pradesh:Anuppur,1,-15.50079041428426,427577.5734066667
Madhya Pradesh:Anuppur,Anuppur,Madhya Pradesh,Rabi,69274.53442,61689.5468896,87631.7357496,164491.2577,1056,1047,1056,117,6,Gram,59.2072920571322,Wheat,39.682743362821874,Rapeseed & Mustard,1.1099645800459224,59.2072920571322,Madhya Pradesh:Anuppur,1,-15.50079041428426,427577.5734066667
Madhya Pradesh:Anuppur,Anuppur,Madhya Pradesh,Summer,4615.0867,4647.6712828,9238.5663986,18438.50316,1534,1555,1554,147,9,Moong,91.58347902637978,Groundnut,6.784001033915565,Rice,1.1596405110671173,92.05635845501732,Madhya Pradesh:Anuppur,1,-15.50079041428426,427577.5734066667
Madhya Pradesh:Ashoknagar,Ashoknagar,Madhya Pradesh,Kharif,685797.58408,1303175.3882224,1958547.9654188,3287802.96173,61,67,58,17,1,Soybean,88.34103097240346,Rice,6.82386845655943,Maize,3.2541181684244203,3.2818416426301638,Madhya Pradesh:Ashoknagar,1,-3.948983150302476,1208925.2763233334
Madhya Pradesh:Ashoknagar,Ashoknagar,Madhya Pradesh,Rabi,447012.84502,309013.7987881,384888.4977581,969900.38901,543,513,406,85,3,Wheat,55.47197362455001,Gram,39.426846690381886,Rapeseed & Mustard,5.101179685068104,39.426846690381886,Madhya Pradesh:Ashoknagar,1,-3.948983150302476,1208925.2763233334
Madhya Pradesh:Ashoknagar,Ashoknagar,Madhya Pradesh,Summer,3775.61387,3775.61387,7551.22774,15102.45548,1570,1593,1590,154,9,Moong,100.0,,,,,100.0,Madhya Pradesh:Ashoknagar,1,-3.948983150302476,1208925.2763233334
Madhya Pradesh:Balaghat,Balaghat,Madhya Pradesh,Kharif,623355.58705,1031633.0054296,1349284.5739002,2488668.91021,109,96,95,25,1,Rice,99.48729048165107,Maize,0.3208326089052428,Sugarcane,0.19187690944367775,0.3208326089052428,Madhya Pradesh:Balaghat,1,-7.052102185634576,1010682.16837
Madhya Pradesh:Balaghat,Balaghat,Madhya Pradesh,Rabi,259434.63896,233875.0345358,371739.1915958,656733.43498,561,631,563,87,3,Gram,74.172516741201,Wheat,24.915225750828917,Rapeseed & Mustard,0.9122575079700891,74.172516741201,Madhya Pradesh:Balaghat,1,-7.052102185634576,1010682.16837
Madhya Pradesh:Balaghat,Balaghat,Madhya Pradesh,Summer,95642.7731,149652.616064,205197.172418,382522.56196,806,788,796,106,5,Rice,86.5400896734885,Moong,13.018881325314306,Groundnut,0.3937277256210033,13.066182600890501,Madhya Pradesh:Balaghat,1,-7.052102185634576,1010682.16837
Madhya Pradesh:Barwani,Barwani,Madhya Pradesh,Kharif,494762.96793,791550.4126614,1140682.0049401,2104067.07588,146,147,127,30,1,Cotton,49.45713447400486,Maize,27.78190405279878,Soybean,19.666784147417175,28.190835334242546,Madhya Pradesh:Barwani,1,-4.7635472417379985,831894.6765966667
Madhya Pradesh:Barwani,Barwani,Madhya Pradesh,Rabi,294534.13143,287608.1158629,352174.5057229,653634.65272,578,542,565,88,4,Wheat,63.33154342193972,Gram,36.66727080511757,Rapeseed & Mustard,0.001185772942714308,36.66727080511757,Madhya Pradesh:Barwani,1,-4.7635472417379985,831894.6765966667
Madhya Pradesh:Barwani,Barwani,Madhya Pradesh,Summer,20626.25243,20626.25243,41252.50486,79571.06787,1240,1300,1241,123,7,Moong,63.7928535232224,Groundnut,21.982837625923498,Maize,14.224308850854106,78.0171623740765,Madhya Pradesh:Barwani,1,-4.7635472417379985,831894.6765966667
Madhya Pradesh:Betul,Betul,Madhya Pradesh,Kharif,1090490.62521,1654682.8971624,2642431.8242448,4381392.76456,26,38,37,8,1,Soybean,58.17870255174381,Maize,32.6745996736078,Rice,6.001988284943813,32.686367267274626,Madhya Pradesh:Betul,1,-6.609449070869892,1916041.49527
Madhya Pradesh:Betul,Betul,Madhya Pradesh,Rabi,743001.06111,696625.0751376,849313.3295276,1638690.37661,234,191,203,48,2,Wheat,63.52194226771145,Gram,35.9556948140511,Rapeseed & Mustard,0.5223629182374475,35.9556948140511,Madhya Pradesh:Betul,1,-6.609449070869892,1916041.49527
Madhya Pradesh:Betul,Betul,Madhya Pradesh,Summer,27048.03549,27048.03549,54096.07098,107779.5838,1179,1232,1168,121,7,Moong,91.68596561908755,Groundnut,6.788754808750808,Maize,1.525279572161638,93.21124519124919,Madhya Pradesh:Betul,1,-6.609449070869892,1916041.49527
Madhya Pradesh:Bhind,Bhind,Madhya Pradesh,Kharif,237765.27859,120866.333385,267273.7740295,622920.29569,682,858,596,100,4,Rice,57.24867303501751,Bajra,40.36115567593753,Groundnut,1.5771020090937746,0.3398351309619135,Madhya Pradesh:Bhind,1,-5.026923427322006,1042120.1906966667
Madhya Pradesh:Bhind,Bhind,Madhya Pradesh,Rabi,757782.23717,285452.3334257,296199.7996657,1526311.94058,643,546,218,95,4,Wheat,69.2352147300077,Rapeseed & Mustard,23.507882157883582,Gram,7.256903112108728,7.256903112108728,Madhya Pradesh:Bhind,1,-5.026923427322006,1042120.1906966667
Madhya Pradesh:Bhind,Bhind,Madhya Pradesh,Summer,34831.78433,34831.78433,69663.56866,139327.13732,1116,1180,1100,120,6,Moong,100.0,,,,,100.0,Madhya Pradesh:Bhind,1,-5.026923427322006,1042120.1906966667
Madhya Pradesh:Bhopal,Bhopal,Madhya Pradesh,Kharif,350905.69689,680319.216465,1003323.1683685,1693532.78843,175,199,190,36,1,Soybean,87.28040351983297,Rice,12.258644574359803,Maize,0.40436970139913064,0.40929040706570874,Madhya Pradesh:Bhopal,1,-12.317026284292945,697851.6245166666
Madhya Pradesh:Bhopal,Bhopal,Madhya Pradesh,Rabi,286008.95904,273883.6120503,282605.1301003,580739.43613,661,567,630,98,4,Wheat,93.61930481813965,Gram,6.1722291077339095,Rapeseed & Mustard,0.2084660741264352,6.1722291077339095,Madhya Pradesh:Bhopal,1,-12.317026284292945,697851.6245166666
Madhya Pradesh:Bhopal,Bhopal,Madhya Pradesh,Summer,11159.57962,11159.57962,22319.15924,44395.64157,1389,1422,1389,129,8,Moong,97.82539380278197,Maize,2.1746061972180275,,,100.0,Madhya Pradesh:Bhopal,1,-12.317026284292945,697851.6245166666
Madhya Pradesh:Burhanpur,Burhanpur,Madhya Pradesh,Kharif,146432.96731,247384.7886804,342752.4836358,641394.0106,589,618,577,90,4,Cotton,47.42735337513423,Soybean,28.776527593248343,Maize,20.282931263561736,20.36070501947221,Madhya Pradesh:Burhanpur,1,2.4141846432633547,252865.35367333333
Madhya Pradesh:Burhanpur,Burhanpur,Madhya Pradesh,Rabi,90906.75566,89809.9029758,145400.2864958,237403.89484,916,939,943,112,5,Gram,76.46530121741648,Wheat,23.53072207790202,Rapeseed & Mustard,0.003976704681504889,76.46530121741648,Madhya Pradesh:Burhanpur,1,2.4141846432633547,252865.35367333333
Madhya Pradesh:Burhanpur,Burhanpur,Madhya Pradesh,Summer,25205.55905,25205.55905,50411.1181,93517.68839,1196,1251,1202,122,7,Moong,69.85446863159339,Maize,28.97990794614016,Groundnut,1.1656234222664463,98.83437657773355,Madhya Pradesh:Burhanpur,1,2.4141846432633547,252865.35367333333
Madhya Pradesh:Chhatarpur,Chhatarpur,Madhya Pradesh,Kharif,291319.68166,322953.5037204,612984.3646598,1193797.57546,344,491,319,68,2,Groundnut,79.05890026558156,Soybean,14.673252879772619,Moong,4.913690690416937,5.369180569273729,Madhya Pradesh:Chhatarpur,1,-8.834102046699337,1251849.05027
Madhya Pradesh:Chhatarpur,Chhatarpur,Madhya Pradesh,Rabi,938666.50423,799381.5263707,1014083.9488507,2092035.43094,173,144,129,35,1,Wheat,55.8616826410297,Gram,42.34411218584624,Rapeseed & Mustard,1.7942051731240594,42.34411218584624,Madhya Pradesh:Chhatarpur,1,-8.834102046699337,1251849.05027
Madhya Pradesh:Chhatarpur,Chhatarpur,Madhya Pradesh,Summer,4728.30792,4728.30792,9456.61584,18913.23168,1528,1550,1549,144,9,Moong,100.0,,,,,100.0,Madhya Pradesh:Chhatarpur,1,-8.834102046699337,1251849.05027
Madhya Pradesh:Chhindwara,Chhindwara,Madhya Pradesh,Kharif,1137315.35862,1358533.36332,2369088.734796,3844002.15556,38,60,49,11,1,Maize,73.54618783538449,Cotton,14.047910505330131,Rice,6.317680621738639,73.57702359215756,Madhya Pradesh:Chhindwara,2,-7.478847880590053,2029027.99498
Madhya Pradesh:Chhindwara,Chhindwara,Madhya Pradesh,Rabi,804108.19923,757659.7978845,894041.5526245,1744598.1532,218,161,177,46,2,Wheat,69.03367709919199,Gram,30.509041630032765,Rapeseed & Mustard,0.45728127077524006,30.509041630032765,Madhya Pradesh:Chhindwara,2,-7.478847880590053,2029027.99498
Madhya Pradesh:Chhindwara,Chhindwara,Madhya Pradesh,Summer,19105.25309,19105.25309,38210.50618,75884.70652,1262,1318,1253,126,7,Moong,85.05727651682211,Groundnut,12.13561154661469,Maize,2.807111936563202,87.8643884533853,Madhya Pradesh:Chhindwara,2,-7.478847880590053,2029027.99498
Madhya Pradesh:Damoh,Damoh,Madhya Pradesh,Kharif,370016.70741,650842.6658664,919058.9111718,1608908.08078,208,214,205,44,2,Rice,49.01851205026684,Soybean,46.93765587343955,Maize,3.241760324374969,4.006032770310372,Madhya Pradesh:Damoh,1,-5.095906278856117,1004187.7708566666
Madhya Pradesh:Damoh,Damoh,Madhya Pradesh,Rabi,581493.68417,566731.6546535,838259.8123935,1434515.52608,238,263,244,49,2,Gram,64.78377078932132,Wheat,35.11536857830672,Rapeseed & Mustard,0.10086063237194931,64.78377078932132,Madhya Pradesh:Damoh,1,-5.095906278856117,1004187.7708566666
Madhya Pradesh:Damoh,Damoh,Madhya Pradesh,Summer,46562.75799,46562.75799,93125.51598,186251.03196,1047,1116,1014,115,6,Moong,100.0,,,,,100.0,Madhya Pradesh:Damoh,1,-5.095906278856117,1004187.7708566666
Madhya Pradesh:Datia,Datia,Madhya Pradesh,Kharif,367651.54034,504501.759615,729591.5882997,1418762.97521,280,301,246,57,2,Rice,66.8644094683706,Groundnut,27.856477207151425,Sugarcane,3.8931907323926147,0.2219590502371292,Madhya Pradesh:Datia,1,-4.288299020997581,795426.9502433334
Madhya Pradesh:Datia,Datia,Madhya Pradesh,Rabi,407840.87274,356209.483413,396456.933733,855929.1958,531,453,462,84,3,Wheat,78.11142102278315,Gram,20.30356737163551,Rapeseed & Mustard,1.5850116055813468,20.30356737163551,Madhya Pradesh:Datia,1,-4.288299020997581,795426.9502433334
Madhya Pradesh:Datia,Datia,Madhya Pradesh,Summer,8663.69665,10154.3353072,17711.3456814,34654.7866,1426,1436,1437,131,8,Moong,62.652041801957935,Rice,27.671749564161832,Groundnut,9.67620863388023,62.652041801957935,Madhya Pradesh:Datia,1,-4.288299020997581,795426.9502433334
Madhya Pradesh:Dewas,Dewas,Madhya Pradesh,Kharif,1011631.30418,1975673.4567682,2985233.9090049,4963162.23704,20,20,25,5,1,Soybean,96.63260693838195,Maize,3.128853723597667,Cotton,0.18790246643921507,3.1290192717640966,Madhya Pradesh:Dewas,1,-7.681761932787738,1985262.0795233333
Madhya Pradesh:Dewas,Dewas,Madhya Pradesh,Rabi,808568.55191,769948.3148882,947837.5569782,1795026.34591,196,156,167,42,2,Wheat,62.14253496882136,Gram,37.535807856596975,Rapeseed & Mustard,0.32165717458166954,37.535807856596975,Madhya Pradesh:Dewas,1,-7.681761932787738,1985262.0795233333
Madhya Pradesh:Dewas,Dewas,Madhya Pradesh,Summer,106166.21848,106166.21848,212332.43696,423917.42113,792,897,758,105,5,Moong,99.29595986303232,Maize,0.7040401369676815,,,100.0,Madhya Pradesh:Dewas,1,-7.681761932787738,1985262.0795233333
Madhya Pradesh:Dhar,Dhar,Madhya Pradesh,Kharif,1217564.29592,2308330.51176,3334004.7426966,5840709.29757,17,15,17,4,1,Soybean,70.97783095431387,Cotton,21.93607904062163,Maize,6.564901067386331,6.639223661120731,Madhya Pradesh:Dhar,1,-9.304393286486107,2229031.99519
Madhya Pradesh:Dhar,Dhar,Madhya Pradesh,Rabi,877481.97439,855460.2775894,1000892.1439594,1900395.81515,176,126,154,37,1,Wheat,70.93862209175268,Gram,29.060447171598394,Rapeseed & Mustard,0.000930736648920873,29.060447171598394,Madhya Pradesh:Dhar,1,-9.304393286486107,2229031.99519
Madhya Pradesh:Dhar,Dhar,Madhya Pradesh,Summer,7603.41526,7603.41526,15206.83052,26991.94379,1450,1480,1482,135,8,Moong,54.99762760557155,Maize,45.00237239442845,,,100.0,Madhya Pradesh:Dhar,1,-9.304393286486107,2229031.99519
Madhya Pradesh:Dindori,Dindori,Madhya Pradesh,Kharif,327846.37431,526493.966019,717023.2169555,1291255.3969,284,287,279,58,2,Rice,84.79173558800291,Maize,9.436536488636358,Soybean,5.745881479951704,9.436536488636358,Madhya Pradesh:Dindori,1,-25.333856207260478,651169.6984333333
Madhya Pradesh:Dindori,Dindori,Madhya Pradesh,Rabi,177560.77206,155007.8003754,196021.1618554,396134.9056,823,781,783,107,5,Wheat,56.696974504203695,Gram,41.845850817122034,Rapeseed & Mustard,1.4571746786742723,41.845850817122034,Madhya Pradesh:Dindori,1,-25.333856207260478,651169.6984333333
Madhya Pradesh:Dindori,Dindori,Madhya Pradesh,Summer,5060.18793,5060.18793,10120.37586,20240.75172,1514,1541,1535,142,9,Moong,100.0,,,,,100.0,Madhya Pradesh:Dindori,1,-25.333856207260478,651169.6984333333
Madhya Pradesh:Guna,Guna,Madhya Pradesh,Kharif,785919.76127,1233376.6776072,2001781.8554664,3241464.99061,59,74,61,16,1,Soybean,63.5329150744891,Maize,32.587363938715114,Rice,3.8512322636892846,32.59944624825047,Madhya Pradesh:Guna,1,-9.438773158379956,1494071.0162233333
Madhya Pradesh:Guna,Guna,Madhya Pradesh,Rabi,567299.49416,389561.4209312,463780.7722912,1208818.33968,454,416,312,78,3,Wheat,62.556342307877294,Gram,32.006221816112266,Rapeseed & Mustard,5.437435876010441,32.006221816112266,Madhya Pradesh:Guna,1,-9.438773158379956,1494071.0162233333
Madhya Pradesh:Guna,Guna,Madhya Pradesh,Summer,64326.15924,64326.15924,128652.31848,257304.63696,945,1040,927,113,5,Moong,100.0,,,,,100.0,Madhya Pradesh:Guna,1,-9.438773158379956,1494071.0162233333
Madhya Pradesh:Gwalior,Gwalior,Madhya Pradesh,Kharif,269964.38539,360378.4429238,505893.9988515,976006.15588,409,445,399,74,3,Rice,90.95682624082103,Bajra,6.636892350892619,Groundnut,0.8928040400269334,0.08010452800784364,Madhya Pradesh:Gwalior,1,-13.940228668841666,796351.5407866667
Madhya Pradesh:Gwalior,Gwalior,Madhya Pradesh,Rabi,445943.56919,304666.9080035,325568.8993235,912789.1297,612,516,428,91,4,Wheat,81.05014925381516,Gram,12.840287486570292,Rapeseed & Mustard,6.109563259614538,12.840287486570292,Madhya Pradesh:Gwalior,1,-13.940228668841666,796351.5407866667
Madhya Pradesh:Gwalior,Gwalior,Madhya Pradesh,Summer,7603.71178,7929.5412994,15291.3493453,30414.84712,1449,1473,1459,134,8,Moong,92.99415675419596,Rice,7.005843245804038,,,92.99415675419596,Madhya Pradesh:Gwalior,1,-13.940228668841666,796351.5407866667
Madhya Pradesh:Harda,Harda,Madhya Pradesh,Kharif,474118.33126,915309.4281268,1385566.6706616,2302427.98464,102,112,101,23,1,Soybean,94.45377350229519,Maize,4.344802320573631,Rice,1.1748695617676097,4.35727175446363,Madhya Pradesh:Harda,1,-5.361397656107009,1129799.71328
Madhya Pradesh:Harda,Harda,Madhya Pradesh,Rabi,443007.84822,431496.4444077,666458.4723377,1120977.72437,318,376,350,65,2,Gram,70.5106282483998,Wheat,29.3669935702802,Rapeseed & Mustard,0.12237818132001012,70.5106282483998,Madhya Pradesh:Harda,1,-5.361397656107009,1129799.71328
Madhya Pradesh:Harda,Harda,Madhya Pradesh,Summer,322226.20836,322226.20836,644452.41672,1288904.83344,332,492,280,67,2,Moong,100.0,,,,,100.0,Madhya Pradesh:Harda,1,-5.361397656107009,1129799.71328
Madhya Pradesh:Indore,Indore,Madhya Pradesh,Kharif,607362.73143,1211200.3174572,1818320.7826574,3030043.51251,67,77,69,19,1,Soybean,99.58306453571298,Maize,0.34651223920961755,Cotton,0.03293759284457588,0.3484120459065148,Madhya Pradesh:Indore,1,-8.56983836600253,1115720.7048166667
Madhya Pradesh:Indore,Indore,Madhya Pradesh,Rabi,451037.95576,438089.4032746,457854.8828546,921841.3911,460,368,426,79,3,Wheat,91.36569974671336,Gram,8.633949454363199,Rapeseed & Mustard,0.00035079892344624437,8.633949454363199,Madhya Pradesh:Indore,1,-8.56983836600253,1115720.7048166667
Madhya Pradesh:Indore,Indore,Madhya Pradesh,Summer,6125.75726,6125.75726,12251.51452,22954.74986,1485,1506,1508,137,8,Moong,70.04872814695892,Maize,25.274902584043954,Groundnut,4.67636926899712,95.32363073100288,Madhya Pradesh:Indore,1,-8.56983836600253,1115720.7048166667
Madhya Pradesh:Jabalpur,Jabalpur,Madhya Pradesh,Kharif,462896.3836,693354.2242984,980203.2230158,1739575.20324,186,193,178,39,1,Rice,76.44012100067563,Maize,21.979076946631025,Soybean,0.7872410709136809,22.063174364456668,Madhya Pradesh:Jabalpur,1,-14.560363497807602,1132824.5220366667
Madhya Pradesh:Jabalpur,Jabalpur,Madhya Pradesh,Rabi,450637.06072,434374.3227271,492435.3850171,959335.18373,427,373,407,76,3,Wheat,76.27784148656508,Gram,23.581190164871604,Rapeseed & Mustard,0.14096834856331342,23.581190164871604,Madhya Pradesh:Jabalpur,1,-14.560363497807602,1132824.5220366667
Madhya Pradesh:Jabalpur,Jabalpur,Madhya Pradesh,Summer,155844.70979,155844.70979,311689.41958,623378.83916,636,777,594,93,4,Moong,99.76592485526679,Groundnut,0.2340751447332141,,,99.76592485526679,Madhya Pradesh:Jabalpur,1,-14.560363497807602,1132824.5220366667
Madhya Pradesh:Jhabua,Jhabua,Madhya Pradesh,Kharif,403985.59383,673590.3963348,1039177.495741,1757241.71658,168,203,176,34,1,Soybean,59.745201711406196,Maize,23.84464391459047,Cotton,13.511800496784003,23.924444295506984,Madhya Pradesh:Jhabua,1,-4.358171926006529,673384.16964
Madhya Pradesh:Jhabua,Jhabua,Madhya Pradesh,Rabi,242809.80038,236979.3016745,286615.3412045,535255.64029,652,627,664,96,4,Wheat,65.36209836054606,Gram,34.63599632971823,Rapeseed & Mustard,0.0019053097357072878,34.63599632971823,Madhya Pradesh:Jhabua,1,-4.358171926006529,673384.16964
Madhya Pradesh:Jhabua,Jhabua,Madhya Pradesh,Summer,4769.05471,4769.05471,9538.10942,18918.4702,1527,1549,1548,143,9,Moong,95.87100584971063,Maize,3.3077548820990565,Groundnut,0.8212392681903202,99.17876073180967,Madhya Pradesh:Jhabua,1,-4.358171926006529,673384.16964
Madhya Pradesh:Katni,Katni,Madhya Pradesh,Kharif,444363.36469,736248.6251386,963372.7549817,1775452.14644,190,172,171,40,2,Rice,99.57318872526366,Maize,0.3241939035383378,Sugarcane,0.05897838993908366,0.3339304421226973,Madhya Pradesh:Katni,1,2.8501739482407915,993145.5884466667
Madhya Pradesh:Katni,Katni,Madhya Pradesh,Rabi,488431.82115,450295.4217426,530839.7176726,1057407.93823,398,358,377,72,3,Wheat,68.89891907731649,Gram,30.345994562402502,Rapeseed & Mustard,0.7550863602810053,30.345994562402502,Madhya Pradesh:Katni,1,2.8501739482407915,993145.5884466667
Madhya Pradesh:Katni,Katni,Madhya Pradesh,Summer,59240.9895,59240.9895,118481.979,236951.82539,980,1055,944,114,6,Moong,99.97951990656739,Maize,0.020480093432605477,,,100.0,Madhya Pradesh:Katni,1,2.8501739482407915,993145.5884466667
Madhya Pradesh:Khandwa (East Nimar),Khandwa (East Nimar),Madhya Pradesh,Kharif,758648.02615,1480711.3499598,2168877.9566111,3720251.43623,49,51,50,14,1,Soybean,83.89990774415375,Cotton,12.702622633800898,Maize,3.1916839972020825,3.198510675464392,Madhya Pradesh:Khandwa (East Nimar),1,-3.2459561187034693,1393746.3076366666
Madhya Pradesh:Khandwa (East Nimar),Khandwa (East Nimar),Madhya Pradesh,Rabi,584083.1192,569661.0380027,762952.5172927,1361457.71769,269,260,263,53,2,Gram,50.66933391238695,Wheat,49.27593148873108,Rapeseed & Mustard,0.054734598881963165,50.66933391238695,Madhya Pradesh:Khandwa (East Nimar),1,-3.2459561187034693,1393746.3076366666
Madhya Pradesh:Khandwa (East Nimar),Khandwa (East Nimar),Madhya Pradesh,Summer,40705.67256,40705.67256,81411.34512,162650.38741,1075,1146,1063,118,6,Moong,99.51655278583118,Maize,0.42328948071310285,Groundnut,0.060157733455712736,99.93984226654429,Madhya Pradesh:Khandwa (East Nimar),1,-3.2459561187034693,1393746.3076366666
Madhya Pradesh:Khargone (West Nimar),Khargone (West Nimar),Madhya Pradesh,Kharif,910379.58347,1701159.2047464,2282442.8870278,4314759.43262,44,35,38,13,1,Cotton,57.127417623752294,Soybean,32.52864871842714,Maize,10.02400386972808,10.087802193369651,Madhya Pradesh:Khargone (West Nimar),1,-0.18765072383827122,1671784.4137166666
Madhya Pradesh:Khargone (West Nimar),Khargone (West Nimar),Madhya Pradesh,Rabi,748260.23867,735242.5629248,1068676.1647548,1829954.07917,160,173,160,32,1,Gram,62.401242364473234,Wheat,37.59046143851929,Rapeseed & Mustard,0.00829619700747628,62.401242364473234,Madhya Pradesh:Khargone (West Nimar),1,-0.18765072383827122,1671784.4137166666
Madhya Pradesh:Khargone (West Nimar),Khargone (West Nimar),Madhya Pradesh,Summer,36000.76501,36000.76501,72001.53002,137936.162,1106,1170,1103,119,6,Moong,75.06182516536472,Maize,16.85213644297499,Groundnut,8.086038391660278,91.91396160833972,Madhya Pradesh:Khargone (West Nimar),1,-0.18765072383827122,1671784.4137166666
Madhya Pradesh:Mandla,Mandla,Madhya Pradesh,Kharif,440966.97519,710500.9721782,948173.5727009,1731307.48434,195,184,181,41,2,Rice,93.45138864257432,Maize,6.1979212869854985,Sugarcane,0.33870218095743726,6.1979212869854985,Madhya Pradesh:Mandla,1,-15.719538417431192,724921.0835766667
Madhya Pradesh:Mandla,Mandla,Madhya Pradesh,Rabi,222602.92607,207562.1744252,266858.5884552,504502.26617,685,681,689,101,4,Wheat,54.97152431057217,Gram,44.44032652144125,Rapeseed & Mustard,0.5881491679865836,44.44032652144125,Madhya Pradesh:Mandla,1,-15.719538417431192,724921.0835766667
Madhya Pradesh:Mandla,Mandla,Madhya Pradesh,Summer,4718.54747,4718.54747,9437.09494,18874.18988,1529,1552,1550,145,9,Moong,100.0,,,,,100.0,Madhya Pradesh:Mandla,1,-15.719538417431192,724921.0835766667
Madhya Pradesh:Mandsaur,Mandsaur,Madhya Pradesh,Kharif,844056.55971,1673569.4667524,2517579.9467602,4194359.46342,29,37,40,9,1,Soybean,98.85689661743476,Maize,0.8956661149536796,Groundnut,0.2125748271425104,0.9274293573098584,Madhya Pradesh:Mandsaur,1,-3.546152831860918,1457351.29729
Madhya Pradesh:Mandsaur,Mandsaur,Madhya Pradesh,Rabi,578778.30227,482384.9149826,600827.0367526,1275998.72631,347,321,285,69,2,Wheat,58.44644508863813,Gram,39.4263621724368,Rapeseed & Mustard,2.1271927389250753,39.4263621724368,Madhya Pradesh:Mandsaur,1,-3.546152831860918,1457351.29729
Madhya Pradesh:Mandsaur,Mandsaur,Madhya Pradesh,Summer,5113.95689,5113.95689,10227.91378,20455.82756,1513,1539,1531,141,9,Moong,99.52116119617895,Groundnut,0.47883880382104665,,,99.52116119617895,Madhya Pradesh:Mandsaur,1,-3.546152831860918,1457351.29729
Madhya Pradesh:Morena,Morena,Madhya Pradesh,Kharif,605499.07852,22423.8485912,421079.4316694,1239423.82445,498,1284,305,82,3,Bajra,92.78898319159896,Rice,5.853766527298002,Soybean,1.0122205668184716,0.005868251484532363,Madhya Pradesh:Morena,1,-4.310095272123259,1254189.2190566666
Madhya Pradesh:Morena,Morena,Madhya Pradesh,Rabi,626681.84957,249060.9408749,259190.7559549,1263493.51422,703,612,293,102,4,Wheat,70.74031518952161,Rapeseed & Mustard,21.44319070544741,Gram,7.816494105030983,7.816494105030983,Madhya Pradesh:Morena,1,-4.310095272123259,1254189.2190566666
Madhya Pradesh:Morena,Morena,Madhya Pradesh,Summer,11963.29708,11963.29708,23926.59416,47853.18832,1370,1408,1377,128,8,Moong,100.0,,,,,100.0,Madhya Pradesh:Morena,1,-4.310095272123259,1254189.2190566666
Madhya Pradesh:Narmadapuram,Narmadapuram,Madhya Pradesh,Kharif,670209.97246,1090663.3757852,1513335.2354974,2699065.34338,90,89,83,22,1,Rice,68.78575928123814,Soybean,20.58664581464014,Maize,9.66607286401555,9.80175998421434,Madhya Pradesh:Narmadapuram,1,-14.719847952347076,1922760.8773333333
Madhya Pradesh:Narmadapuram,Narmadapuram,Madhya Pradesh,Rabi,668780.74606,651570.1285135,809693.8910235,1495685.25463,254,213,225,51,2,Wheat,60.906193184948584,Gram,39.057664696005645,Rapeseed & Mustard,0.03614211904576499,39.057664696005645,Madhya Pradesh:Narmadapuram,1,-14.719847952347076,1922760.8773333333
Madhya Pradesh:Narmadapuram,Narmadapuram,Madhya Pradesh,Summer,645659.64848,646436.7369614,1291519.4561143,2581946.96102,116,217,92,27,1,Moong,99.69506936069328,Rice,0.197826886943458,Maize,0.10710375236326138,99.80217311305654,Madhya Pradesh:Narmadapuram,1,-14.719847952347076,1922760.8773333333
Madhya Pradesh:Narsimhapur,Narsimhapur,Madhya Pradesh,Kharif,605740.61877,853628.8420716,1248979.5773042,2254493.15448,123,131,107,28,1,Rice,32.46447743600239,Soybean,29.9026020214129,Maize,27.902034652334592,28.10319593836802,Madhya Pradesh:Narsimhapur,1,-7.860562540191427,1349949.4470233333
Madhya Pradesh:Narsimhapur,Narsimhapur,Madhya Pradesh,Rabi,489344.70739,479286.6622579,673976.5545779,1173379.3071,313,326,329,63,2,Gram,57.77349107994742,Wheat,42.19853138749315,Rapeseed & Mustard,0.02797753255943646,57.77349107994742,Madhya Pradesh:Narsimhapur,1,-7.860562540191427,1349949.4470233333
Madhya Pradesh:Narsimhapur,Narsimhapur,Madhya Pradesh,Summer,370682.64191,370682.64191,741365.28382,1482730.56764,276,432,230,56,2,Moong,100.0,,,,,100.0,Madhya Pradesh:Narsimhapur,1,-7.860562540191427,1349949.4470233333
Madhya Pradesh:Neemuch,Neemuch,Madhya Pradesh,Kharif,410827.54573,759220.0779702,1169601.0816301,1952218.93678,139,160,146,29,1,Soybean,89.31132436147684,Maize,6.634316186836457,Groundnut,3.8883016657796516,6.654150084363012,Madhya Pradesh:Neemuch,1,-3.325385646416038,705627.5485233334
Madhya Pradesh:Neemuch,Neemuch,Madhya Pradesh,Rabi,286001.91669,225291.2443425,322534.8795025,669247.46854,618,651,556,92,4,Gram,60.29960871828515,Wheat,37.059026859565904,Rapeseed & Mustard,2.641364422148943,60.29960871828515,Madhya Pradesh:Neemuch,1,-3.325385646416038,705627.5485233334
Madhya Pradesh:Neemuch,Neemuch,Madhya Pradesh,Summer,3596.91115,3596.91115,7193.8223,14375.51199,1574,1599,1594,155,9,Moong,91.56253220210903,Groundnut,8.100161439906572,Maize,0.3373063579844056,91.89983856009343,Madhya Pradesh:Neemuch,1,-3.325385646416038,705627.5485233334
Madhya Pradesh:Niwari,Niwari,Madhya Pradesh,Kharif,126037.01208,126714.4500734,252516.3388433,504481.60861,713,841,690,103,4,Groundnut,96.15456811714438,Moong,2.9829743273263283,Soybean,0.4285757804652705,3.0045024392295088,Madhya Pradesh:Niwari,2,-7.187439734942496,985621.43463
Madhya Pradesh:Niwari,Niwari,Madhya Pradesh,Rabi,154298.60509,147116.0003887,151316.1567687,312797.36656,903,793,862,111,5,Wheat,94.17443524984941,Gram,5.551497566013796,Rapeseed & Mustard,0.2740671841367987,5.551497566013796,Madhya Pradesh:Niwari,2,-7.187439734942496,985621.43463
Madhya Pradesh:Niwari,Niwari,Madhya Pradesh,Summer,4281.55112,4281.55112,8563.10224,17126.20448,1550,1572,1569,150,9,Moong,83.98875756036752,Groundnut,16.011242439632486,,,83.98875756036752,Madhya Pradesh:Niwari,2,-7.187439734942496,985621.43463
Madhya Pradesh:Panna,Panna,Madhya Pradesh,Kharif,325226.00236,536264.692908,704593.754606,1299718.22596,291,281,275,59,2,Rice,97.94182392404127,Moong,0.8574859825969497,Soybean,0.4923597061884117,1.2151774499885823,Madhya Pradesh:Panna,1,-6.6720583164488065,849202.7054933333
Madhya Pradesh:Panna,Panna,Madhya Pradesh,Rabi,480215.44963,419191.6610581,588680.5656781,1129919.80388,354,382,347,70,2,Gram,57.58263972066619,Wheat,41.058134365873755,Rapeseed & Mustard,1.3592259134600595,57.58263972066619,Madhya Pradesh:Panna,1,-6.6720583164488065,849202.7054933333
Madhya Pradesh:Panna,Panna,Madhya Pradesh,Summer,3810.75149,3810.75149,7621.50298,15243.00596,1566,1592,1588,152,9,Moong,100.0,,,,,100.0,Madhya Pradesh:Panna,1,-6.6720583164488065,849202.7054933333
Madhya Pradesh:Raisen,Raisen,Madhya Pradesh,Kharif,785542.61254,1331737.5116654,1795490.3040823,3242693.32471,70,65,60,20,1,Rice,78.96721472060425,Soybean,19.208092965797032,Maize,1.4265185493770272,1.7264531905029508,Madhya Pradesh:Raisen,1,-13.990090290634857,1974750.84912
Madhya Pradesh:Raisen,Raisen,Madhya Pradesh,Rabi,819514.88423,799093.3768832,1054611.5055532,1894547.89713,163,145,156,33,1,Wheat,51.491315080841076,Gram,48.457299645326195,Rapeseed & Mustard,0.0513852738327311,48.457299645326195,Madhya Pradesh:Raisen,1,-13.990090290634857,1974750.84912
Madhya Pradesh:Raisen,Raisen,Madhya Pradesh,Summer,352167.63659,352167.63659,704335.27318,1408670.54636,292,459,250,60,2,Moong,100.0,,,,,100.0,Madhya Pradesh:Raisen,1,-13.990090290634857,1974750.84912
Madhya Pradesh:Rajgarh,Rajgarh,Madhya Pradesh,Kharif,1158818.39598,2224843.4238464,3383503.8917918,5609516.78014,16,16,20,3,1,Soybean,94.50108040445403,Maize,5.4126004165172406,Groundnut,0.054622657431650574,5.423687952751796,Madhya Pradesh:Rajgarh,1,-15.894874193759101,2166120.2198766666
Madhya Pradesh:Rajgarh,Rajgarh,Madhya Pradesh,Rabi,807696.88195,646583.6561968,673415.2815068,1642225.38921,314,216,199,64,2,Wheat,88.86690032965298,Gram,7.968819849161401,Rapeseed & Mustard,3.1642798211856182,7.968819849161401,Madhya Pradesh:Rajgarh,1,-15.894874193759101,2166120.2198766666
Madhya Pradesh:Rajgarh,Rajgarh,Madhya Pradesh,Summer,6060.6217,6060.6217,12121.2434,24138.13647,1486,1509,1500,138,8,Moong,98.27822399804298,Maize,1.721776001957027,,,100.0,Madhya Pradesh:Rajgarh,1,-15.894874193759101,2166120.2198766666
Madhya Pradesh:Ratlam,Ratlam,Madhya Pradesh,Kharif,812331.6131,1581474.7635106,2376423.1414287,3975676.50704,37,44,45,10,1,Soybean,93.43975543871477,Maize,3.6002069500368457,Cotton,2.924072485770517,3.606853338773199,Madhya Pradesh:Ratlam,1,-7.807364290116464,1477478.7701333333
Madhya Pradesh:Ratlam,Ratlam,Madhya Pradesh,Rabi,617440.1366,587447.5062848,684051.2512848,1331484.0182,305,249,269,62,2,Wheat,71.43035156089005,Gram,28.24459273148225,Rapeseed & Mustard,0.32505570762770836,28.24459273148225,Madhya Pradesh:Ratlam,1,-7.807364290116464,1477478.7701333333
Madhya Pradesh:Ratlam,Ratlam,Madhya Pradesh,Summer,8109.0807,8109.0807,16218.1614,31902.43854,1441,1468,1449,132,8,Moong,87.67986104762775,Maize,6.583782795502331,Groundnut,5.736356156869915,94.26364384313008,Madhya Pradesh:Ratlam,1,-7.807364290116464,1477478.7701333333
Madhya Pradesh:Rewa,Rewa,Madhya Pradesh,Kharif,717785.81574,1188127.9682594,1556547.1571195,2869999.36293,87,78,78,21,1,Rice,99.36763204383635,Moong,0.4775830777756056,Maize,0.09429043979085325,0.5718735175664589,Madhya Pradesh:Mauganj,2,-11.504465650537428,1677215.16928
Madhya Pradesh:Rewa,Rewa,Madhya Pradesh,Rabi,812347.89699,719628.8150436,812823.0001136,1717889.97905,252,179,184,50,2,Wheat,75.71441459038296,Gram,22.93099114000839,Rapeseed & Mustard,1.3545942696086577,22.93099114000839,Madhya Pradesh:Mauganj,2,-11.504465650537428,1677215.16928
Madhya Pradesh:Rewa,Rewa,Madhya Pradesh,Summer,7695.70711,7695.70711,15391.41422,30782.82844,1447,1477,1455,133,8,Moong,100.0,,,,,100.0,Madhya Pradesh:Mauganj,2,-11.504465650537428,1677215.16928
Madhya Pradesh:Sagar,Sagar,Madhya Pradesh,Kharif,1050827.54168,1921784.6695768,2920106.5722458,4864123.76632,22,23,26,6,1,Soybean,82.47277638424772,Maize,9.579157180036455,Rice,7.703999762877954,9.682608758438155,Madhya Pradesh:Sagar,1,-2.068035767735118,1934771.8317666666
Madhya Pradesh:Sagar,Sagar,Madhya Pradesh,Rabi,861138.33561,832994.8040148,1091922.4679048,1981204.33511,156,138,144,31,1,Wheat,52.43115592132082,Gram,47.426016315395536,Rapeseed & Mustard,0.1428277632836448,47.426016315395536,Madhya Pradesh:Sagar,1,-2.068035767735118,1934771.8317666666
Madhya Pradesh:Sagar,Sagar,Madhya Pradesh,Summer,84966.10101,84966.10101,169932.20202,339238.30206,863,953,832,110,5,Moong,98.90293267677389,Maize,0.7368844428042092,Groundnut,0.3601828804219011,99.6398171195781,Madhya Pradesh:Sagar,1,-2.068035767735118,1934771.8317666666
Madhya Pradesh:Satna,Satna,Madhya Pradesh,Kharif,600423.52097,996735.1346988,1307865.241452,2407947.93778,114,104,97,26,1,Rice,97.91360676034898,Soybean,1.5841308816341368,Moong,0.42421692573161207,0.48391623994636757,Madhya Pradesh:Maihar,2,-17.52239600645074,1488889.5680866668
Madhya Pradesh:Satna,Satna,Madhya Pradesh,Rabi,718510.58475,672345.7721673,757006.2351873,1521681.63252,272,204,220,54,2,Wheat,77.07778394187642,Gram,22.3671772000803,Rapeseed & Mustard,0.5550388580432778,22.3671772000803,Madhya Pradesh:Maihar,2,-17.52239600645074,1488889.5680866668
Madhya Pradesh:Satna,Satna,Madhya Pradesh,Summer,5470.15154,5470.15154,10940.30308,21880.60616,1506,1530,1516,140,8,Moong,100.0,,,,,100.0,Madhya Pradesh:Maihar,2,-17.52239600645074,1488889.5680866668
Madhya Pradesh:Sehore,Sehore,Madhya Pradesh,Kharif,963493.92615,1855821.307774,2772244.238183,4644897.26407,23,29,34,7,1,Soybean,89.70590419983905,Rice,7.515888282251916,Maize,2.7423116503554463,2.7622543932200636,Madhya Pradesh:Sehore,1,-11.531396948706767,2002409.66639
Madhya Pradesh:Sehore,Sehore,Madhya Pradesh,Rabi,786712.82872,764824.8216679,897006.3953179,1705607.23109,217,158,187,45,2,Wheat,70.4894320451098,Gram,29.47171265220572,Rapeseed & Mustard,0.03885530268448967,29.47171265220572,Madhya Pradesh:Sehore,1,-11.531396948706767,2002409.66639
Madhya Pradesh:Sehore,Sehore,Madhya Pradesh,Summer,189761.1863,189761.1863,379522.3726,759044.7452,550,714,506,86,3,Moong,100.0,,,,,100.0,Madhya Pradesh:Sehore,1,-11.531396948706767,2002409.66639
Madhya Pradesh:Seoni,Seoni,Madhya Pradesh,Kharif,888418.02735,1168780.0432014,1848260.9553723,3092789.56609,65,82,66,18,1,Maize,49.8873018574517,Rice,49.46318588871281,Soybean,0.28354732402732347,49.900655138506664,Madhya Pradesh:Seoni,1,-12.182343720439988,1712660.1652066666
Madhya Pradesh:Seoni,Seoni,Madhya Pradesh,Rabi,672739.23864,630061.4753118,748654.3033718,1464071.30534,274,228,239,55,2,Wheat,67.7798251667425,Gram,31.68159924437218,Rapeseed & Mustard,0.5385755888853251,31.68159924437218,Madhya Pradesh:Seoni,1,-12.182343720439988,1712660.1652066666
Madhya Pradesh:Seoni,Seoni,Madhya Pradesh,Summer,44667.10563,49554.4342608,90593.0686346,175028.29358,1051,1106,1037,116,6,Moong,69.90224668889715,Rice,17.737498438664023,Maize,8.036219536137303,77.93846622503445,Madhya Pradesh:Seoni,1,-12.182343720439988,1712660.1652066666
Madhya Pradesh:Shahdol,Shahdol,Madhya Pradesh,Kharif,394079.62664,653222.6273076,860989.2779712,1579001.91372,230,210,208,47,2,Rice,95.77122545291233,Soybean,2.906543487854803,Maize,1.2896886458522694,1.2994350111261475,Madhya Pradesh:Shahdol,1,-13.660498335578254,632803.0437166666
Madhya Pradesh:Shahdol,Shahdol,Madhya Pradesh,Rabi,183440.68953,170173.0296336,191915.0374036,388623.38683,830,752,790,109,5,Wheat,76.66331904804669,Gram,22.657951210228777,Rapeseed & Mustard,0.6787297417245355,22.657951210228777,Madhya Pradesh:Shahdol,1,-13.660498335578254,632803.0437166666
Madhya Pradesh:Shahdol,Shahdol,Madhya Pradesh,Summer,3774.15598,4015.2623224,7610.4151088,14965.58679,1567,1585,1591,153,9,Moong,86.14001110688008,Rice,10.41636254352749,Maize,3.4436263495924275,89.58363745647252,Madhya Pradesh:Shahdol,1,-13.660498335578254,632803.0437166666
Madhya Pradesh:Shajapur,Shajapur,Madhya Pradesh,Kharif,712812.3352,1424042.1248746,2136823.2169977,3561477.01,50,53,53,15,1,Soybean,99.84793839603329,Maize,0.08973120212976719,Groundnut,0.04370921153282309,0.10197505449522386,Madhya Pradesh:Shajapur,1,-9.284953767539205,1284893.9721333333
Madhya Pradesh:Shajapur,Shajapur,Madhya Pradesh,Rabi,511238.70637,452079.0782515,498033.7972715,1068432.13176,422,352,370,75,3,Wheat,80.1409365729084,Gram,18.45445801942155,Rapeseed & Mustard,1.4046054076700534,18.45445801942155,Madhya Pradesh:Shajapur,1,-9.284953767539205,1284893.9721333333
Madhya Pradesh:Shajapur,Shajapur,Madhya Pradesh,Summer,3340.12483,3340.12483,6680.24966,13331.36623,1582,1613,1605,156,9,Moong,99.12778439481258,Maize,0.8722156051874265,,,100.0,Madhya Pradesh:Shajapur,1,-9.284953767539205,1284893.9721333333
Madhya Pradesh:Sheopur,Sheopur,Madhya Pradesh,Kharif,293025.93187,337311.9346758,514495.1969927,1006555.32656,405,474,391,73,3,Rice,73.32402671923343,Bajra,11.544063900258863,Soybean,11.332990694726993,1.9920720387493571,Madhya Pradesh:Sheopur,1,-8.297248031363832,750364.1222
Madhya Pradesh:Sheopur,Sheopur,Madhya Pradesh,Rabi,433499.6379,283056.8014722,348035.7989122,931978.27324,583,551,416,89,4,Wheat,56.461425350750524,Gram,37.34041017797278,Rapeseed & Mustard,6.1981644712767,37.34041017797278,Madhya Pradesh:Sheopur,1,-8.297248031363832,750364.1222
Madhya Pradesh:Sheopur,Sheopur,Madhya Pradesh,Summer,15606.16883,15606.16883,31212.33766,62424.67532,1317,1368,1305,127,7,Moong,100.0,,,,,100.0,Madhya Pradesh:Sheopur,1,-8.297248031363832,750364.1222
Madhya Pradesh:Shivpuri,Shivpuri,Madhya Pradesh,Kharif,954917.95,1410569.0833654,2288292.3773451,4118307.32194,43,55,41,12,1,Soybean,49.96140213980983,Groundnut,31.985705429355512,Rice,13.492011759026154,3.961057618221065,Madhya Pradesh:Shivpuri,1,-4.902974107857093,1903255.28106
Madhya Pradesh:Shivpuri,Shivpuri,Madhya Pradesh,Rabi,863985.66891,570992.6275326,646150.8353426,1803129.54563,331,258,164,66,2,Wheat,70.28586003893358,Gram,23.263363196040707,Rapeseed & Mustard,6.450776765025714,23.263363196040707,Madhya Pradesh:Shivpuri,1,-4.902974107857093,1903255.28106
Madhya Pradesh:Shivpuri,Shivpuri,Madhya Pradesh,Summer,19978.94927,23448.9464006,40851.6856797,79869.68822,1245,1270,1240,124,7,Groundnut,37.03758209301662,Moong,34.80899537779961,Rice,27.927684671698433,35.03473323528495,Madhya Pradesh:Shivpuri,1,-4.902974107857093,1903255.28106
Madhya Pradesh:Sidhi,Sidhi,Madhya Pradesh,Kharif,246401.91779,403651.5976556,533283.4689672,980270.60768,396,397,398,71,3,Rice,96.96362929993693,Maize,1.9849051350682405,Moong,1.0487132314135126,3.033618366481753,Madhya Pradesh:Sidhi,1,-17.949004975124378,609257.49423
Madhya Pradesh:Sidhi,Sidhi,Madhya Pradesh,Rabi,289076.45844,258604.9475835,296628.7697135,616176.73901,642,589,599,94,4,Wheat,73.16582883302928,Gram,25.637312366380005,Rapeseed & Mustard,1.1968588005907184,25.637312366380005,Madhya Pradesh:Sidhi,1,-17.949004975124378,609257.49423
Madhya Pradesh:Sidhi,Sidhi,Madhya Pradesh,Summer,4082.73446,4082.73446,8165.46892,16088.26093,1560,1582,1576,151,9,Moong,94.05602023894545,Maize,5.943979761054556,,,100.0,Madhya Pradesh:Sidhi,1,-17.949004975124378,609257.49423
Madhya Pradesh:Singrauli,Singrauli,Madhya Pradesh,Kharif,226589.24211,365009.5466458,488673.7530535,890044.39013,429,439,437,77,3,Rice,93.17470645128991,Maize,6.587300561746313,Moong,0.20100770992144137,6.788308271667756,Madhya Pradesh:Singrauli,1,-11.971796056812273,562581.88567
Madhya Pradesh:Singrauli,Singrauli,Madhya Pradesh,Rabi,295962.27059,220822.3649828,280859.9801728,651962.15637,664,660,566,99,4,Wheat,53.49687743211311,Gram,42.75270200693005,Rapeseed & Mustard,3.7504205609568415,42.75270200693005,Madhya Pradesh:Singrauli,1,-11.971796056812273,562581.88567
Madhya Pradesh:Singrauli,Singrauli,Madhya Pradesh,Summer,4585.21231,4585.21231,9170.42462,17185.70616,1535,1558,1568,148,9,Moong,74.80720625562483,Maize,25.192793744375166,,,100.0,Madhya Pradesh:Singrauli,1,-11.971796056812273,562581.88567
Madhya Pradesh:Tikamgarh,Tikamgarh,Madhya Pradesh,Kharif,214247.36312,222655.083938,436086.616756,863880.72554,481,657,450,81,3,Groundnut,90.52566746869066,Soybean,5.028024527124707,Moong,3.4263016166717577,3.6178114103482013,Madhya Pradesh:Niwari,2,-7.187439734942496,985621.43463
Madhya Pradesh:Tikamgarh,Tikamgarh,Madhya Pradesh,Rabi,444371.91435,401970.236346,417288.484256,904062.07661,506,400,430,83,3,Wheat,91.56300096421992,Gram,7.341802368359867,Rapeseed & Mustard,1.0951966674202054,7.341802368359867,Madhya Pradesh:Niwari,2,-7.187439734942496,985621.43463
Madhya Pradesh:Tikamgarh,Tikamgarh,Madhya Pradesh,Summer,5764.91713,5764.91713,11529.83426,23059.66852,1495,1520,1507,139,8,Moong,89.80767499774971,Groundnut,10.192325002250293,,,89.80767499774971,Madhya Pradesh:Niwari,2,-7.187439734942496,985621.43463
Madhya Pradesh:Ujjain,Ujjain,Madhya Pradesh,Kharif,1263359.68486,2526057.21585,3789400.29559,6315686.57314,9,11,14,1,1,Soybean,99.96705550951023,Maize,0.02216948631628267,Groundnut,0.008085817704626892,0.024253540621442953,Madhya Pradesh:Ujjain,1,-9.12630938943881,2326703.75581
Madhya Pradesh:Ujjain,Ujjain,Madhya Pradesh,Rabi,944177.20488,898825.5983973,938751.8434273,1928280.65479,200,117,150,43,2,Wheat,91.19331870139732,Gram,8.506240559642006,Rapeseed & Mustard,0.3004407389606815,8.506240559642006,Madhya Pradesh:Ujjain,1,-9.12630938943881,2326703.75581
Madhya Pradesh:Ujjain,Ujjain,Madhya Pradesh,Summer,4700.80569,4700.80569,9401.61138,18414.92982,1530,1553,1555,146,9,Moong,82.10461577279106,Groundnut,9.63524829293678,Maize,8.260135934272153,90.36475170706322,Madhya Pradesh:Ujjain,1,-9.12630938943881,2326703.75581
Madhya Pradesh:Umaria,Umaria,Madhya Pradesh,Kharif,210117.92676,345747.5219492,456245.8660004,836590.01314,461,469,470,80,3,Rice,96.6482591954079,Maize,2.3438886260485314,Soybean,0.9959425276186538,2.344971813945295,Madhya Pradesh:Umaria,1,-12.668810815509456,507810.66336
Madhya Pradesh:Umaria,Umaria,Madhya Pradesh,Rabi,202809.07941,194196.6545274,238891.3365174,450312.84081,739,709,738,104,4,Wheat,62.33093338089907,Gram,37.41842014161497,Rapeseed & Mustard,0.2506464774859625,37.41842014161497,Madhya Pradesh:Umaria,1,-12.668810815509456,507810.66336
Madhya Pradesh:Umaria,Umaria,Madhya Pradesh,Summer,9106.15391,9106.15391,18212.30782,36419.77248,1423,1448,1434,130,8,Moong,99.94681442848575,Maize,0.053185571514242067,,,100.0,Madhya Pradesh:Umaria,1,-12.668810815509456,507810.66336
Madhya Pradesh:Vidisha,Vidisha,Madhya Pradesh,Kharif,1195157.29263,2320169.7038534,3441757.4733983,5788540.33478,15,14,18,2,1,Soybean,89.48190631483213,Rice,9.404956102229114,Maize,1.0551812985283293,1.0940480859280584,Madhya Pradesh:Vidisha,1,-8.508523849310938,2066490.50475
Madhya Pradesh:Vidisha,Vidisha,Madhya Pradesh,Rabi,817631.73513,752686.7631129,985252.2422729,1867828.94942,180,166,158,38,1,Wheat,52.04623074406217,Gram,47.20932755727398,Rapeseed & Mustard,0.7444416986638451,47.20932755727398,Madhya Pradesh:Vidisha,1,-8.508523849310938,2066490.50475
Madhya Pradesh:Vidisha,Vidisha,Madhya Pradesh,Summer,19247.08849,19247.08849,38494.17698,76988.35396,1259,1317,1250,125,7,Moong,100.0,,,,,100.0,Madhya Pradesh:Vidisha,1,-8.508523849310938,2066490.50475
Maharashtra:Ahilyanagar,Ahilyanagar,Maharashtra,Kharif,1773048.48119,2441867.0468934,3517372.6684425,6938252.77453,14,12,10,11,1,Soybean,39.29054147202293,Cotton,26.074317124835893,Maize,12.051804284580026,16.536779302875527,Maharashtra:Ahilyanagar,1,10.259007749247733,2386522.6051333332
Maharashtra:Ahilyanagar,Ahilyanagar,Maharashtra,Rabi,640600.8196,632121.318703,990072.108403,1639152.4289,179,227,202,32,1,Gram,50.76485943743177,Wheat,27.691975834491576,Maize,21.543164728076658,72.30802416550843,Maharashtra:Ahilyanagar,1,10.259007749247733,2386522.6051333332
Maharashtra:Ahilyanagar,Ahilyanagar,Maharashtra,Summer,38884.91621,27309.88736,62259.293761,118078.04463,1141,1228,1146,69,7,Maize,45.97405992088186,Groundnut,41.60463464207461,Bajra,12.270487793077875,46.124877564847516,Maharashtra:Ahilyanagar,1,10.259007749247733,2386522.6051333332
Maharashtra:Akola,Akola,Maharashtra,Kharif,958918.44958,1911442.05,2664999.109444,4788015.21191,25,26,28,14,1,Soybean,68.69660271526143,Cotton,30.8234834913464,Moong,0.4662412312247377,0.47991379339216067,Maharashtra:Akola,1,-4.513891786496837,1355598.6225133333
Maharashtra:Akola,Akola,Maharashtra,Rabi,348514.11483,346406.3669031,624662.2175031,975284.08026,336,466,400,43,2,Gram,88.831616449933,Wheat,10.909978928373684,Maize,0.25840462169332173,89.09002107162631,Maharashtra:Akola,1,-4.513891786496837,1355598.6225133333
Maharashtra:Akola,Akola,Maharashtra,Summer,21425.76919,21423.29819,42848.22724,83672.97729,1231,1289,1228,73,7,Groundnut,76.76656417022866,Moong,13.776928382440122,Maize,9.452701315537553,23.229629697977675,Maharashtra:Akola,1,-4.513891786496837,1355598.6225133333
Maharashtra:Amravati,Amravati,Maharashtra,Kharif,1391314.73656,2718956.7811966,3696171.0289917,6828843.44268,11,8,12,9,1,Soybean,52.05821557680741,Cotton,44.00192496513538,Maize,2.919239096720984,3.0718296569456434,Maharashtra:Amravati,1,-1.066052349561761,1787071.678
Maharashtra:Amravati,Amravati,Maharashtra,Rabi,385357.46613,382065.0348123,657674.7903523,1046324.6878,326,425,381,42,2,Gram,83.14814797858818,Wheat,16.186613936543708,Maize,0.6652380848681103,83.81338606345629,Maharashtra:Amravati,1,-1.066052349561761,1787071.678
Maharashtra:Amravati,Amravati,Maharashtra,Summer,13389.90422,13365.19422,26746.69704,52392.24235,1354,1395,1351,80,8,Moong,53.90826515302691,Groundnut,37.67118984797085,Maize,8.35957074122525,62.26783589425216,Maharashtra:Amravati,1,-1.066052349561761,1787071.678
Maharashtra:Beed,Beed,Maharashtra,Kharif,1941308.06331,3442162.84762,4749578.9828452,8950430.60044,2,2,3,2,1,Soybean,58.870518220227936,Cotton,33.5594462819769,Sugarcane,4.274080497307445,1.8403547955662847,Maharashtra:Beed,1,-0.03375541512346285,2353917.66953
Maharashtra:Beed,Beed,Maharashtra,Rabi,551627.2755,548976.2725398,1012236.7826998,1566515.06116,174,276,210,31,1,Gram,90.26579191510945,Wheat,8.467955704117186,Maize,1.2662523807733719,91.53204429588281,Maharashtra:Beed,1,-0.03375541512346285,2353917.66953
Maharashtra:Beed,Beed,Maharashtra,Summer,22790.30481,5203.80245,22014.6964576,53099.68965,1391,1535,1348,82,8,Bajra,52.72428616017985,Maize,26.24178694049458,Groundnut,20.96658097871043,26.309132861109724,Maharashtra:Beed,1,-0.03375541512346285,2353917.66953
Maharashtra:Bhandara,Bhandara,Maharashtra,Kharif,458270.94341,754917.6182366,983949.6121217,1825321.67076,182,165,162,33,1,Rice,98.40518666436965,Sugarcane,1.0077475022952265,Soybean,0.3088230121304385,,Maharashtra:Bhandara,1,0.7854348231120193,646727.12048
Maharashtra:Bhandara,Bhandara,Maharashtra,Rabi,71142.23977,70342.5534994,114828.5842494,186770.51029,990,1012,1013,62,6,Gram,73.44058341504864,Wheat,22.51749677000403,Maize,4.041919814947341,77.48250322999597,Maharashtra:Bhandara,1,0.7854348231120193,646727.12048
Maharashtra:Bhandara,Bhandara,Maharashtra,Summer,159369.41832,263769.084306,345629.659697,636735.58256,586,580,580,52,4,Rice,99.31249753216112,Maize,0.42941379547725267,Moong,0.2430752038862978,0.6724889993635504,Maharashtra:Bhandara,1,0.7854348231120193,646727.12048
Maharashtra:Buldhana,Buldhana,Maharashtra,Kharif,1625024.43698,3174544.13311,4494880.845147,7994506.26156,4,4,6,4,1,Soybean,69.70808773257991,Cotton,26.98645106318341,Maize,2.3785382563684743,3.2061698341924996,Maharashtra:Buldhana,1,-2.7413223078404707,2495645.43277
Maharashtra:Buldhana,Buldhana,Maharashtra,Rabi,786902.13203,782600.5749527,1426117.4710727,2217321.16018,97,149,113,25,1,Gram,85.14709059462172,Wheat,9.75261026204831,Maize,5.100299143329973,90.24738973795169,Maharashtra:Buldhana,1,-2.7413223078404707,2495645.43277
Maharashtra:Buldhana,Buldhana,Maharashtra,Summer,38347.91849,34341.66148,71327.4525866,125091.95342,1108,1184,1130,63,6,Maize,56.88470787700969,Groundnut,31.51179682564828,Moong,7.89646591284283,64.78117378985252,Maharashtra:Buldhana,1,-2.7413223078404707,2495645.43277
Maharashtra:Chandrapur,Chandrapur,Maharashtra,Kharif,1043207.89195,1933783.779354,2501743.013217,4767270.27735,30,22,30,15,1,Cotton,40.83182415728785,Rice,38.91305843285505,Soybean,20.24894421384199,0.004247158858390051,Maharashtra:Chandrapur,1,7.470679156983071,1191543.9905133334
Maharashtra:Chandrapur,Chandrapur,Maharashtra,Rabi,212638.27263,211359.5657124,381374.2744224,595291.25397,546,676,618,51,3,Gram,88.0641389744126,Wheat,10.841018856087691,Maize,1.0948421694997148,89.15898114391231,Maharashtra:Chandrapur,1,7.470679156983071,1191543.9905133334
Maharashtra:Chandrapur,Chandrapur,Maharashtra,Summer,31365.26785,50937.9100958,67770.9039861,125262.82307,1121,1102,1129,64,6,Rice,94.96070026644405,Moong,2.529669370135042,Groundnut,1.9294471566561855,3.1088900045248558,Maharashtra:Chandrapur,1,7.470679156983071,1191543.9905133334
Maharashtra:Chhatrapati Sambhajinagar,Chhatrapati Sambhajinagar,Maharashtra,Kharif,1620669.99136,2612027.85249,3551739.3752372,6918678.87158,13,10,11,10,1,Cotton,64.4706962272274,Maize,23.706077195029806,Soybean,6.458021213751969,24.89340468234533,Maharashtra:Chhatrapati Sambhajinagar,1,15.54659170329533,1967986.8902166667
Maharashtra:Chhatrapati Sambhajinagar,Chhatrapati Sambhajinagar,Maharashtra,Rabi,438287.62047,433310.4966876,705693.9910776,1148958.73533,290,374,338,40,2,Gram,49.38039845966051,Maize,27.815524372010014,Wheat,22.80407716832947,77.19592283167053,Maharashtra:Chhatrapati Sambhajinagar,1,15.54659170329533,1967986.8902166667
Maharashtra:Chhatrapati Sambhajinagar,Chhatrapati Sambhajinagar,Maharashtra,Summer,31814.54507,15565.91624,41855.9275078,80160.15427,1235,1369,1238,74,7,Maize,69.76678917115906,Bajra,25.621448779988274,Groundnut,4.611762048852657,69.76678917115906,Maharashtra:Chhatrapati Sambhajinagar,1,15.54659170329533,1967986.8902166667
Maharashtra:Dharashiv,Dharashiv,Maharashtra,Kharif,1422487.68648,2615458.873055,3850156.8642915,6674005.86307,8,9,13,7,1,Soybean,93.03657399863276,Sugarcane,4.818248550871376,Maize,1.0484943601753376,1.8795328930920452,Maharashtra:Dharashiv,1,-9.740252824656347,1912350.0024766666
Maharashtra:Dharashiv,Dharashiv,Maharashtra,Rabi,473537.10264,472184.7290349,900642.7115049,1375532.18775,215,333,259,35,2,Gram,92.65673383462004,Wheat,4.85506028154452,Maize,2.4882058838354433,95.14493971845548,Maharashtra:Dharashiv,1,-9.740252824656347,1912350.0024766666
Maharashtra:Dharashiv,Dharashiv,Maharashtra,Summer,5499.63057,5499.63057,10999.26114,18581.96942,1505,1528,1553,91,8,Maize,62.12331567572911,Groundnut,37.65203287100064,Moong,0.2246514532702512,62.34796712899936,Maharashtra:Dharashiv,1,-9.740252824656347,1912350.0024766666
Maharashtra:Dhule,Dhule,Maharashtra,Kharif,915744.49512,1455334.8392226,1974271.7610147,3944856.98425,60,52,46,20,1,Cotton,70.48685954788564,Maize,14.811771094254267,Soybean,6.741435745481901,16.160040470620118,Maharashtra:Dhule,1,-13.447760358198563,1305957.3691733333
Maharashtra:Dhule,Dhule,Maharashtra,Rabi,211136.20115,208316.9379158,325477.6979258,539433.16231,613,680,662,54,4,Gram,49.186685490351636,Wheat,28.006889100764475,Maize,22.80642540888389,71.99311089923553,Maharashtra:Dhule,1,-13.447760358198563,1305957.3691733333
Maharashtra:Dhule,Dhule,Maharashtra,Summer,11584.09742,8379.58107,18874.142931,37263.44601,1417,1462,1429,84,8,Groundnut,58.419056379456,Maize,28.228152978799756,Bajra,11.205705068208589,30.375238552335407,Maharashtra:Dhule,1,-13.447760358198563,1305957.3691733333
Maharashtra:Gadchiroli,Gadchiroli,Maharashtra,Kharif,507795.56555,853662.6942774,1109622.8450643,2064248.66529,150,130,134,29,1,Rice,92.22613528356102,Cotton,7.481321353219752,Maize,0.2789571514112645,0.2840745280273443,Maharashtra:Gadchiroli,1,8.745995366026438,542654.6873766667
Maharashtra:Gadchiroli,Gadchiroli,Maharashtra,Rabi,28236.56178,28205.0394801,55390.8579301,83658.94201,1172,1218,1229,71,7,Maize,49.83625116411004,Gram,48.323696039837955,Wheat,1.8400527960520072,98.159947203948,Maharashtra:Gadchiroli,1,8.745995366026438,542654.6873766667
Maharashtra:Gadchiroli,Gadchiroli,Maharashtra,Summer,28288.13155,46299.5287846,61215.5623877,112191.20836,1148,1118,1157,70,7,Rice,96.73894774116931,Maize,3.140762912253035,Moong,0.12028934657765325,3.2610522588306883,Maharashtra:Gadchiroli,1,8.745995366026438,542654.6873766667
Maharashtra:Gondia,Gondia,Maharashtra,Kharif,477166.48273,789252.7286014,1030430.1737793,1904370.14684,170,148,152,30,1,Rice,99.57993990275686,Sugarcane,0.4161992728018223,Moong,0.002474764486609629,0.0038608244413192855,Maharashtra:Gondia,1,-0.7834079121815956,643469.45292
Maharashtra:Gondia,Gondia,Maharashtra,Rabi,22824.15751,22712.0988955,41800.9692555,64737.18538,1236,1281,1298,75,7,Gram,67.0962619277296,Maize,24.235928210365657,Wheat,8.667809861904747,91.33219013809526,Maharashtra:Gondia,1,-0.7834079121815956,643469.45292
Maharashtra:Gondia,Gondia,Maharashtra,Summer,187200.7361,310054.398416,406045.597342,747840.9841,520,510,510,50,3,Rice,99.47847064126239,Maize,0.4738188549744426,Moong,0.0477105037631599,0.5215293587376024,Maharashtra:Gondia,1,-0.7834079121815956,643469.45292
Maharashtra:Hingoli,Hingoli,Maharashtra,Kharif,787091.88012,1537181.05415,2256669.626106,3876174.00723,46,47,47,19,1,Soybean,89.43211267049695,Cotton,8.228140647082833,Moong,1.3039219954750187,1.4009653745618755,Maharashtra:Hingoli,1,7.1454678015178406,1233982.95426
Maharashtra:Hingoli,Hingoli,Maharashtra,Rabi,476859.16446,474144.8819079,860527.9612979,1340101.40831,231,329,267,36,2,Gram,89.53355886982963,Wheat,10.198599750963627,Maize,0.2678413792067473,89.80140024903638,Maharashtra:Hingoli,1,7.1454678015178406,1233982.95426
Maharashtra:Hingoli,Hingoli,Maharashtra,Summer,31318.71421,31318.71421,62637.42842,124766.62156,1138,1198,1131,68,7,Groundnut,90.60579067750943,Moong,7.771424694130188,Maize,1.6227846283603864,9.394209322490573,Maharashtra:Hingoli,1,7.1454678015178406,1233982.95426
Maharashtra:Jalgaon,Jalgaon,Maharashtra,Kharif,1729778.3307,3140341.19357,4014795.7125976,8074867.30813,7,5,5,6,1,Cotton,82.83154126934065,Maize,10.704447686628152,Soybean,3.6725261332064756,12.575048630141895,Maharashtra:Jalgaon,1,-10.929142935125121,2389893.189156667
Maharashtra:Jalgaon,Jalgaon,Maharashtra,Rabi,477045.18134,473763.2853779,841411.9346479,1321739.01195,237,330,270,38,2,Maize,46.23119625736947,Gram,41.157307311657625,Wheat,12.611496430972908,87.3885035690271,Maharashtra:Jalgaon,1,-10.929142935125121,2389893.189156667
Maharashtra:Jalgaon,Jalgaon,Maharashtra,Summer,44291.48892,26708.19886,65021.3691596,121942.98515,1129,1235,1135,65,6,Maize,61.69168896080927,Bajra,17.847934593802073,Groundnut,15.185575184927007,66.96649022127092,Maharashtra:Jalgaon,1,-10.929142935125121,2389893.189156667
Maharashtra:Jalna,Jalna,Maharashtra,Kharif,1530398.01089,2784786.31018,3748541.2228558,7156938.27604,10,6,8,8,1,Cotton,47.061235208506666,Soybean,43.05306375984017,Maize,4.329305234006836,6.116857800094159,Maharashtra:Jalna,1,-1.5869417274370399,1900364.28519
Maharashtra:Jalna,Jalna,Maharashtra,Rabi,393878.48724,350920.4428296,596301.5163896,1033138.04804,350,460,385,44,2,Gram,73.53645806151228,Wheat,16.699698060894747,Maize,8.764547995187945,82.30100605670023,Maharashtra:Jalna,1,-1.5869417274370399,1900364.28519
Maharashtra:Jalna,Jalna,Maharashtra,Summer,7858.91666,4391.53533,11071.5423378,21547.26826,1503,1566,1519,89,8,Maize,53.355451840089515,Groundnut,25.23372024204481,Bajra,20.669854370576672,54.09642538737852,Maharashtra:Jalna,1,-1.5869417274370399,1900364.28519
Maharashtra:Kolhapur,Kolhapur,Maharashtra,Kharif,883576.00401,1134788.3914584,1443027.0704108,3171209.56803,96,86,63,24,1,Rice,33.932548987553304,Sugarcane,32.207980059423946,Soybean,21.264631513991272,0.2842915219069404,Maharashtra:Kolhapur,1,0.842129559676536,908611.6653366666
Maharashtra:Kolhapur,Kolhapur,Maharashtra,Rabi,16365.40829,16264.5803705,29269.0580105,45735.29422,1330,1358,1383,79,8,Gram,64.50978092026902,Maize,24.351826004933464,Wheat,11.138393074797518,88.86160692520248,Maharashtra:Kolhapur,1,0.842129559676536,908611.6653366666
Maharashtra:Kolhapur,Kolhapur,Maharashtra,Summer,5594.17103,5908.5845294,11269.3273553,20336.62652,1502,1515,1533,88,8,Groundnut,47.86790293622096,Maize,36.20549010035731,Rice,9.173160408849268,42.95893665492978,Maharashtra:Kolhapur,1,0.842129559676536,908611.6653366666
Maharashtra:Latur,Latur,Maharashtra,Kharif,1453994.27082,2752793.514583,4060960.3383727,6972507.38268,6,7,9,5,1,Soybean,94.60294110406096,Sugarcane,3.3013198827182433,Cotton,1.107587859132448,0.9144760757471783,Maharashtra:Latur,1,-1.3503866348131555,2173833.7758433335
Maharashtra:Latur,Latur,Maharashtra,Rabi,758350.51775,757541.2457291,1488916.0294491,2248075.81922,93,162,108,22,1,Gram,97.50982140189474,Wheat,1.757416905423579,Maize,0.7327616926816742,98.24258309457642,Maharashtra:Latur,1,-1.3503866348131555,2173833.7758433335
Maharashtra:Latur,Latur,Maharashtra,Summer,3714.55546,3714.55546,7429.11092,13319.03594,1572,1596,1606,96,9,Groundnut,56.03554940595772,Maize,41.436611098545825,Moong,2.5278394954964543,43.96445059404228,Maharashtra:Latur,1,-1.3503866348131555,2173833.7758433335
Maharashtra:Nagpur,Nagpur,Maharashtra,Kharif,993277.11154,1897959.9918118,2450248.6732101,4718062.78335,33,27,31,17,1,Cotton,52.488186603977496,Soybean,26.43379056956896,Rice,20.518806557924826,0.1568129064617,Maharashtra:Nagpur,1,-3.58066868242939,1482343.2548633334
Maharashtra:Nagpur,Nagpur,Maharashtra,Rabi,462647.62803,455666.5101513,685610.2088913,1155238.9548,304,347,336,41,2,Gram,66.96536625708141,Wheat,32.92290699351112,Maize,0.1117267494074679,67.07709300648888,Maharashtra:Nagpur,1,-3.58066868242939,1482343.2548633334
Maharashtra:Nagpur,Nagpur,Maharashtra,Summer,4227.09028,4921.265839,8632.9833555,16743.10064,1547,1545,1572,94,9,Groundnut,65.64635035916582,Rice,26.437733069946493,Moong,4.087333259772784,7.915916570887682,Maharashtra:Nagpur,1,-3.58066868242939,1482343.2548633334
Maharashtra:Nanded,Nanded,Maharashtra,Kharif,1677524.5879,3218542.2120306,4516146.1172037,8152176.81796,3,3,4,3,1,Soybean,70.90822473084212,Cotton,25.097013722970235,Sugarcane,2.116535620844453,1.7820881656909837,Maharashtra:Nanded,1,-2.9924061341824753,2413169.5973233334
Maharashtra:Nanded,Nanded,Maharashtra,Rabi,723056.90352,720152.6895297,1346402.4600397,2072363.57755,110,178,133,26,1,Gram,89.73884058443964,Wheat,6.974357356486943,Maize,3.286802059073417,93.02564264351305,Maharashtra:Nanded,1,-2.9924061341824753,2413169.5973233334
Maharashtra:Nanded,Nanded,Maharashtra,Summer,31938.39159,32541.7934814,64032.2048793,116104.53106,1135,1191,1150,67,7,Groundnut,59.52114888413108,Maize,36.384926372466175,Rice,3.0983038660618556,37.380547249807066,Maharashtra:Nanded,1,-2.9924061341824753,2413169.5973233334
Maharashtra:Nandurbar,Nandurbar,Maharashtra,Kharif,596176.73682,1025605.842058,1345227.4449306,2641532.77857,111,99,90,27,1,Cotton,57.24703057628515,Soybean,16.68594123067271,Maize,11.15325145538793,11.834110850170239,Maharashtra:Nandurbar,1,-9.50536784805346,800610.69641
Maharashtra:Nandurbar,Nandurbar,Maharashtra,Rabi,129711.6856,128045.3951665,202214.0663165,333592.04235,811,837,839,61,5,Gram,54.40761061982697,Wheat,26.64341061821763,Maize,18.948978761955402,73.35658938178237,Maharashtra:Nandurbar,1,-9.50536784805346,800610.69641
Maharashtra:Nandurbar,Nandurbar,Maharashtra,Summer,11513.3774,8642.29779,19179.5081226,37803.50777,1416,1453,1425,83,8,Groundnut,32.72909263300254,Moong,31.239755168381066,Maize,26.15127138787158,57.39102655625265,Maharashtra:Nandurbar,1,-9.50536784805346,800610.69641
Maharashtra:Nashik,Nashik,Maharashtra,Kharif,1498672.57008,1911945.8814638,3160056.7720463,5470628.61597,19,25,22,13,1,Maize,39.075057030713,Soybean,28.28651688277021,Rice,15.819999348757754,41.61134282750582,Maharashtra:Nashik,1,-3.7192142822290783,1760336.6770266667
Maharashtra:Nashik,Nashik,Maharashtra,Rabi,186772.73419,183710.6937232,268415.4123532,458250.18701,681,725,729,57,4,Gram,46.32877378753749,Wheat,36.88535402092371,Maize,16.7858721915388,63.11464597907629,Maharashtra:Nashik,1,-3.7192142822290783,1760336.6770266667
Maharashtra:Nashik,Nashik,Maharashtra,Summer,10396.41127,7888.3096992,17413.925249,31994.95278,1428,1474,1448,85,8,Maize,52.15543669869351,Groundnut,37.90405968567621,Bajra,9.569051720235738,52.21219587193371,Maharashtra:Nashik,1,-3.7192142822290783,1760336.6770266667
Maharashtra:Palghar,Palghar,Maharashtra,Kharif,191025.96765,317006.2435932,414498.9931124,764099.4228,512,502,502,49,3,Rice,99.93153077842989,Groundnut,0.05500000332646888,Moong,0.01311511026644608,0.01311511026644608,Maharashtra:Palghar,2,-1.3421363853677326,341461.0654
Maharashtra:Palghar,Palghar,Maharashtra,Rabi,6478.64077,6477.75121,12926.73998,19406.27031,1470,1499,1544,86,8,Gram,99.2613803623518,Maize,0.5161162064311903,Wheat,0.222503431217002,99.777496568783,Maharashtra:Palghar,2,-1.3421363853677326,341461.0654
Maharashtra:Palghar,Palghar,Maharashtra,Summer,4114.75862,6830.4993092,8929.0262054,16459.03448,1543,1492,1573,93,9,Rice,100.0,,,,,,Maharashtra:Palghar,2,-1.3421363853677326,341461.0654
Maharashtra:Parbhani,Parbhani,Maharashtra,Kharif,1243654.02819,2359727.70712,3234840.2504824,5989071.32516,18,13,16,12,1,Soybean,61.904684436623164,Cotton,33.383501658079034,Sugarcane,3.032376859888887,1.6507782630699197,Maharashtra:Parbhani,1,-5.028529786278393,1732126.4808166667
Maharashtra:Parbhani,Parbhani,Maharashtra,Rabi,456162.95802,454168.0648638,843834.5843438,1301992.43552,236,349,274,37,2,Gram,91.39832720648157,Wheat,7.643861318383746,Maize,0.9578114751346863,92.35613868161626,Maharashtra:Parbhani,1,-5.028529786278393,1732126.4808166667
Maharashtra:Parbhani,Parbhani,Maharashtra,Summer,16268.59451,15754.92303,31848.8692368,62410.64004,1312,1365,1306,78,7,Groundnut,88.34918367364672,Maize,10.276000870443562,Bajra,1.0644747676262027,10.586341558727073,Maharashtra:Parbhani,1,-5.028529786278393,1732126.4808166667
Maharashtra:Pune,Pune,Maharashtra,Kharif,767726.28247,919790.7467476,1237199.5201944,2649225.42164,127,111,87,28,1,Sugarcane,28.650956523512274,Soybean,26.680165490052385,Rice,26.303347270945135,11.674836412586396,Maharashtra:Pune,1,-9.90089243984538,1128438.81003
Maharashtra:Pune,Pune,Maharashtra,Rabi,203181.03904,200467.2620545,313189.0682445,519083.88427,635,691,680,55,4,Gram,36.60821178806054,Maize,35.37501982460897,Wheat,28.016768387330494,71.98323161266951,Maharashtra:Pune,1,-9.90089243984538,1128438.81003
Maharashtra:Pune,Pune,Maharashtra,Summer,29006.52538,19396.83109,45136.0604114,84561.59831,1221,1316,1226,72,7,Maize,54.25867706835688,Groundnut,30.973518717794473,Bajra,14.051731971269035,54.97474931093649,Maharashtra:Pune,1,-9.90089243984538,1128438.81003
Maharashtra:Raigad,Raigad,Maharashtra,Kharif,222589.53325,369496.994335,483018.8670825,890358.133,437,434,435,48,3,Rice,99.99897685156071,Moong,0.0010231484392836155,,,0.0010231484392836155,Maharashtra:Raigad,1,-4.972184591145215,238404.41097666667
Maharashtra:Raigad,Raigad,Maharashtra,Rabi,3232.16684,3232.16684,6464.33368,9696.50052,1588,1616,1637,97,9,Gram,100.0,,,,,100.0,Maharashtra:Raigad,1,-4.972184591145215,238404.41097666667
Maharashtra:Raigad,Raigad,Maharashtra,Summer,2142.23345,3517.945403,4638.8169485,8568.9338,1628,1602,1645,98,9,Rice,97.50706265662424,Groundnut,2.4929373433757513,,,,Maharashtra:Raigad,1,-4.972184591145215,238404.41097666667
Maharashtra:Ratnagiri,Ratnagiri,Maharashtra,Kharif,122519.3459,203382.114194,265866.980603,490077.3836,689,686,704,58,4,Rice,100.0,,,,,,Maharashtra:Ratnagiri,1,-28.370458157175182,161693.22908666666
Maharashtra:Ratnagiri,Ratnagiri,Maharashtra,Rabi,75.1184,75.1184,150.2368,225.3552,1841,1841,1849,101,10,Maize,100.0,,,,,100.0,Maharashtra:Ratnagiri,1,-28.370458157175182,161693.22908666666
Maharashtra:Ratnagiri,Ratnagiri,Maharashtra,Summer,65.75331,82.87734,135.917355,263.01324,1842,1839,1848,102,10,Groundnut,58.57649304608672,Rice,41.42350695391328,,,,Maharashtra:Ratnagiri,1,-28.370458157175182,161693.22908666666
Maharashtra:Sangli,Sangli,Maharashtra,Kharif,665445.83504,670795.3830004,939170.7226524,2139727.33709,199,207,120,34,2,Sugarcane,37.92066609510486,Soybean,19.373996393980864,Maize,16.035953354110354,16.899393764294576,Maharashtra:Sangli,1,-18.41247797491864,899136.2781333333
Maharashtra:Sangli,Sangli,Maharashtra,Rabi,118934.14729,117906.7047487,202592.7673287,322554.35716,810,866,852,60,5,Maize,42.847523159185734,Gram,40.75473342344902,Wheat,16.39774341736525,83.60225658263475,Maharashtra:Sangli,1,-18.41247797491864,899136.2781333333
Maharashtra:Sangli,Sangli,Maharashtra,Summer,5506.35169,5506.35169,11012.70338,17459.02347,1504,1526,1566,90,8,Maize,82.92937950717783,Groundnut,17.070620492822172,,,82.92937950717783,Maharashtra:Sangli,1,-18.41247797491864,899136.2781333333
Maharashtra:Satara,Satara,Maharashtra,Kharif,828720.22408,1024641.2382822,1479680.8102671,3017991.90189,95,100,71,23,1,Soybean,42.76082964107548,Sugarcane,19.490187192327088,Rice,16.172038184755838,8.298926975868097,Maharashtra:Satara,1,-11.994934041512526,1099450.32295
Maharashtra:Satara,Satara,Maharashtra,Rabi,177028.59279,174435.7566756,265036.4789856,444657.90789,691,744,741,59,4,Gram,41.349225095144085,Wheat,31.63150774054576,Maize,27.019267164310154,68.36849225945424,Maharashtra:Satara,1,-11.994934041512526,1099450.32295
Maharashtra:Satara,Satara,Maharashtra,Summer,3987.10676,3987.10676,7974.21352,14884.36502,1561,1586,1592,95,9,Groundnut,73.31242717965245,Maize,26.687572820347555,,,26.687572820347555,Maharashtra:Satara,1,-11.994934041512526,1099450.32295
Maharashtra:Sindhudurg,Sindhudurg,Maharashtra,Kharif,151839.56473,251317.4420134,329302.2190633,607358.25892,606,604,605,53,4,Rice,99.32250183847952,Groundnut,0.6774981615204797,,,,Maharashtra:Sindhudurg,1,-2.882952794780481,164523.3807
Maharashtra:Sindhudurg,Sindhudurg,Maharashtra,Rabi,716.59,716.59,1433.18,2149.77,1738,1749,1768,99,10,Maize,100.0,,,,,100.0,Maharashtra:Sindhudurg,1,-2.882952794780481,164523.3807
Maharashtra:Sindhudurg,Sindhudurg,Maharashtra,Summer,10907.53762,13436.9851714,22466.5996093,42421.75735,1384,1394,1405,81,8,Groundnut,52.203513677900204,Rice,37.017248243732425,Maize,10.757240980070597,10.779238078367369,Maharashtra:Sindhudurg,1,-2.882952794780481,164523.3807
Maharashtra:Solapur,Solapur,Maharashtra,Kharif,1148825.54843,1408253.58982,1940582.9958032,4058391.52705,62,56,44,21,1,Soybean,49.435830129127325,Sugarcane,30.68171168755215,Maize,14.425874318461261,16.599553348485998,Maharashtra:Solapur,1,-10.799627357465079,1604998.4481066666
Maharashtra:Solapur,Solapur,Maharashtra,Rabi,336250.61596,333386.3928808,574162.9062008,913277.74524,363,478,427,45,2,Maize,42.48927032124948,Gram,41.381182025873784,Wheat,16.129547652876738,83.87045234712326,Maharashtra:Solapur,1,-10.799627357465079,1604998.4481066666
Maharashtra:Solapur,Solapur,Maharashtra,Summer,20288.09608,19656.82971,39730.2952242,65078.33164,1251,1313,1296,76,7,Maize,74.56033163820136,Groundnut,24.328813781661573,Bajra,1.0486602272872723,74.62252599105115,Maharashtra:Solapur,1,-10.799627357465079,1604998.4481066666
Maharashtra:Thane,Thane,Maharashtra,Kharif,132302.5291,219622.198306,287096.488147,529210.1164,651,662,668,56,4,Rice,100.0,,,,,,Maharashtra:Palghar,2,-1.3421363853677326,341461.0654
Maharashtra:Thane,Thane,Maharashtra,Rabi,5750.16526,5750.16526,11500.33052,17250.49578,1497,1521,1567,87,8,Gram,94.50250530712573,Maize,5.4974946928742705,,,100.0,Maharashtra:Palghar,2,-1.3421363853677326,341461.0654
Maharashtra:Thane,Thane,Maharashtra,Summer,387.82345,468.143305,796.3353475,1347.4363,1772,1775,1791,100,10,Maize,51.198907756634526,Rice,33.16215314679347,Moong,9.122714473000334,60.32162222963486,Maharashtra:Palghar,2,-1.3421363853677326,341461.0654
Maharashtra:Wardha,Wardha,Maharashtra,Kharif,938789.28822,1873487.93478,2455226.925004,4686481.64894,32,28,32,16,1,Cotton,57.66348836133318,Soybean,42.13259397594439,Sugarcane,0.12627605491068605,0.02894476240719958,Maharashtra:Wardha,1,-0.15539041717183635,1174860.4656833333
Maharashtra:Wardha,Wardha,Maharashtra,Rabi,288242.61949,286065.4421464,501735.4835164,792155.28035,417,544,485,46,3,Gram,85.89082034217218,Wheat,14.030381164799364,Maize,0.07879849302846388,85.96961883520063,Maharashtra:Wardha,1,-0.15539041717183635,1174860.4656833333
Maharashtra:Wardha,Wardha,Maharashtra,Summer,5258.88104,5258.88104,10517.76208,20829.98638,1510,1534,1528,92,8,Groundnut,86.84922753072962,Moong,9.242378679096342,Maize,3.9083937901740406,13.150772469270382,Maharashtra:Wardha,1,-0.15539041717183635,1174860.4656833333
Maharashtra:Washim,Washim,Maharashtra,Kharif,823570.56124,1643017.09761,2431806.87596,4113644.76733,35,40,42,18,1,Soybean,93.95712246919327,Cotton,5.707158612470461,Moong,0.33138213151974627,0.33138213151974627,Maharashtra:Washim,1,0.4115636340812957,1143197.3352566666
Maharashtra:Washim,Washim,Maharashtra,Rabi,297401.23273,294538.1860939,496504.5309539,796768.81032,424,532,483,47,3,Gram,81.23321695878914,Wheat,18.64471227604874,Maize,0.12207076516211583,81.35528772395126,Maharashtra:Washim,1,0.4115636340812957,1143197.3352566666
Maharashtra:Washim,Washim,Maharashtra,Summer,19116.71853,18373.88651,37238.0421532,74411.32335,1267,1326,1258,77,7,Groundnut,65.83796134913926,Moong,29.784680178323743,Maize,3.060777081971414,32.845457260295156,Maharashtra:Washim,1,0.4115636340812957,1143197.3352566666
Maharashtra:Yavatmal,Yavatmal,Maharashtra,Kharif,1870701.83286,3707531.8896,4865357.650286,9293210.85861,1,1,1,1,1,Cotton,56.53136028226661,Soybean,42.60422901938467,Sugarcane,0.5182517381536751,0.34424162546437814,Maharashtra:Yavatmal,1,-1.5230615738646203,2387466.16472
Maharashtra:Yavatmal,Yavatmal,Maharashtra,Rabi,466814.99424,462246.0539592,776763.0388392,1248146.97336,264,344,302,39,2,Gram,80.54083495204895,Wheat,19.018550277568217,Maize,0.44061477038282565,80.98144972243178,Maharashtra:Yavatmal,1,-1.5230615738646203,2387466.16472
Maharashtra:Yavatmal,Yavatmal,Maharashtra,Summer,32486.60765,31998.63457,64319.3313728,126960.35065,1133,1195,1125,66,6,Groundnut,73.20413598066649,Moong,20.044659179171983,Maize,6.250480989452777,26.29514016862476,Maharashtra:Yavatmal,1,-1.5230615738646203,2387466.16472
Manipur:Bishnupur,Bishnupur,Manipur,Kharif,7413.0,10674.72,13195.14,27181.0,1467,1430,1479,11,8,Rice,81.27340823970037,Sugarcane,18.726591760299627,,,,Manipur:Bishnupur,1,23.60031104199067,69130.34333333334
Manipur:Bishnupur,Bishnupur,Manipur,Rabi,18137.14,4481.6527,6087.8027,37880.43,1593,1563,1424,15,9,Maize,52.76616471161262,Rapeseed & Mustard,33.453748427162395,Wheat,13.780086861224987,52.76616471161262,Manipur:Bishnupur,1,23.60031104199067,69130.34333333334
Manipur:Bishnupur,Bishnupur,Manipur,Summer,53002.95,87251.01,114827.37,210899.85,991,944,976,5,6,Rice,98.06326662362815,Maize,1.9367333763718528,,,1.9367333763718528,Manipur:Bishnupur,1,23.60031104199067,69130.34333333334
Manipur:Chandel,Chandel,Manipur,Kharif,691.88,691.88,691.88,2075.64,1777,1753,1770,24,10,Sugarcane,100.0,,,,,,Manipur:Chandel,1,17.63046544428773,37106.183333333334
Manipur:Chandel,Chandel,Manipur,Rabi,9192.12,3063.7929,5164.1429,20484.59,1611,1622,1530,19,9,Maize,81.34360495717499,Rapeseed & Mustard,17.72812096272549,Wheat,0.9282740800995263,81.34360495717499,Manipur:Chandel,1,17.63046544428773,37106.183333333334
Manipur:Chandel,Chandel,Manipur,Summer,31332.28,47200.5478,66751.8411,118039.67,1125,1112,1147,8,6,Rice,78.15955371454166,Maize,21.840446285458334,,,21.840446285458334,Manipur:Chandel,1,17.63046544428773,37106.183333333334
Manipur:Churachandpur,Churachandpur,Manipur,Kharif,568.33,568.33,568.33,1704.99,1784,1766,1780,25,10,Sugarcane,100.0,,,,,,Manipur:Churachandpur,1,6.075483277078859,82333.72
Manipur:Churachandpur,Churachandpur,Manipur,Rabi,9389.8,3982.0165,6082.3665,20879.95,1594,1588,1527,16,9,Maize,69.06357911842373,Wheat,17.73308957952468,Rapeseed & Mustard,13.203331302051595,69.06357911842373,Manipur:Churachandpur,1,6.075483277078859,82333.72
Manipur:Churachandpur,Churachandpur,Manipur,Summer,75464.34,117768.8484,161825.2958,290490.76,879,868,883,1,5,Rice,85.95201084749075,Maize,14.047989152509246,,,14.047989152509246,Manipur:Churachandpur,1,6.075483277078859,82333.72
Manipur:Imphal East,Imphal East,Manipur,Kharif,2100.35,2508.065,2823.1175,6918.8,1684,1642,1668,22,9,Sugarcane,52.5164113785558,Rice,47.4835886214442,,,,Manipur:Imphal East,1,8.820678513731826,82580.82
Manipur:Imphal East,Imphal East,Manipur,Rabi,10205.23,4016.1163,6487.1163,22881.46,1587,1584,1510,14,9,Maize,76.1817697025102,Rapeseed & Mustard,14.211709138003275,Wheat,9.606521159486535,76.1817697025102,Manipur:Imphal East,1,8.820678513731826,82580.82
Manipur:Imphal East,Imphal East,Manipur,Summer,70917.7,117397.21,153807.395,283176.6,900,871,898,2,5,Rice,99.35737810265884,Maize,0.6426218973411519,,,0.6426218973411519,Manipur:Imphal East,1,8.820678513731826,82580.82
Manipur:Imphal West,Imphal West,Manipur,Kharif,4373.67,5841.444,6975.633,15344.91,1578,1519,1586,12,9,Rice,69.1817215727949,Sugarcane,30.8182784272051,,,,Manipur:Imphal West,1,6.8696620868919425,72186.14666666667
Manipur:Imphal West,Imphal West,Manipur,Rabi,9439.22,3379.0925,5232.3425,20731.69,1608,1609,1529,18,9,Maize,70.83825265643448,Rapeseed & Mustard,17.251475796930343,Wheat,11.910271546635183,70.83825265643448,Manipur:Imphal West,1,6.8696620868919425,72186.14666666667
Manipur:Imphal West,Imphal West,Manipur,Summer,57302.49,94437.1722,124169.9739,228172.14,961,928,955,3,6,Rice,98.32838814827197,Maize,1.6716118517280287,,,1.6716118517280287,Manipur:Imphal West,1,6.8696620868919425,72186.14666666667
Manipur:Senapati,Senapati,Manipur,Kharif,741.3,741.3,741.3,2223.9,1776,1747,1767,23,10,Sugarcane,100.0,,,,,,Manipur:Senapati,1,9.903791737408037,45103.986666666664
Manipur:Senapati,Senapati,Manipur,Rabi,10056.97,4219.2325,6492.5525,22387.26,1586,1574,1515,13,9,Maize,70.02854424357754,Wheat,16.612749762131305,Rapeseed & Mustard,13.358705994291151,70.02854424357754,Manipur:Senapati,1,9.903791737408037,45103.986666666664
Manipur:Senapati,Senapati,Manipur,Summer,37188.55,55535.725,79102.8875,139364.4,1084,1079,1099,7,6,Rice,76.25927372120266,Maize,23.740726278797347,,,23.740726278797347,Manipur:Senapati,1,9.903791737408037,45103.986666666664
Manipur:Tamenglong,Tamenglong,Manipur,Kharif,271.81,271.81,271.81,815.43,1825,1800,1812,27,10,Sugarcane,100.0,,,,,,Manipur:Tamenglong,1,-33.2890365448505,66173.38
Manipur:Tamenglong,Tamenglong,Manipur,Rabi,8772.05,3221.9369,5495.2569,19817.42,1601,1617,1539,17,9,Maize,82.73753316246234,Rapeseed & Mustard,15.081613381896668,Wheat,2.180853455640991,82.73753316246234,Manipur:Tamenglong,1,-33.2890365448505,66173.38
Manipur:Tamenglong,Tamenglong,Manipur,Summer,40573.82,65069.3372,87457.0914,158835.88,1058,1032,1066,6,6,Rice,92.08892053320676,Maize,7.911079466793244,,,7.911079466793244,Manipur:Tamenglong,1,-33.2890365448505,66173.38
Manipur:Thoubal,Thoubal,Manipur,Kharif,9513.35,13557.8828,16683.2036,34668.13,1432,1391,1436,10,8,Rice,79.70851353753184,Sugarcane,20.291486462468157,,,,Manipur:Thoubal,1,16.114081996434937,72886.26333333334
Manipur:Thoubal,Thoubal,Manipur,Rabi,14084.7,3736.152,4971.652,29404.9,1618,1594,1466,20,9,Maize,49.70178926441352,Rapeseed & Mustard,31.013916500994036,Wheat,19.284294234592444,49.70178926441352,Manipur:Thoubal,1,16.114081996434937,72886.26333333334
Manipur:Thoubal,Thoubal,Manipur,Summer,56882.42,92190.539,122859.3555,224144.41,967,932,963,4,6,Rice,94.48919459780171,Maize,5.510805402198288,,,5.510805402198288,Manipur:Thoubal,1,16.114081996434937,72886.26333333334
Manipur:Ukhrul,Ukhrul,Manipur,Kharif,494.2,494.2,494.2,1482.6,1794,1773,1788,26,10,Sugarcane,100.0,,,,,,Manipur:Ukhrul,1,15.455241009946443,33959.776666666665
Manipur:Ukhrul,Ukhrul,Manipur,Rabi,11341.89,3107.5296,4960.7796,24537.03,1619,1620,1498,21,9,Maize,74.71607890017931,Rapeseed & Mustard,24.800757122932854,Wheat,0.48316397688782625,74.71607890017931,Manipur:Ukhrul,1,15.455241009946443,33959.776666666665
Manipur:Ukhrul,Ukhrul,Manipur,Summer,25451.3,39802.868,54599.216,98098.7,1175,1152,1198,9,7,Rice,86.42288196958725,Maize,13.577118030412745,,,13.577118030412745,Manipur:Ukhrul,1,15.455241009946443,33959.776666666665
Meghalaya:Eastern West Khasi Hills,Eastern West Khasi Hills,Meghalaya,Rabi,1412.84367,183.6696771,183.6696771,2825.68734,1835,1822,1748,19,10,Rapeseed & Mustard,100.0,,,,,,Meghalaya:Eastern West Khasi Hills,2,5.418254169841673,27538.43015
Meghalaya:East Garo Hills,East Garo Hills,Meghalaya,Kharif,19822.53497,32110.308944,43119.105673,78898.01689,1229,1194,1245,9,7,Rice,80.91645858241314,Maize,9.260711551585802,Cotton,8.01280774745627,9.260711551585802,Meghalaya:East Garo Hills,1,-3.1271817676486937,23907.509803333334
Meghalaya:East Garo Hills,East Garo Hills,Meghalaya,Rabi,1709.04244,1036.6507228,1874.8695203,4373.20051,1719,1722,1715,15,10,Gram,85.14801924693703,Rice,9.080403764458168,Rapeseed & Mustard,5.7715769886048,85.14801924693703,Meghalaya:East Garo Hills,1,-3.1271817676486937,23907.509803333334
Meghalaya:East Jaintia Hills,East Jaintia Hills,Meghalaya,Kharif,12044.71653,19438.477324,26109.297648,47420.83745,1360,1315,1379,12,8,Rice,90.92557386283622,Maize,7.032554857486375,Soybean,1.991143909762823,7.032554857486375,Meghalaya:East Jaintia Hills,1,0.9616818558409279,11963.288843333334
Meghalaya:East Khasi Hills,East Khasi Hills,Meghalaya,Kharif,27678.14049,42788.9929222,59885.1072939,106345.4154,1157,1134,1172,6,7,Rice,78.25528022168805,Maize,17.448938228861426,Soybean,4.295781549450513,17.448938228861426,Meghalaya:East Khasi Hills,1,0.3743339253996448,25135.13555
Meghalaya:East Khasi Hills,East Khasi Hills,Meghalaya,Rabi,249.47216,32.4313808,32.4313808,498.94432,1867,1861,1833,20,10,Rapeseed & Mustard,100.0,,,,,,Meghalaya:East Khasi Hills,1,0.3743339253996448,25135.13555
Meghalaya:North Garo Hills,North Garo Hills,Meghalaya,Kharif,21953.67363,36436.6479274,47945.6588233,88554.51192,1206,1169,1213,7,7,Rice,88.71523283903515,Cotton,6.499663720306578,Maize,3.1090519904913494,3.1090519904913494,Meghalaya:North Garo Hills,1,-5.6701041249499395,23857.23319
Meghalaya:North Garo Hills,North Garo Hills,Meghalaya,Rabi,1327.27294,1484.4648637,2648.126222,4176.18768,1688,1697,1717,14,9,Gram,78.63153435440736,Rice,19.687659212340975,Wheat,1.6808064332516548,78.63153435440736,Meghalaya:North Garo Hills,1,-5.6701041249499395,23857.23319
Meghalaya:Ri Bhoi,Ri Bhoi,Meghalaya,Kharif,34997.90966,53181.4639356,75122.2626672,132833.74468,1094,1095,1109,2,6,Rice,76.97365114435958,Maize,20.644530541771616,Soybean,2.381818313868808,20.644530541771616,Meghalaya:Ri Bhoi,1,1.2062216008388675,32919.11501666667
Meghalaya:Ri Bhoi,Ri Bhoi,Meghalaya,Rabi,776.11639,494.7233578,625.9994335,2067.04092,1779,1772,1771,17,10,Rice,89.22800916560254,Rapeseed & Mustard,10.771990834397457,,,,Meghalaya:Ri Bhoi,1,1.2062216008388675,32919.11501666667
Meghalaya:South Garo Hills,South Garo Hills,Meghalaya,Kharif,18351.20273,28564.9734944,39358.5841768,70590.51489,1254,1214,1272,10,7,Rice,84.26272978678169,Maize,14.810837894509717,Cotton,0.4303310892464389,14.810837894509717,Meghalaya:South Garo Hills,1,-0.3145757613736057,20346.131633333334
Meghalaya:South Garo Hills,South Garo Hills,Meghalaya,Rabi,1302.88417,893.9319403,1289.5738814,3505.48415,1744,1733,1729,16,10,Rice,56.92740945582864,Gram,34.60159874791955,Rapeseed & Mustard,7.3204857636782465,34.60159874791955,Meghalaya:South Garo Hills,1,-0.3145757613736057,20346.131633333334
Meghalaya:South West Garo Hills,South West Garo Hills,Meghalaya,Kharif,33678.37095,53591.7038034,72754.6223733,131425.17584,1100,1092,1113,3,6,Rice,87.95587151144944,Maize,10.190062236816374,Soybean,1.6241335071978102,10.190062236816374,Meghalaya:South West Garo Hills,1,27.57962731440138,42177.95201666667
Meghalaya:South West Garo Hills,South West Garo Hills,Meghalaya,Rabi,19274.0471,20901.8966807,27465.9633801,62218.27269,1345,1297,1308,11,8,Rice,90.70472994167844,Gram,5.162423033838755,Rapeseed & Mustard,3.2325142217413365,5.162423033838755,Meghalaya:South West Garo Hills,1,27.57962731440138,42177.95201666667
Meghalaya:South West Khasi Hills,South West Khasi Hills,Meghalaya,Kharif,8193.36651,11365.8058206,17217.2502047,29395.55962,1430,1418,1467,13,8,Rice,60.2382453143929,Maize,39.447878954247585,Soybean,0.31387573135951663,39.447878954247585,Meghalaya:South West Khasi Hills,1,11.69502353732347,7798.319503333333
Meghalaya:South West Khasi Hills,South West Khasi Hills,Meghalaya,Rabi,14.826,1.92738,1.92738,29.652,1879,1876,1871,22,10,Rapeseed & Mustard,100.0,,,,,,Meghalaya:South West Khasi Hills,1,11.69502353732347,7798.319503333333
Meghalaya:West Garo Hills,West Garo Hills,Meghalaya,Kharif,59322.01359,95008.091808,128541.293979,233494.30335,946,927,948,1,6,Rice,83.5851280823055,Maize,10.46771499141608,Cotton,4.5237414592621,10.46771499141608,Meghalaya:West Garo Hills,1,24.428609036164403,82260.91610333334
Meghalaya:West Garo Hills,West Garo Hills,Meghalaya,Rabi,34112.94572,34466.0780597,45733.332246,106863.68294,1218,1181,1170,8,7,Rice,87.16134881159125,Gram,8.303856932122313,Rapeseed & Mustard,3.8426718224839322,8.303856932122313,Meghalaya:West Garo Hills,1,24.428609036164403,82260.91610333334
Meghalaya:West Jaintia Hills,West Jaintia Hills,Meghalaya,Kharif,28599.25516,43264.0757836,62011.6580482,108705.76402,1144,1132,1166,5,7,Rice,70.22351276973157,Maize,22.876042612783788,Soybean,6.870559107915467,22.876042612783788,Meghalaya:West Jaintia Hills,1,0.33193169140993734,28746.52676
Meghalaya:West Jaintia Hills,West Jaintia Hills,Meghalaya,Rabi,290.88612,150.3267444,187.830594,728.84616,1834,1828,1819,18,10,Rice,84.95698160865103,Rapeseed & Mustard,15.043018391348962,,,,Meghalaya:West Jaintia Hills,1,0.33193169140993734,28746.52676
Meghalaya:West Khasi Hills,West Khasi Hills,Meghalaya,Kharif,29259.6052,43554.1113854,62283.0037473,109490.62775,1140,1131,1163,4,7,Rice,74.87759290883862,Maize,24.591215321184574,Soybean,0.5311917699768007,24.591215321184574,Meghalaya:Eastern West Khasi Hills,2,5.418254169841673,27538.43015
Meghalaya:West Khasi Hills,West Khasi Hills,Meghalaya,Rabi,93.84858,12.2003154,12.2003154,187.69716,1874,1868,1853,21,10,Rapeseed & Mustard,100.0,,,,,,Meghalaya:Eastern West Khasi Hills,2,5.418254169841673,27538.43015
Mizoram:Aizawl,Aizawl,Mizoram,Kharif,10909.98391,15263.2894106,22192.4110247,39493.59764,1390,1372,1418,3,8,Rice,59.370439786986196,Maize,31.42138090466565,Soybean,4.6764634939615775,31.42138090466565,Mizoram:Aizawl,4,-42.86104525862069,36295.68709666667
Mizoram:Aizawl,Aizawl,Mizoram,Rabi,116.6312,53.857916,98.335916,277.7404,1846,1848,1846,16,10,Maize,90.46135289978892,Rapeseed & Mustard,9.538647100211076,,,90.46135289978892,Mizoram:Aizawl,4,-42.86104525862069,36295.68709666667
Mizoram:Champhai,Champhai,Mizoram,Kharif,5397.08407,8740.6737362,11535.5148419,21259.69328,1494,1452,1523,7,8,Rice,95.1588983443411,Maize,3.641536643637232,Sugarcane,1.0710401893050683,3.641536643637232,Mizoram:Aizawl,4,-42.86104525862069,36295.68709666667
Mizoram:Hnahthial,Hnahthial,Mizoram,Kharif,2726.5014,4208.715924,5780.603038,10461.2256,1597,1576,1629,10,9,Rice,80.08872443871833,Maize,14.533777781957426,Soybean,2.9495019616325364,14.533777781957426,Mizoram:Hnahthial,2,-5.451604876835034,9600.5763
Mizoram:Khawzawl,Khawzawl,Mizoram,Kharif,2134.944,3480.6506,4587.9057,8455.762,1630,1605,1648,11,9,Rice,94.66795928259816,Maize,2.6929498572736574,Soybean,1.6157699143641946,2.6929498572736574,Mizoram:Aizawl,4,-42.86104525862069,36295.68709666667
Mizoram:Kolasib,Kolasib,Mizoram,Kharif,9442.38288,14999.4266408,20306.0543196,36956.57252,1409,1375,1430,4,8,Rice,82.97587041977293,Maize,9.004900564237333,Soybean,6.388611886790001,9.004900564237333,Mizoram:Kolasib,1,-34.31320352905385,14565.103583333334
Mizoram:Kolasib,Kolasib,Mizoram,Rabi,1228.01287,858.3169231,1661.3919231,3259.10074,1728,1734,1739,13,10,Maize,96.67496137835293,Rapeseed & Mustard,3.325038621647071,,,96.67496137835293,Mizoram:Kolasib,1,-34.31320352905385,14565.103583333334
Mizoram:Lawngtlai,Lawngtlai,Mizoram,Kharif,15547.92736,24128.9828976,33912.1206312,60160.54744,1293,1262,1319,1,7,Rice,72.89429316448285,Maize,17.166947662494195,Soybean,9.399559628445463,17.166947662494195,Mizoram:Lawngtlai,1,-18.143817706387747,17338.076256666667
Mizoram:Lawngtlai,Lawngtlai,Mizoram,Rabi,696.10541,771.4518833,1103.7025433,2262.00282,1756,1744,1766,14,10,Rice,70.9305441717378,Maize,26.8659342863725,Rapeseed & Mustard,2.2035215418897005,26.8659342863725,Mizoram:Lawngtlai,1,-18.143817706387747,17338.076256666667
Mizoram:Lunglei,Lunglei,Mizoram,Kharif,5424.31449,8629.2642534,11544.4188433,21168.46396,1493,1454,1525,6,8,Rice,88.95539032924131,Maize,7.277455984608437,Soybean,2.1190239484595157,7.277455984608437,Mizoram:Hnahthial,2,-5.451604876835034,9600.5763
Mizoram:Lunglei,Lunglei,Mizoram,Rabi,1238.73701,1772.3254913,2544.5129913,4538.28802,1690,1676,1709,12,9,Rice,73.75574447514121,Maize,26.025726819404664,Rapeseed & Mustard,0.21852870545412806,26.025726819404664,Mizoram:Hnahthial,2,-5.451604876835034,9600.5763
Mizoram:Mamit,Mamit,Mizoram,Kharif,12203.30531,18447.2816346,25904.9106127,46151.95424,1362,1325,1382,2,8,Rice,77.11658191519176,Maize,20.03133721471334,Soybean,1.9459013294292957,20.03133721471334,Mizoram:Mamit,1,0.6185074626865672,11905.343893333333
Mizoram:Mamit,Mamit,Mizoram,Rabi,290.26837,261.4592281,493.9309081,842.46274,1795,1805,1811,15,10,Maize,90.04903169775943,Rice,8.684728834850576,Rapeseed & Mustard,1.266239467389994,90.04903169775943,Mizoram:Mamit,1,0.6185074626865672,11905.343893333333
Mizoram:Saitual,Saitual,Mizoram,Kharif,7545.32205,11842.991503,16520.4968985,29358.4452,1435,1410,1468,5,8,Rice,76.87620400602565,Maize,15.226406417765777,Soybean,7.8973895762085755,15.226406417765777,Mizoram:Aizawl,4,-42.86104525862069,36295.68709666667
Mizoram:Saitual,Saitual,Mizoram,Rabi,100.96506,19.5747678,26.9877678,209.34312,1870,1867,1851,18,10,Maize,54.935999560512,Rapeseed & Mustard,45.064000439488,,,54.935999560512,Mizoram:Aizawl,4,-42.86104525862069,36295.68709666667
Mizoram:Serchhip,Serchhip,Mizoram,Kharif,4316.66403,6308.9171698,8833.0790051,15981.73612,1545,1504,1577,8,9,Rice,73.14458527280946,Maize,22.155717149932187,Sugarcane,3.776542696011168,22.155717149932187,Mizoram:Serchhip,1,-73.40037324145851,13001.520676666667
Mizoram:Serchhip,Serchhip,Mizoram,Rabi,261.926,34.05038,34.05038,523.852,1866,1860,1832,17,10,Rapeseed & Mustard,100.0,,,,,,Mizoram:Serchhip,1,-73.40037324145851,13001.520676666667
Mizoram:Siaha,Siaha,Mizoram,Kharif,3858.4665,5743.07349,8201.014255,14438.053,1559,1522,1593,9,9,Rice,74.96162137813526,Maize,24.34537897288413,Soybean,0.5423475513761316,24.34537897288413,Mizoram:Siaha,1,-3.0908529048207662,3951.94443
Mizoram:Siaha,Siaha,Mizoram,Rabi,16.03679,2.0847827,2.0847827,32.07358,1878,1875,1869,19,10,Rapeseed & Mustard,100.0,,,,,,Mizoram:Siaha,1,-3.0908529048207662,3951.94443
Nagaland:Chumoukedima,Chumoukedima,Nagaland,Kharif,48360.97882,78097.4479782,104571.3938143,191590.34405,1010,980,1005,7,6,Rice,89.19761725806197,Soybean,4.7614970580215275,Maize,4.212577053168819,4.543394103015479,Nagaland:Chumoukedima,3,-3.2858553399278314,116531.27276
Nagaland:Chumoukedima,Chumoukedima,Nagaland,Rabi,3927.11088,3487.1849124,5130.8446924,11257.77716,1615,1604,1624,21,9,Rice,49.95414232273518,Maize,36.73622791178913,Wheat,5.932794856388703,40.5890048296485,Nagaland:Chumoukedima,3,-3.2858553399278314,116531.27276
Nagaland:Dimapur,Dimapur,Nagaland,Kharif,17084.91407,27146.1529696,36752.9270318,67272.45609,1272,1230,1282,15,7,Rice,86.13439295000713,Maize,5.790890391283657,Soybean,4.845598062051221,6.62457637154555,Nagaland:Chumoukedima,3,-3.2858553399278314,116531.27276
Nagaland:Dimapur,Dimapur,Nagaland,Rabi,2116.04085,1708.8558795,2503.2823795,5689.2304,1693,1680,1694,23,9,Rice,38.55628146085466,Maize,37.64814579920627,Wheat,11.96863575813781,45.34755684361657,Nagaland:Chumoukedima,3,-3.2858553399278314,116531.27276
Nagaland:Kiphire,Kiphire,Nagaland,Kharif,44539.33022,66619.7103054,96245.9034285,168948.49692,1037,1027,1051,9,6,Rice,67.23285732402262,Maize,22.884872930059494,Soybean,8.86647940952576,22.884872930059494,Nagaland:Kiphire,4,2.769519977238548,112895.68222333334
Nagaland:Kiphire,Kiphire,Nagaland,Rabi,2546.24195,1182.4011752,2079.8930852,5989.97581,1708,1711,1686,25,10,Maize,78.69826731226443,Rapeseed & Mustard,9.780102960457691,Gram,7.60346775155479,86.30173506381924,Nagaland:Kiphire,4,2.769519977238548,112895.68222333334
Nagaland:Kohima,Kohima,Nagaland,Kharif,36085.59444,56116.8478612,77272.103832,139570.03662,1088,1076,1098,10,6,Rice,84.15812792645798,Maize,11.6578650680784,Soybean,2.5928005200374833,11.753798783253504,Nagaland:Kohima,2,1.230396988977507,48511.1662
Nagaland:Kohima,Kohima,Nagaland,Rabi,1725.62285,318.8467205,355.9117205,3488.3107,1816,1794,1730,31,10,Rapeseed & Mustard,58.96844875048165,Gram,20.82819860381642,Wheat,20.203352645701926,20.82819860381642,Nagaland:Kohima,2,1.230396988977507,48511.1662
Nagaland:Longleng,Longleng,Nagaland,Kharif,27493.30969,41721.987447,58850.6582321,105344.58627,1160,1140,1177,12,7,Rice,76.03804005898407,Maize,15.727560639162832,Soybean,5.926302856707314,16.256604849292287,Nagaland:Longleng,1,1.5988132094943242,25082.22320333333
Nagaland:Longleng,Longleng,Nagaland,Rabi,1698.86192,627.4550996,689.2300996,3459.49884,1778,1759,1732,27,10,Wheat,59.11928400057936,Rapeseed & Mustard,22.95491733338687,Gram,17.925798666033767,17.925798666033767,Nagaland:Longleng,1,1.5988132094943242,25082.22320333333
Nagaland:Mokokchung,Mokokchung,Nagaland,Kharif,52946.90772,82464.878209,113191.3453629,205258.40874,996,962,984,6,6,Rice,84.47161327480694,Maize,10.407198255513508,Soybean,2.9501018556622687,10.686625979414092,Nagaland:Mokokchung,1,3.1619182067077345,49280.90741
Nagaland:Mokokchung,Mokokchung,Nagaland,Rabi,6641.57851,3004.3270495,5238.5064095,15517.33638,1607,1623,1583,20,9,Maize,81.43039993735833,Rapeseed & Mustard,10.354956109555944,Wheat,4.346709390047946,85.29833450039611,Nagaland:Mokokchung,1,3.1619182067077345,49280.90741
Nagaland:Mon,Mon,Nagaland,Kharif,71876.07735,114386.5569434,157239.3419429,283660.81716,892,885,897,1,5,Rice,79.26917933080813,Soybean,10.618351338600156,Maize,8.813888336567022,8.961608364601958,Nagaland:Mon,1,3.7599621689785625,72941.99262
Nagaland:Mon,Mon,Nagaland,Rabi,9451.10551,6386.8292824,9986.1620124,24968.34305,1516,1501,1497,17,9,Maize,53.147165581829654,Rice,35.97565206271457,Rapeseed & Mustard,6.207944069305254,55.1761933479364,Nagaland:Mon,1,3.7599621689785625,72941.99262
Nagaland:Niuland,Niuland,Nagaland,Kharif,53841.6074,85488.334505,116088.4100089,211258.86159,985,949,975,5,6,Rice,83.05687209869438,Maize,8.314116800514403,Soybean,6.520004468507855,8.641913520247947,Nagaland:Chumoukedima,3,-3.2858553399278314,116531.27276
Nagaland:Niuland,Niuland,Nagaland,Rabi,7788.74026,5312.8746139,8217.3621439,20433.31675,1558,1533,1532,18,9,Maize,51.30805222123247,Rice,34.584055688839605,Rapeseed & Mustard,6.051109166085831,54.43538183747394,Nagaland:Chumoukedima,3,-3.2858553399278314,116531.27276
Nagaland:Noklak,Noklak,Nagaland,Kharif,22093.50752,32698.0802778,47396.2734861,83743.27724,1208,1189,1227,13,7,Rice,64.64098961300216,Maize,21.094927690743862,Soybean,12.368483783264562,21.27218635228112,Nagaland:Kiphire,4,2.769519977238548,112895.68222333334
Nagaland:Noklak,Noklak,Nagaland,Rabi,2256.96198,417.6469374,476.9509374,4573.22796,1797,1780,1708,28,10,Rapeseed & Mustard,57.543127789227405,Gram,24.867966639622754,Wheat,17.588905571149844,24.867966639622754,Nagaland:Kiphire,4,2.769519977238548,112895.68222333334
Nagaland:Peren,Peren,Nagaland,Kharif,46530.28905,73596.4473482,100988.5431485,182722.2957,1022,1000,1023,8,6,Rice,80.2271011195426,Maize,9.31217576450372,Soybean,8.450090420109948,9.591112355940414,Nagaland:Peren,1,0.22948893675347562,42907.99249333333
Nagaland:Peren,Peren,Nagaland,Rabi,4063.13943,1927.7083959,2454.5750159,9838.68186,1696,1667,1635,24,9,Rice,70.34156743288312,Rapeseed & Mustard,16.17983900786921,Gram,9.865577480067758,9.865577480067758,Nagaland:Peren,1,0.22948893675347562,42907.99249333333
Nagaland:Phek,Phek,Nagaland,Kharif,59075.75373,88751.8711842,125948.8475413,223946.43348,955,941,964,4,6,Rice,74.72256601001416,Maize,19.5313786352301,Soybean,4.242016973000128,19.625550199571812,Nagaland:Phek,1,1.1423248309772587,55260.10142333333
Nagaland:Phek,Phek,Nagaland,Rabi,5984.11954,2629.1869954,4575.7419554,13914.79404,1631,1636,1600,22,9,Maize,81.3013486394207,Rapeseed & Mustard,10.937459329614887,Wheat,3.9810400537343202,85.08150061665079,Nagaland:Phek,1,1.1423248309772587,55260.10142333333
Nagaland:Shamator,Shamator,Nagaland,Kharif,18890.77029,27850.5683526,40147.4674825,70975.20017,1247,1219,1268,14,7,Rice,69.76352884751353,Maize,22.314629842853876,Soybean,6.469196795867907,22.425416407459444,Nagaland:Kiphire,4,2.769519977238548,112895.68222333334
Nagaland:Shamator,Shamator,Nagaland,Rabi,1327.44591,392.2151583,449.0481583,2711.72482,1805,1785,1755,30,10,Wheat,43.76887787360512,Rapeseed & Mustard,30.918469597028075,Gram,25.312652529366805,25.312652529366805,Nagaland:Kiphire,4,2.769519977238548,112895.68222333334
Nagaland:Tseminyu,Tseminyu,Nagaland,Kharif,16714.18994,26152.251041,36541.7664913,65257.60269,1274,1241,1295,16,7,Rice,75.17907307803682,Maize,13.545077743240524,Soybean,9.950467230054931,13.788514250397832,Nagaland:Kohima,2,1.230396988977507,48511.1662
Nagaland:Tseminyu,Tseminyu,Nagaland,Rabi,1300.90737,262.0028481,313.8938481,2653.70574,1821,1804,1757,32,10,Rapeseed & Mustard,49.37460196754968,Gram,33.062769668215104,Wheat,17.562628364235216,33.062769668215104,Nagaland:Kohima,2,1.230396988977507,48511.1662
Nagaland:Tuensang,Tuensang,Nagaland,Kharif,31369.8392,47961.9063896,67107.2109302,120626.43635,1123,1109,1138,11,6,Rice,77.71657090539222,Maize,14.013740862783868,Soybean,6.192338129388587,14.190484909147779,Nagaland:Kiphire,4,2.769519977238548,112895.68222333334
Nagaland:Tuensang,Tuensang,Nagaland,Rabi,1931.3336,414.752408,474.056408,3921.9712,1798,1781,1723,29,10,Rapeseed & Mustard,47.67732788457529,Wheat,27.302864767941287,Gram,25.019807347483425,25.019807347483425,Nagaland:Kiphire,4,2.769519977238548,112895.68222333334
Nagaland:Wokha,Wokha,Nagaland,Kharif,60531.27157,95448.0256828,130893.9483992,236744.7803,942,923,945,2,5,Rice,81.36868852315173,Maize,9.94505495418271,Soybean,7.0297064856943665,10.182916218059065,Nagaland:Wokha,1,0.9579675643505431,55265.18344666667
Nagaland:Wokha,Wokha,Nagaland,Rabi,6535.47377,3722.7117368,6497.4223468,16287.47295,1585,1595,1575,19,9,Maize,77.10372748767547,Rice,9.903133360522581,Rapeseed & Mustard,6.907503973803398,80.75465222888195,Nagaland:Wokha,1,0.9579675643505431,55265.18344666667
Nagaland:Zunheboto,Zunheboto,Nagaland,Kharif,58628.6757,87079.139595,127170.1447275,222433.29192,951,945,965,3,6,Rice,62.90843189171914,Maize,24.053254390442913,Soybean,11.261778077463342,24.2669916639063,Nagaland:Zunheboto,1,1.0402881751589794,57423.132456666666
Nagaland:Zunheboto,Zunheboto,Nagaland,Rabi,3404.46967,971.9433871,1181.9783871,7018.97434,1751,1728,1665,26,10,Gram,35.53956693156187,Wheat,33.86502616025711,Rapeseed & Mustard,30.59540690818102,35.53956693156187,Nagaland:Zunheboto,1,1.0402881751589794,57423.132456666666
Odisha:Angul,Angul,Odisha,Kharif,306999.48629,407829.72853,566512.38182,737876.57776,372,394,513,12,2,Rice,96.32085083241438,Moong,3.0157317912652997,Groundnut,0.3881893230532675,3.2844171808255287,Odisha:Angul,1,2.6667747926009424,266196.28336
Odisha:Angul,Angul,Odisha,Summer,5832.77079,6648.12666,11281.8447,19292.666085,1501,1496,1546,54,8,Groundnut,40.519526031057666,Rice,39.11163676982719,Moong,18.92327572989903,20.36883719911514,Odisha:Angul,1,2.6667747926009424,266196.28336
Odisha:Balangir,Balangir,Odisha,Kharif,473201.31845,619986.37855,877154.3445,1175696.98155,223,232,327,5,2,Rice,90.5617366636665,Moong,6.982375038558565,Groundnut,1.3882210099456447,8.030322877799986,Odisha:Balangir,1,-3.5061920447570274,525455.77784
Odisha:Balangir,Balangir,Odisha,Summer,35666.83407,40655.8206292,68985.9097592,118416.541978,1119,1147,1144,43,6,Moong,56.82949245265507,Rice,39.13729843303164,Groundnut,3.9185886066241085,56.944112960344256,Odisha:Balangir,1,-3.5061920447570274,525455.77784
Odisha:Balasore,Balasore,Odisha,Kharif,442363.362,592740.86074,813884.24124,1039603.69135,249,246,383,8,2,Rice,99.9905882192923,Sugarcane,0.009411780707695473,,,,Odisha:Balasore,1,3.9919294327824923,564993.2686766667
Odisha:Balasore,Balasore,Odisha,Summer,132979.16303,175207.9263844,246085.9668344,326975.534606,725,742,846,31,4,Rice,92.86678717774565,Moong,4.871933127364358,Groundnut,2.255254971013728,4.877957851240619,Odisha:Balasore,1,3.9919294327824923,564993.2686766667
Odisha:Bargarh,Bargarh,Odisha,Kharif,638182.50132,847713.41732,1177690.55964,1535406.95028,136,136,215,3,1,Rice,96.28437680154487,Moong,2.0310326684890567,Groundnut,1.6088464397466042,2.1006920534000453,Odisha:Bargarh,1,7.409301416591652,851712.5990333334
Odisha:Bargarh,Bargarh,Odisha,Summer,258133.45978,340128.7965922,477680.8787072,634511.5108255,442,471,586,19,3,Rice,92.89454311174035,Moong,3.9468782905912505,Groundnut,3.1151261570846946,3.9903307311749625,Odisha:Bargarh,1,7.409301416591652,851712.5990333334
Odisha:Bhadrak,Bhadrak,Odisha,Kharif,356163.34243,477251.88049,655324.07542,836998.04937,328,327,469,10,2,Rice,99.9967346140936,Sugarcane,0.0030165227772733063,Groundnut,0.0002488631291250478,,Odisha:Bhadrak,1,2.787058101073258,372288.19887
Odisha:Bhadrak,Bhadrak,Odisha,Summer,7804.85118,9443.628264,14838.513144,23266.51593,1455,1443,1505,52,8,Rice,59.76795584526659,Moong,39.49932923279419,Groundnut,0.7327149219392166,39.49932923279419,Odisha:Bhadrak,1,2.787058101073258,372288.19887
Odisha:Boudh,Boudh,Odisha,Kharif,156337.699,208510.393,288118.6,372036.231,650,679,805,27,4,Rice,97.99656946826758,Moong,1.8919382504288165,Maize,0.0823327615780446,1.9742710120068612,Odisha:Boudh,1,-6.316912926946602,176956.65374333333
Odisha:Boudh,Boudh,Odisha,Summer,12083.51123,14949.354791,22818.390196,34426.2746975,1380,1376,1439,49,8,Rice,67.96829619785682,Moong,31.641860350278673,Groundnut,0.3898434518645129,31.641860350278673,Odisha:Boudh,1,-6.316912926946602,176956.65374333333
Odisha:Cuttack,Cuttack,Odisha,Kharif,266109.37829,355423.82155,488327.76734,628906.83681,430,455,589,17,3,Rice,98.98039474447224,Groundnut,0.41896830711564015,Sugarcane,0.38102748285958243,0.21960946555253488,Odisha:Cuttack,1,-1.1103638765461752,334280.32292666665
Odisha:Cuttack,Cuttack,Odisha,Summer,79798.94349,81623.391514,158739.323204,310082.38002,887,969,866,38,5,Moong,89.51175733400099,Rice,6.219935441775402,Groundnut,3.941412797860753,89.83865176036385,Odisha:Cuttack,1,-1.1103638765461752,334280.32292666665
Odisha:Deogarh,Deogarh,Odisha,Kharif,95978.582,128267.68262,176725.22812,226913.28905,853,836,957,35,5,Rice,98.87723274084406,Moong,0.49217194921904056,Groundnut,0.30760746826190033,0.7941865544216337,Odisha:Deogarh,1,-3.168762230919765,106002.28410333334
Odisha:Deogarh,Deogarh,Odisha,Summer,1834.98931,2028.7339954,3578.8046504,6382.4286785,1655,1662,1678,58,9,Moong,38.5273334169243,Groundnut,31.208520975716457,Rice,29.2975100019167,39.49396902236684,Odisha:Deogarh,1,-3.168762230919765,106002.28410333334
Odisha:Dhenkanal,Dhenkanal,Odisha,Kharif,224149.30258,298868.83376,412059.11684,532334.62177,515,528,666,22,3,Rice,98.1326477571936,Groundnut,0.9282670868523041,Moong,0.39818170086431814,0.6776284969528306,Odisha:Dhenkanal,1,3.333679676169448,216718.33017333332
Odisha:Dhenkanal,Dhenkanal,Odisha,Summer,11767.24794,12485.7272666,23196.3879616,43085.5828515,1377,1402,1399,48,8,Moong,69.7303344243787,Rice,16.7622694879768,Groundnut,9.225082816955949,74.01264769506726,Odisha:Dhenkanal,1,3.333679676169448,216718.33017333332
Odisha:Gajapati,Gajapati,Odisha,Kharif,133747.817,167045.08562,251826.33112,341478.73305,714,758,829,30,4,Rice,71.5560530618749,Maize,25.35306682031448,Moong,2.9633199859644606,28.316386806278942,Odisha:Gajapati,1,14.297994386741237,132689.63596
Odisha:Gajapati,Gajapati,Odisha,Summer,4114.90688,5099.7861992,7766.3411392,11633.117118,1562,1540,1620,56,9,Rice,68.62865078508551,Groundnut,30.162311415556726,Maize,1.209037799357759,1.209037799357759,Odisha:Gajapati,1,14.297994386741237,132689.63596
Odisha:Ganjam,Ganjam,Odisha,Kharif,870063.81,1113027.25716,1625025.87016,2297879.0219,84,87,102,1,1,Rice,80.913235432402,Moong,18.664344338723485,Maize,0.31050471827277387,18.97484905699626,Odisha:Ganjam,1,-0.8647499663933325,840553.6618733334
Odisha:Ganjam,Ganjam,Odisha,Summer,4631.19762,4647.3451108,9254.7964208,18406.891657,1533,1556,1556,55,9,Groundnut,98.20138214573919,Rice,0.9442284500564537,Maize,0.8543894042043648,0.8543894042043648,Odisha:Ganjam,1,-0.8647499663933325,840553.6618733334
Odisha:Jagatsinghapur,Jagatsinghapur,Odisha,Kharif,196007.133,262484.89078,360429.15328,461077.35695,571,584,728,25,4,Rice,99.81489566148338,Sugarcane,0.08363973814454702,Groundnut,0.08089745164800449,0.02056714872406894,Odisha:Jagatsinghapur,1,4.281519907776891,286716.9417233333
Odisha:Jagatsinghapur,Jagatsinghapur,Odisha,Summer,94578.19217,95490.416182,188727.102452,373885.79921,833,922,804,33,5,Moong,97.0961448351628,Rice,2.615809625570651,Groundnut,0.2880455392665512,97.0961448351628,Odisha:Jagatsinghapur,1,4.281519907776891,286716.9417233333
Odisha:Jajpur,Jajpur,Odisha,Kharif,327049.205,437190.71886,599544.06736,770948.66415,348,370,497,11,2,Rice,99.418873409032,Sugarcane,0.45418546329554993,Groundnut,0.12117107641460226,0.005770051257838202,Odisha:Jajpur,1,22.199241876395654,319910.3706866667
Odisha:Jajpur,Jajpur,Odisha,Summer,52921.06106,56368.1386772,104219.9679472,194926.127333,1012,1070,1001,41,6,Groundnut,41.95153276400009,Moong,40.09214144180955,Rice,17.89942307087534,40.14904416512457,Odisha:Jajpur,1,22.199241876395654,319910.3706866667
Odisha:Jharsuguda,Jharsuguda,Odisha,Kharif,87653.783,117351.89186,161282.56536,206222.61765,881,872,981,37,5,Rice,99.65068263966259,Maize,0.2727126760528854,Groundnut,0.04596281057071103,0.2727126760528854,Odisha:Jharsuguda,1,-20.624748595243524,112142.12606333333
Odisha:Jharsuguda,Jharsuguda,Odisha,Summer,6940.76719,8490.741476,13152.134716,20233.721725,1469,1458,1536,53,8,Rice,63.77744995111408,Moong,32.389833832964214,Groundnut,3.7199892683945954,32.50256078049132,Odisha:Jharsuguda,1,-20.624748595243524,112142.12606333333
Odisha:Kalahandi,Kalahandi,Odisha,Kharif,495591.12358,657817.11674,914232.73732,1189531.54222,209,208,321,4,2,Rice,96.02903815647406,Moong,2.244415799433123,Maize,1.0832873945240795,3.3277031939572024,Odisha:Kalahandi,1,2.2167979639751034,645494.06677
Odisha:Kalahandi,Kalahandi,Odisha,Summer,170332.52873,220924.709355,316856.97246,435786.9993575,628,659,747,26,4,Rice,86.40901141431047,Moong,12.73315674474964,Groundnut,0.8437945926335952,12.747193993055928,Odisha:Kalahandi,1,2.2167979639751034,645494.06677
Odisha:Kandhamal,Kandhamal,Odisha,Kharif,91216.965,121487.2092,168184.1672,216109.9535,868,851,970,36,5,Rice,97.40241422677747,Maize,2.2038340836164036,Groundnut,0.24389097192021533,2.3507563558574973,Odisha:Kandhamal,1,-15.216622697242327,98699.63072666667
Odisha:Kandhamal,Kandhamal,Odisha,Summer,1694.06818,2218.8028212,3141.2024112,4143.281373,1674,1655,1718,59,9,Rice,90.40297438569597,Maize,5.50649010656789,Groundnut,4.0905355077361465,5.50649010656789,Odisha:Kandhamal,1,-15.216622697242327,98699.63072666667
Odisha:Kendrapara,Kendrapara,Odisha,Kharif,299697.706,401543.6775,551324.578,704394.99725,384,402,535,13,3,Rice,99.97131562670874,Sugarcane,0.02599521329520702,Groundnut,0.0026891599960558988,,Odisha:Kendrapara,1,0.6522486652791603,357073.53528
Odisha:Kendrapara,Kendrapara,Odisha,Summer,57608.99284,58303.2509304,114891.2759904,227059.364686,989,1065,956,40,6,Moong,95.77058624468056,Rice,3.270188617901622,Groundnut,0.9463207633718393,95.78349061872653,Odisha:Kendrapara,1,0.6522486652791603,357073.53528
Odisha:Keonjhar,Keonjhar,Odisha,Kharif,394018.22229,524409.63057,726670.83986,936399.43586,283,289,414,9,2,Rice,97.10691314047357,Maize,1.8954048029027237,Moong,0.6324816888049993,2.527886491707723,Odisha:Keonjhar,1,-9.848357642727665,408863.44667
Odisha:Keonjhar,Keonjhar,Odisha,Summer,2923.98372,3577.8814848,5540.2508448,8485.542492,1600,1600,1647,57,9,Rice,63.87329642522254,Moong,22.924846465969893,Groundnut,11.863831050482474,24.262872524294984,Odisha:Keonjhar,1,-9.848357642727665,408863.44667
Odisha:Khordha,Khordha,Odisha,Kharif,213444.98,285992.74928,392700.41328,501643.1462,534,545,692,23,3,Rice,99.9773476174224,Sugarcane,0.012584656987555284,Maize,0.008809259891288699,0.010067725590044228,Odisha:Khordha,1,12.091925045564178,241189.12913666666
Odisha:Khordha,Khordha,Odisha,Summer,40348.24241,44602.6021518,78694.4331768,140744.3410695,1086,1126,1092,42,6,Moong,70.19668742754936,Rice,29.25695372260158,Groundnut,0.5400788630691837,70.20296741432924,Odisha:Khordha,1,12.091925045564178,241189.12913666666
Odisha:Koraput,Koraput,Odisha,Kharif,264903.48087,350559.95457,487849.87594,636193.86523,431,462,582,18,3,Rice,95.01953450471139,Maize,2.4950597715222207,Groundnut,1.5357027047643284,3.1069217698979497,Odisha:Koraput,1,-3.2388959165399323,347773.00427333335
Odisha:Koraput,Koraput,Odisha,Summer,71539.03295,95079.293673,132000.296148,170303.0682325,939,926,1048,39,5,Rice,96.51065631334966,Maize,2.4447869392517996,Groundnut,0.7412983368634859,2.748045349786862,Odisha:Koraput,1,-3.2388959165399323,347773.00427333335
Odisha:Malkangiri,Malkangiri,Odisha,Kharif,296428.573,396286.77326,545865.05176,699148.81715,388,406,539,14,3,Rice,99.00049142504935,Maize,0.7179441122607472,Moong,0.2815644626899021,0.9995085749506493,Odisha:Malkangiri,1,-8.527139472904945,313297.71111333335
Odisha:Malkangiri,Malkangiri,Odisha,Summer,8891.99234,9933.3794756,17293.9201456,30472.171849,1429,1439,1457,51,8,Groundnut,66.92620240266781,Rice,32.58799681131795,Maize,0.48580078601424115,0.48580078601424115,Odisha:Malkangiri,1,-8.527139472904945,313297.71111333335
Odisha:Mayurbhanj,Mayurbhanj,Odisha,Kharif,735357.245,985140.10854,1353169.61304,1728733.46835,107,106,183,2,1,Rice,99.89627848671189,Maize,0.07596505198566073,Moong,0.015339097035566107,0.09130414902122683,Odisha:Mayurbhanj,1,-4.720592999638643,783106.2971433334
Odisha:Mayurbhanj,Mayurbhanj,Odisha,Summer,20418.68843,23486.3504218,39393.7712168,66686.2595245,1253,1268,1287,46,7,Rice,42.14236003310108,Moong,32.127577353149086,Groundnut,25.21571226408443,32.64192770281449,Odisha:Mayurbhanj,1,-4.720592999638643,783106.2971433334
Odisha:Nabarangpur,Nabarangpur,Odisha,Kharif,444967.77129,550607.81503,833970.95082,1133584.37101,244,274,345,7,2,Rice,68.55143571582178,Maize,30.545468250366174,Sugarcane,0.7496220334596906,30.545468250366174,Odisha:Nabarangpur,1,1.7313592695170503,462830.37495333335
Odisha:Nabarangpur,Nabarangpur,Odisha,Summer,19740.00357,20716.8091438,39020.3339288,57505.7902895,1256,1298,1329,47,7,Maize,85.66735502826592,Rice,13.547403101279837,Moong,0.7852418704542411,86.45259689872016,Odisha:Nabarangpur,1,1.7313592695170503,462830.37495333335
Odisha:Nayagarh,Nayagarh,Odisha,Kharif,227472.847,302159.61272,418402.86572,545580.2443,504,523,655,21,3,Rice,96.6023982709733,Moong,2.6646930299614966,Sugarcane,0.3336772078741679,2.886750782458288,Odisha:Nayagarh,1,12.56417321181066,300803.08314
Odisha:Nayagarh,Nayagarh,Odisha,Summer,103646.14442,103654.2181654,207288.4894304,414342.7742685,801,902,767,32,5,Moong,99.62130400363424,Maize,0.19549758942889414,Groundnut,0.16211995220932685,99.81680159306313,Odisha:Nayagarh,1,12.56417321181066,300803.08314
Odisha:Nuapada,Nuapada,Odisha,Kharif,272739.02187,361015.89223,503913.7481,658607.44138,412,443,562,15,3,Rice,94.80464725586239,Moong,2.3046999697446835,Maize,1.5573887455125774,3.862088715257261,Odisha:Nuapada,1,3.599937000563679,293969.77974
Odisha:Nuapada,Nuapada,Odisha,Summer,36083.64235,44196.7987174,68349.3287624,104959.4277935,1120,1129,1178,44,6,Rice,64.23836792169585,Moong,30.43998215743332,Groundnut,5.314419418260947,30.4472126600432,Odisha:Nuapada,1,3.599937000563679,293969.77974
Odisha:Puri,Puri,Odisha,Kharif,209459.257,280653.56074,385351.06624,492271.01385,542,556,700,24,3,Rice,99.98332792987266,Sugarcane,0.016672070127343838,,,,Odisha:Puri,1,-0.21501026996333658,362746.33353
Odisha:Puri,Puri,Odisha,Summer,142268.54159,170862.3620326,271081.1676776,430295.2117415,676,750,755,29,4,Rice,57.08365121904657,Moong,38.55921099038311,Groundnut,4.346199369338761,38.570149411614665,Odisha:Puri,1,-0.21501026996333658,362746.33353
Odisha:Rayagada,Rayagada,Odisha,Kharif,146799.58958,192595.62098,272048.10556,358985.44682,674,711,816,28,4,Rice,91.10055954620117,Maize,4.387066021074629,Moong,2.7121695939811272,7.099235615055757,Odisha:Rayagada,1,12.587800334907524,148131.74686333333
Odisha:Rayagada,Rayagada,Odisha,Summer,1063.29601,1345.8434934,1993.6284984,2795.5127235,1716,1700,1751,60,10,Rice,76.69836680340264,Groundnut,14.129713746872872,Maize,8.676140020009658,9.171919449724495,Odisha:Rayagada,1,12.587800334907524,148131.74686333333
Odisha:Sambalpur,Sambalpur,Odisha,Kharif,272356.091,364138.02544,501520.68344,643458.5311,418,440,573,16,3,Rice,99.0392320478291,Moong,0.5823731894697467,Maize,0.22073027824234057,0.8031034677120873,Odisha:Sambalpur,1,-3.8785187485443675,323668.1192266667
Odisha:Sambalpur,Sambalpur,Odisha,Summer,33588.50068,44422.1815926,62078.7985776,81778.7865265,1142,1128,1233,45,7,Rice,94.44340634961212,Moong,4.840117155688941,Groundnut,0.7164764946989337,4.840117155688941,Odisha:Sambalpur,1,-3.8785187485443675,323668.1192266667
Odisha:Sonepur,Sonepur,Odisha,Kharif,259052.227,346924.14988,476752.96088,609771.6352,444,464,604,20,3,Rice,99.74603408906678,Moong,0.25396591093322207,,,0.25396591093322207,Odisha:Sonepur,1,-2.9177352771074725,354371.77682666667
Odisha:Sonepur,Sonepur,Odisha,Summer,101812.31648,134878.462586,188064.093616,246781.203935,836,820,937,34,5,Rice,95.15171078929217,Moong,4.44885942825621,Groundnut,0.39942978245162014,4.44885942825621,Odisha:Sonepur,1,-2.9177352771074725,354371.77682666667
Odisha:Sundargarh,Sundargarh,Odisha,Kharif,453013.32258,604637.58908,834335.52216,1073798.18007,242,239,367,6,2,Rice,98.34830619169571,Groundnut,0.6633951225845767,Maize,0.5017015204103077,0.9477242416251386,Odisha:Sundargarh,1,2.410352111905257,470694.48071333335
Odisha:Sundargarh,Sundargarh,Odisha,Summer,9385.74756,10822.7062132,18095.2792832,30517.623423,1425,1429,1456,50,8,Rice,42.97519812484924,Moong,42.63190989907606,Groundnut,13.819361176269066,43.20544069888169,Odisha:Sundargarh,1,2.410352111905257,470694.48071333335
Puducherry:Karaikal,Karaikal,Puducherry,Kharif,4368.728,8110.71156,10060.97302,20000.274,1515,1467,1537,5,9,Cotton,60.241378124677645,Rice,39.758621875322355,,,,Puducherry:Karaikal,1,5.723086900129702,15650.490333333333
Puducherry:Karaikal,Karaikal,Puducherry,Rabi,10939.117,18158.93422,23737.88389,43756.468,1372,1329,1394,3,8,Rice,100.0,,,,,,Puducherry:Karaikal,1,5.723086900129702,15650.490333333333
Puducherry:Karaikal,Karaikal,Puducherry,Summer,805.546,810.43858,1612.35221,3222.184,1731,1739,1740,6,10,Moong,99.00231414077945,Rice,0.9976858592205483,,,99.00231414077945,Puducherry:Karaikal,1,5.723086900129702,15650.490333333333
Puducherry:Puducherry,Puducherry,Puducherry,Kharif,11549.454,16694.8173,21113.73131,42661.815,1405,1351,1402,4,8,Rice,83.93419945439288,Sugarcane,14.34822654281471,Bajra,0.8187617691152668,,Puducherry:Puducherry,1,0.37226323427345576,38386.16133333333
Puducherry:Puducherry,Puducherry,Puducherry,Rabi,14991.557,24427.71296,32413.63902,59966.228,1309,1257,1320,1,7,Rice,95.71568622966666,Groundnut,4.269067102111511,Moong,0.015246668221826826,0.015246668221826826,Puducherry:Puducherry,1,0.37226323427345576,38386.16133333333
Puducherry:Puducherry,Puducherry,Puducherry,Summer,12767.657,21098.08988,27681.03156,51070.628,1342,1295,1359,2,8,Rice,98.94665052721034,Groundnut,1.035496091894922,Moong,0.017853380894740038,0.017853380894740038,Puducherry:Puducherry,1,0.37226323427345576,38386.16133333333
Puducherry:Yanam,Yanam,Puducherry,Kharif,232.274,385.57484,504.03458,929.096,1792,1786,1806,8,10,Rice,100.0,,,,,,Puducherry:Yanam,1,-38.940809968847354,720.7083333333334
Puducherry:Yanam,Yanam,Puducherry,Rabi,247.1,410.186,536.207,988.4,1790,1783,1801,7,10,Rice,100.0,,,,,,Puducherry:Yanam,1,-38.940809968847354,720.7083333333334
Puducherry:Yanam,Yanam,Puducherry,Summer,4.942,8.20372,10.72414,19.768,1875,1871,1872,9,10,Rice,100.0,,,,,,Puducherry:Yanam,1,-38.940809968847354,720.7083333333334
Punjab:Amritsar,Amritsar,Punjab,Kharif,468501.6,1354058.58,1797306.56,2278385.55,69,61,105,7,1,Rice,98.54267487901451,Sugarcane,0.907391113066432,Maize,0.46744390673119224,0.5499340079190497,Punjab:Amritsar,1,-0.1825769431403234,945734.0666666667
Punjab:Amritsar,Amritsar,Punjab,Rabi,472208.1,452852.757,452852.757,944416.2,466,350,413,29,3,Wheat,99.8226631090158,Rapeseed & Mustard,0.17733689098419247,,,,Punjab:Amritsar,1,-0.1825769431403234,945734.0666666667
Punjab:Amritsar,Amritsar,Punjab,Summer,4942.0,4942.0,9884.0,19768.0,1521,1543,1540,53,9,Moong,100.0,,,,,100.0,Punjab:Amritsar,1,-0.1825769431403234,945734.0666666667
Punjab:Barnala,Barnala,Punjab,Kharif,288612.8,853013.91,1132953.5,1426940.725,148,132,245,16,1,Rice,98.89203925845148,Cotton,0.8898582333696837,Moong,0.17448200654307525,0.17448200654307525,Punjab:Barnala,1,0.16736869732081008,575356.7003333333
Punjab:Barnala,Barnala,Punjab,Rabi,281990.52,271879.188,272175.708,564277.56,672,569,647,39,4,Wheat,99.68769292225006,Gram,0.2178886588953045,Rapeseed & Mustard,0.09441841885463195,0.2178886588953045,Punjab:Barnala,1,0.16736869732081008,575356.7003333333
Punjab:Barnala,Barnala,Punjab,Summer,4670.19,4670.19,9340.38,18680.76,1531,1554,1551,54,9,Moong,100.0,,,,,100.0,Punjab:Barnala,1,0.16736869732081008,575356.7003333333
Punjab:Bathinda,Bathinda,Punjab,Kharif,639247.7,1759356.942,2302996.71,3166598.855,41,32,64,3,1,Rice,84.93514018089935,Cotton,14.832458879196576,Maize,0.1072949861052993,0.2145899722105986,Punjab:Bathinda,1,2.545734642788369,1295561.7733333334
Punjab:Bathinda,Bathinda,Punjab,Rabi,636331.92,611023.938,611320.458,1272960.36,345,237,288,20,2,Wheat,99.74534959862247,Rapeseed & Mustard,0.15764072466228507,Gram,0.09700967671525235,0.09700967671525235,Punjab:Bathinda,1,2.545734642788369,1295561.7733333334
Punjab:Bathinda,Bathinda,Punjab,Summer,40277.3,40277.3,80554.6,161109.2,1078,1148,1065,47,6,Moong,100.0,,,,,100.0,Punjab:Bathinda,1,2.545734642788369,1295561.7733333334
Punjab:Faridkot,Faridkot,Punjab,Kharif,291578.0,866233.76,1150695.28,1443187.55,142,124,242,15,1,Rice,99.49321422436007,Cotton,0.46383782855179523,Moong,0.042947947088129185,0.042947947088129185,Punjab:Faridkot,1,-0.3702127659574468,579391.8433333334
Punjab:Faridkot,Faridkot,Punjab,Rabi,285721.73,275699.354,275773.484,571517.59,666,564,639,38,4,Wheat,99.86470018995735,Rapeseed & Mustard,0.08153829611841869,Gram,0.053761513924232104,0.053761513924232104,Punjab:Faridkot,1,-0.3702127659574468,579391.8433333334
Punjab:Faridkot,Faridkot,Punjab,Summer,1235.5,1235.5,2471.0,4942.0,1695,1708,1702,59,9,Moong,100.0,,,,,100.0,Punjab:Faridkot,1,-0.3702127659574468,579391.8433333334
Punjab:Fatehgarh Sahib,Fatehgarh Sahib,Punjab,Kharif,222142.9,649754.392,861894.684,1087561.23,228,215,362,18,2,Rice,99.22592630818454,Sugarcane,0.6593961078428,Maize,0.11467758397266087,0.11467758397266087,Punjab:Fatehgarh Sahib,1,-0.06258890469416785,434146.4633333333
Punjab:Fatehgarh Sahib,Fatehgarh Sahib,Punjab,Rabi,211023.4,202824.622,202824.622,422046.8,808,687,759,41,5,Wheat,99.85745961355717,Rapeseed & Mustard,0.14254038644282546,,,,Punjab:Fatehgarh Sahib,1,-0.06258890469416785,434146.4633333333
Punjab:Fatehgarh Sahib,Fatehgarh Sahib,Punjab,Summer,840.14,840.14,1680.28,3360.56,1725,1735,1736,60,10,Moong,100.0,,,,,100.0,Punjab:Fatehgarh Sahib,1,-0.06258890469416785,434146.4633333333
Punjab:Fazilka,Fazilka,Punjab,Kharif,496918.1,1271754.512,1637245.064,2463784.68,83,71,96,12,1,Rice,69.56763217946705,Cotton,30.100334448160535,Moong,0.18110911220313197,0.18110911220313197,Punjab:Fazilka,1,2.171707317073171,1020526.2946666667
Punjab:Fazilka,Fazilka,Punjab,Rabi,511002.8,479341.877,481565.777,1024229.5,439,325,387,27,3,Wheat,98.54941581531862,Gram,0.9236121444734641,Rapeseed & Mustard,0.5269720402079153,0.9236121444734641,Punjab:Fazilka,1,2.171707317073171,1020526.2946666667
Punjab:Fazilka,Fazilka,Punjab,Summer,27190.884,27190.884,54381.768,108763.536,1178,1229,1165,48,7,Moong,100.0,,,,,100.0,Punjab:Fazilka,1,2.171707317073171,1020526.2946666667
Punjab:Ferozepur,Ferozepur,Punjab,Kharif,464053.8,1380434.034,1834984.368,2295645.485,66,58,103,6,1,Rice,99.87880550707776,Moong,0.10772843815310365,Sugarcane,0.013466054769137956,0.10772843815310365,Punjab:Ferozepur,1,-0.08361027588753495,934584.091
Punjab:Ferozepur,Ferozepur,Punjab,Rabi,467513.2,452034.856,452034.856,935026.4,468,353,415,30,3,Wheat,99.95025582717453,Rapeseed & Mustard,0.049744172825469016,,,,Punjab:Ferozepur,1,-0.08361027588753495,934584.091
Punjab:Ferozepur,Ferozepur,Punjab,Summer,4504.633,4504.633,9009.266,18018.532,1541,1562,1559,55,9,Moong,100.0,,,,,100.0,Punjab:Ferozepur,1,-0.08361027588753495,934584.091
Punjab:Gurdaspur,Gurdaspur,Punjab,Kharif,486539.9,1335150.488,1758497.034,2295361.32,73,64,104,9,1,Rice,96.59975212673575,Sugarcane,3.0913899170102326,Maize,0.28103544700093025,0.28103544700093025,Punjab:Gurdaspur,1,0.3606599242718396,948341.7953333333
Punjab:Gurdaspur,Gurdaspur,Punjab,Rabi,464548.0,444384.64,444384.64,929096.0,470,363,420,31,3,Wheat,99.78314056939502,Rapeseed & Mustard,0.2168594306049822,,,,Punjab:Gurdaspur,1,0.3606599242718396,948341.7953333333
Punjab:Gurdaspur,Gurdaspur,Punjab,Summer,555.975,555.975,1111.95,2223.9,1755,1767,1767,61,10,Moong,100.0,,,,,100.0,Punjab:Gurdaspur,1,0.3606599242718396,948341.7953333333
Punjab:Hoshiarpur,Hoshiarpur,Punjab,Kharif,371885.5,755953.03,1061936.96,1497858.425,162,164,224,17,1,Rice,72.33339538346985,Maize,21.081533879374536,Sugarcane,5.840469099032018,21.081533879374536,Punjab:Hoshiarpur,1,-0.3901300433477826,739512.6433333333
Punjab:Hoshiarpur,Hoshiarpur,Punjab,Rabi,365782.13,346508.33,346582.46,731638.39,584,465,516,36,4,Wheat,99.58648224725509,Rapeseed & Mustard,0.3707400541850848,Gram,0.04277769855981748,0.04277769855981748,Punjab:Hoshiarpur,1,-0.3901300433477826,739512.6433333333
Punjab:Hoshiarpur,Hoshiarpur,Punjab,Summer,494.2,494.2,988.4,1976.8,1763,1773,1774,62,10,Moong,100.0,,,,,100.0,Punjab:Hoshiarpur,1,-0.3901300433477826,739512.6433333333
Punjab:Jalandhar,Jalandhar,Punjab,Kharif,462324.1,1311675.988,1741699.176,2223455.22,76,66,111,10,1,Rice,97.53141067111581,Sugarcane,1.361980319384385,Maize,1.1066090094998127,1.1066090094998127,Punjab:Jalandhar,1,-0.7140895358418017,896478.8
Punjab:Jalandhar,Jalandhar,Punjab,Rabi,430695.3,416113.929,416113.929,861390.6,508,386,455,33,3,Wheat,99.93824191355056,Rapeseed & Mustard,0.06175808644944447,,,,Punjab:Jalandhar,1,-0.7140895358418017,896478.8
Punjab:Jalandhar,Jalandhar,Punjab,Summer,247.1,247.1,494.2,988.4,1794,1807,1801,64,10,Moong,100.0,,,,,100.0,Punjab:Jalandhar,1,-0.7140895358418017,896478.8
Punjab:Kapurthala,Kapurthala,Punjab,Kharif,305909.8,888616.078,1179497.256,1491606.795,135,121,226,14,1,Rice,98.80587259289054,Sugarcane,0.7751353344394724,Maize,0.41899207266998506,0.41899207266998506,Punjab:Kapurthala,1,-1.11942696306705,575852.5476666667
Punjab:Kapurthala,Kapurthala,Punjab,Rabi,264149.9,254772.455,254772.455,528299.8,708,595,670,40,4,Wheat,99.91174045875563,Rapeseed & Mustard,0.08825954124436254,,,,Punjab:Kapurthala,1,-1.11942696306705,575852.5476666667
Punjab:Kapurthala,Kapurthala,Punjab,Summer,271.81,271.81,543.62,1087.24,1788,1800,1794,63,10,Moong,100.0,,,,,100.0,Punjab:Kapurthala,1,-1.11942696306705,575852.5476666667
Punjab:Ludhiana,Ludhiana,Punjab,Kharif,647896.2,1914095.904,2543271.808,3190950.56,28,24,62,1,1,Rice,99.57250341997263,Sugarcane,0.23317995274219624,Maize,0.17488496455664718,0.19431662728516352,Punjab:Ludhiana,1,-0.15585427625170464,1264163.6
Punjab:Ludhiana,Ludhiana,Punjab,Rabi,607124.7,584552.115,584552.115,1214249.4,356,252,309,21,2,Wheat,99.88459831335996,Rapeseed & Mustard,0.11540168664003551,,,,Punjab:Ludhiana,1,-0.15585427625170464,1264163.6
Punjab:Ludhiana,Ludhiana,Punjab,Summer,11366.6,11366.6,22733.2,45466.4,1381,1417,1384,52,8,Moong,100.0,,,,,100.0,Punjab:Ludhiana,1,-0.15585427625170464,1264163.6
Punjab:Malerkotla,Malerkotla,Punjab,Kharif,132939.8,392004.382,520699.004,654209.605,400,411,564,24,3,Rice,99.41155255215352,Sugarcane,0.2847326360547446,Maize,0.18982175736982973,0.18982175736982973,Punjab:Malerkotla,2,-0.12192024384048768,1457379.3266666667
Punjab:Malerkotla,Malerkotla,Punjab,Rabi,129480.4,124765.732,124765.732,258960.8,959,846,924,45,6,Wheat,99.89701338825952,Rapeseed & Mustard,0.10298661174047374,,,,Punjab:Malerkotla,2,-0.12192024384048768,1457379.3266666667
Punjab:Mansa,Mansa,Punjab,Kharif,431436.6,1183678.188,1548659.714,2136970.22,88,79,121,13,1,Rice,84.41475969071408,Cotton,15.394090634942415,Moong,0.12764585932788072,0.1595573241598509,Punjab:Mansa,1,3.586800573888092,872098.2666666667
Punjab:Mansa,Mansa,Punjab,Rabi,434154.7,415325.68,415572.78,868556.5,509,389,448,34,3,Wheat,99.66464502318944,Rapeseed & Mustard,0.2164347722678083,Gram,0.11892020454275182,0.11892020454275182,Punjab:Mansa,1,3.586800573888092,872098.2666666667
Punjab:Mansa,Mansa,Punjab,Summer,26439.7,26439.7,52879.4,105758.8,1183,1236,1174,49,7,Moong,100.0,,,,,100.0,Punjab:Mansa,1,3.586800573888092,872098.2666666667
Punjab:Moga,Moga,Punjab,Kharif,453675.6,1350243.356,1794469.852,2244261.04,71,63,109,8,1,Rice,99.89810138086399,Maize,0.05508033466811344,Cotton,0.033048200800868066,0.05508033466811344,Punjab:Moga,1,0.522388669147491,904073.8303333333
Punjab:Moga,Moga,Punjab,Rabi,441073.5,425973.219,425973.219,882147.0,492,378,443,32,3,Wheat,99.93213024032856,Rapeseed & Mustard,0.06786975967144075,,,,Punjab:Moga,1,0.522388669147491,904073.8303333333
Punjab:Moga,Moga,Punjab,Summer,17717.07,17717.07,35434.14,70868.28,1284,1336,1269,51,7,Moong,100.0,,,,,100.0,Punjab:Moga,1,0.522388669147491,904073.8303333333
Punjab:Pathankot,Pathankot,Punjab,Kharif,100816.8,248083.458,338270.016,447485.745,592,616,740,37,4,Rice,87.07047685834502,Maize,10.226741467975689,Sugarcane,2.7027816736792896,10.226741467975689,Punjab:Pathankot,1,0.49139150368238793,199184.839
Punjab:Pathankot,Pathankot,Punjab,Rabi,102595.92,97443.885,97493.305,205241.26,1034,916,985,46,6,Wheat,99.56912938791028,Rapeseed & Mustard,0.32948929159802304,Gram,0.1013813204916994,0.1013813204916994,Punjab:Pathankot,1,0.49139150368238793,199184.839
Punjab:Pathankot,Pathankot,Punjab,Summer,234.745,234.745,469.49,938.98,1799,1811,1805,65,10,Moong,100.0,,,,,100.0,Punjab:Pathankot,1,0.49139150368238793,199184.839
Punjab:Patiala,Patiala,Punjab,Kharif,582661.8,1725568.488,2292979.276,2873575.32,42,34,77,4,1,Rice,99.6874851824871,Sugarcane,0.16164559526529276,Maize,0.15086922224760657,0.15086922224760657,Punjab:Patiala,1,-0.04781130471738206,1161925.975
Punjab:Patiala,Patiala,Punjab,Rabi,577966.9,558344.689,558344.689,1155933.8,378,270,335,23,2,Wheat,99.93671418266146,Rapeseed & Mustard,0.06328581733854372,,,,Punjab:Patiala,1,-0.04781130471738206,1161925.975
Punjab:Patiala,Patiala,Punjab,Summer,1667.925,1667.925,3335.85,6671.7,1666,1682,1670,58,9,Moong,100.0,,,,,100.0,Punjab:Patiala,1,-0.04781130471738206,1161925.975
Punjab:Rupnagar,Rupnagar,Punjab,Kharif,157155.6,356283.606,505003.212,667577.715,411,452,558,26,3,Rice,78.86207503963361,Maize,19.86573503219619,Sugarcane,1.2721899281701994,19.86573503219619,Punjab:Rupnagar,1,-0.6296296296296297,319870.95
Punjab:Rupnagar,Rupnagar,Punjab,Rabi,174205.5,162344.7,162591.8,348658.1,876,767,826,43,5,Wheat,99.06382978723404,Rapeseed & Mustard,0.6322188449848024,Gram,0.303951367781155,0.303951367781155,Punjab:Rupnagar,1,-0.6296296296296297,319870.95
Punjab:Rupnagar,Rupnagar,Punjab,Summer,123.55,123.55,247.1,494.2,1827,1830,1835,67,10,Moong,100.0,,,,,100.0,Punjab:Rupnagar,1,-0.6296296296296297,319870.95
Punjab:Sangrur,Sangrur,Punjab,Kharif,597240.7,1769058.088,2349367.496,2950546.97,39,31,74,2,1,Rice,99.37735071141888,Cotton,0.4543656970727069,Sugarcane,0.10517724469275623,0.06310634681565375,Punjab:Malerkotla,2,-0.12192024384048768,1457379.3266666667
Punjab:Sangrur,Sangrur,Punjab,Rabi,595066.22,573894.692,573944.112,1190181.86,364,256,320,22,2,Wheat,99.89322862850452,Rapeseed & Mustard,0.08955018254460288,Gram,0.017221188950885168,0.017221188950885168,Punjab:Malerkotla,2,-0.12192024384048768,1457379.3266666667
Punjab:Sangrur,Sangrur,Punjab,Summer,2742.81,2742.81,5485.62,10971.24,1603,1631,1625,56,9,Moong,100.0,,,,,100.0,Punjab:Malerkotla,2,-0.12192024384048768,1457379.3266666667
Punjab:S.A.S Nagar,S.A.S Nagar,Punjab,Kharif,98098.7,262489.388,354973.976,456196.02,575,583,732,35,4,Rice,92.62126190343598,Maize,6.264966308403408,Sugarcane,1.113771788160606,6.264966308403408,Punjab:S.A.S Nagar,1,-7.758296186230807,230847.40933333334
Punjab:S.A.S Nagar,S.A.S Nagar,Punjab,Rabi,131951.4,125502.09,125502.09,263902.8,956,844,918,44,6,Wheat,99.6928529238039,Rapeseed & Mustard,0.3071470761961016,,,,Punjab:S.A.S Nagar,1,-7.758296186230807,230847.40933333334
Punjab:S.A.S Nagar,S.A.S Nagar,Punjab,Summer,44.478,44.478,88.956,177.912,1849,1853,1854,68,10,Moong,100.0,,,,,100.0,Punjab:S.A.S Nagar,1,-7.758296186230807,230847.40933333334
Punjab:Shahid Bhagat Singh Nagar,Shahid Bhagat Singh Nagar,Punjab,Kharif,185077.9,493799.698,662662.896,859277.895,323,309,458,19,2,Rice,93.17612314301056,Maize,4.847562794582662,Sugarcane,1.9763140624067776,4.847562794582662,Punjab:Shahid Bhagat Singh Nagar,1,-0.42298999031320633,392020.0316666667
Punjab:Shahid Bhagat Singh Nagar,Shahid Bhagat Singh Nagar,Punjab,Rabi,195752.62,186975.628,187025.048,391554.66,837,719,789,42,5,Wheat,99.70669062466969,Rapeseed & Mustard,0.2404608392347532,Gram,0.05284853609555015,0.05284853609555015,Punjab:Shahid Bhagat Singh Nagar,1,-0.42298999031320633,392020.0316666667
Punjab:Shahid Bhagat Singh Nagar,Shahid Bhagat Singh Nagar,Punjab,Summer,185.325,185.325,370.65,741.3,1815,1821,1818,66,10,Moong,100.0,,,,,100.0,Punjab:Shahid Bhagat Singh Nagar,1,-0.42298999031320633,392020.0316666667
Punjab:Sri Muktsar Sahib,Sri Muktsar Sahib,Punjab,Kharif,534230.2,1521518.25,2004030.42,2646502.775,58,50,89,5,1,Rice,91.55137974402604,Cotton,8.374639343049493,Moong,0.049320608616310324,0.049320608616310324,Punjab:Sri Muktsar Sahib,1,1.3770943309616708,1088804.9666666666
Punjab:Sri Muktsar Sahib,Sri Muktsar Sahib,Punjab,Rabi,538678.0,519819.328,519819.328,1077356.0,401,291,365,25,3,Wheat,99.91966458777,Rapeseed & Mustard,0.08033541222999696,Gram,0.0,0.0,Punjab:Sri Muktsar Sahib,1,1.3770943309616708,1088804.9666666666
Punjab:Sri Muktsar Sahib,Sri Muktsar Sahib,Punjab,Summer,18532.5,18532.5,37065.0,74130.0,1269,1323,1259,50,7,Moong,100.0,,,,,100.0,Punjab:Sri Muktsar Sahib,1,1.3770943309616708,1088804.9666666666
Punjab:Tarn Taran,Tarn Taran,Punjab,Kharif,434896.0,1291097.5,1716109.5,2148410.95,78,69,119,11,1,Rice,99.78401727861771,Maize,0.08639308855291576,Sugarcane,0.07199424046076314,0.14398848092152627,Punjab:Tarn Taran,1,-1.2527970165157165,920939.229
Punjab:Tarn Taran,Tarn Taran,Punjab,Rabi,478632.7,461990.515,461990.515,957265.4,457,345,408,28,3,Wheat,99.92351509640842,Rapeseed & Mustard,0.07648490359158132,,,,Punjab:Tarn Taran,1,-1.2527970165157165,920939.229
Punjab:Tarn Taran,Tarn Taran,Punjab,Summer,2463.587,2463.587,4927.174,9854.348,1621,1646,1633,57,9,Moong,100.0,,,,,100.0,Punjab:Tarn Taran,1,-1.2527970165157165,920939.229
Rajasthan:Ajmer,Ajmer,Rajasthan,Kharif,513095.737,376420.2792,820534.29528,1709358.728,247,430,186,27,2,Moong,67.6028910907023,Bajra,12.918733426471535,Maize,11.131532773877746,78.73442386458004,Rajasthan:Ajmer,2,1.8697270586921524,1330941.51015
Rajasthan:Ajmer,Ajmer,Rajasthan,Rabi,838892.02145,617589.5952821,1049713.1332821,2109907.5809,165,234,126,20,1,Gram,82.33173889115686,Wheat,14.585455338649595,Rapeseed & Mustard,3.0828057701935414,82.33173889115686,Rajasthan:Ajmer,2,1.8697270586921524,1330941.51015
Rajasthan:Ajmer,Ajmer,Rajasthan,Summer,491.729,491.729,983.458,1966.916,1764,1774,1775,76,10,Moong,100.0,,,,,100.0,Rajasthan:Ajmer,2,1.8697270586921524,1330941.51015
Rajasthan:Alwar,Alwar,Rajasthan,Kharif,889829.339,254810.95318,809946.08499,2161349.106,253,594,117,29,2,Bajra,62.042849443022405,Cotton,37.43722670179259,Maize,0.3807423799126178,0.38196270805336335,Rajasthan:Alwar,4,-11.861879828383545,4199522.39553
Rajasthan:Alwar,Alwar,Rajasthan,Rabi,1158871.15183,466134.4761451,485146.3501451,2336754.17766,432,340,98,37,3,Wheat,71.15493261040801,Rapeseed & Mustard,21.007484361578346,Gram,7.837583028013643,7.837583028013643,Rajasthan:Alwar,4,-11.861879828383545,4199522.39553
Rajasthan:Banswara,Banswara,Rajasthan,Kharif,527146.73256,770519.92094,1246751.27843,2049642.1148,124,155,137,16,1,Maize,41.96702061207286,Soybean,40.53368947143803,Rice,10.68198083243252,41.97296646520993,Rajasthan:Banswara,1,-4.701370479602438,925716.2485666666
Rajasthan:Banswara,Banswara,Rajasthan,Rabi,371864.10114,363467.5546782,455902.7226782,836163.37028,462,441,471,41,3,Wheat,59.44914480447342,Gram,20.870313175813312,Maize,19.6800776869522,40.55039086276551,Rajasthan:Banswara,1,-4.701370479602438,925716.2485666666
Rajasthan:Banswara,Banswara,Rajasthan,Summer,837.669,837.669,1675.338,3350.676,1726,1736,1737,74,10,Moong,100.0,,,,,100.0,Rajasthan:Banswara,1,-4.701370479602438,925716.2485666666
Rajasthan:Baran,Baran,Rajasthan,Kharif,770720.34375,1404482.49788,2133865.21082,3555423.67775,51,57,54,7,1,Soybean,81.5339943417242,Maize,9.827187909372077,Rice,8.489140264880604,9.828809098931032,Rajasthan:Baran,1,-1.5201942365287968,1481554.1410133333
Rajasthan:Baran,Baran,Rajasthan,Rabi,704632.80629,376680.0146585,441131.1076585,1473716.70558,472,429,233,42,3,Wheat,59.94739219312104,Gram,29.220833389920248,Rapeseed & Mustard,10.831774416958712,29.220833389920248,Rajasthan:Baran,1,-1.5201942365287968,1481554.1410133333
Rajasthan:Baran,Baran,Rajasthan,Summer,971.103,971.103,1942.206,3884.412,1717,1729,1724,73,10,Moong,100.0,,,,,100.0,Rajasthan:Baran,1,-1.5201942365287968,1481554.1410133333
Rajasthan:Barmer,Barmer,Rajasthan,Kharif,2630777.331,213939.18,2022891.66184,5689314.414,57,670,19,9,1,Bajra,78.85658617965922,Moong,19.75049161241739,Groundnut,1.3790946162002893,19.751713131120848,Rajasthan:Balotra,2,-14.392345646210464,3047495.2630033335
Rajasthan:Barmer,Barmer,Rajasthan,Rabi,67518.3453,29797.8181578,32083.4931578,137322.3656,1311,1206,1104,67,7,Wheat,68.5003605742256,Rapeseed & Mustard,17.251346767876473,Gram,14.248292657897924,14.248292657897924,Rajasthan:Balotra,2,-14.392345646210464,3047495.2630033335
Rajasthan:Barmer,Barmer,Rajasthan,Summer,24579.06171,0.0,16222.1807286,49158.12342,1440,1879,1372,68,8,Bajra,100.0,,,,,,Rajasthan:Balotra,2,-14.392345646210464,3047495.2630033335
Rajasthan:Bharatpur,Bharatpur,Rajasthan,Kharif,407035.475,24569.94372,290384.2599,849085.02,648,1255,464,53,4,Bajra,89.54266152357661,Cotton,7.346007255126709,Rice,2.9581617622656826,0.13955439600602126,Rajasthan:Bharatpur,2,-10.369094282246929,1330249.6713333332
Rajasthan:Bharatpur,Bharatpur,Rajasthan,Rabi,863164.778,318087.6974996,320786.0294996,1729027.888,622,501,182,49,4,Wheat,73.26604011743382,Rapeseed & Mustard,25.051634748763338,Gram,1.6823251338028513,1.6823251338028513,Rajasthan:Bharatpur,2,-10.369094282246929,1330249.6713333332
Rajasthan:Bharatpur,Bharatpur,Rajasthan,Summer,2.471,2.471,4.942,9.884,1877,1874,1873,86,10,Moong,100.0,,,,,100.0,Rajasthan:Bharatpur,2,-10.369094282246929,1330249.6713333332
Rajasthan:Bhilwara,Bhilwara,Rajasthan,Kharif,611567.63213,702095.80588,1258497.20164,2088820.68465,120,186,130,15,1,Maize,69.48188640074027,Cotton,16.024131935867974,Groundnut,6.959655205101899,73.0518364921233,Rajasthan:Bhilwara,1,-15.436040831452347,1388034.3358
Rajasthan:Bhilwara,Bhilwara,Rajasthan,Rabi,628875.35627,480948.5669135,695839.0819135,1472641.22754,295,323,234,32,2,Gram,61.764428180454836,Wheat,35.22174868803457,Rapeseed & Mustard,3.013823131510592,61.764428180454836,Rajasthan:Bhilwara,1,-15.436040831452347,1388034.3358
Rajasthan:Bhilwara,Bhilwara,Rajasthan,Summer,54.362,54.362,108.724,217.448,1844,1847,1850,80,10,Moong,100.0,,,,,100.0,Rajasthan:Bhilwara,1,-15.436040831452347,1388034.3358
Rajasthan:Bikaner,Bikaner,Rajasthan,Kharif,1205304.38,1091858.299,2109213.27932,4435407.935,53,88,36,8,1,Groundnut,64.15210767287765,Cotton,18.0820952598477,Moong,9.242878276532165,9.243346887274233,Rajasthan:Bikaner,1,-24.722501591795538,3045283.9815766667
Rajasthan:Bikaner,Bikaner,Rajasthan,Rabi,1280804.87073,635085.0244893,900942.3854893,2827467.10246,214,224,81,23,2,Gram,59.0176165051028,Wheat,30.413386122231035,Rapeseed & Mustard,10.568997372666166,59.0176165051028,Rajasthan:Bikaner,1,-24.722501591795538,3045283.9815766667
Rajasthan:Bundi,Bundi,Rajasthan,Kharif,404473.59162,652062.20716,945731.61214,1641364.4681,197,212,201,21,2,Rice,51.15369660165117,Soybean,32.92840631131406,Maize,15.479747543675039,15.557608745579222,Rajasthan:Bundi,1,-4.413834783221987,974980.9462166667
Rajasthan:Bundi,Bundi,Rajasthan,Rabi,566671.78603,381650.1667615,436886.9007615,1188580.30606,480,426,322,43,3,Wheat,68.70282764317903,Gram,25.286514154451233,Rapeseed & Mustard,6.010658202369729,25.286514154451233,Rajasthan:Bundi,1,-4.413834783221987,974980.9462166667
Rajasthan:Bundi,Bundi,Rajasthan,Summer,37.065,37.065,74.13,148.26,1852,1858,1857,81,10,Moong,100.0,,,,,100.0,Rajasthan:Bundi,1,-4.413834783221987,974980.9462166667
Rajasthan:Chittorgarh,Chittorgarh,Rajasthan,Kharif,733918.08518,1017044.3262,1739110.75408,2850093.1599,77,102,79,11,1,Soybean,46.1203223922508,Maize,41.91566432959148,Groundnut,9.44120480048777,41.987843056395114,Rajasthan:Chittorgarh,1,-5.281173918382383,1455977.37187
Rajasthan:Chittorgarh,Chittorgarh,Rajasthan,Rabi,695359.88459,554505.2870063,813347.4790063,1649561.96118,250,272,196,28,2,Gram,63.648612353538766,Wheat,33.9204172383822,Rapeseed & Mustard,2.4309704080790357,63.648612353538766,Rajasthan:Chittorgarh,1,-5.281173918382383,1455977.37187
Rajasthan:Chittorgarh,Chittorgarh,Rajasthan,Summer,242.25684,242.25684,484.51368,964.03594,1796,1808,1803,78,10,Groundnut,67.33986128110975,Moong,30.599755201958384,Maize,2.0603835169318643,32.66013871889025,Rajasthan:Chittorgarh,1,-5.281173918382383,1455977.37187
Rajasthan:Churu,Churu,Rajasthan,Kharif,1635569.726,1177690.955,2599504.1079,5564667.29,27,80,21,3,1,Moong,65.45235673331939,Groundnut,15.644033597181915,Bajra,13.193978469111693,65.45767990244151,Rajasthan:Churu,1,-16.326349603572545,3321002.62585
Rajasthan:Churu,Churu,Rajasthan,Rabi,1335452.07355,954899.9920075,1743843.3430075,3459847.4981,75,109,55,10,1,Gram,90.48328270581435,Wheat,6.284913055548971,Rapeseed & Mustard,3.2318042386366823,90.48328270581435,Rajasthan:Churu,1,-16.326349603572545,3321002.62585
Rajasthan:Dausa,Dausa,Rajasthan,Kharif,393855.161,41035.897,314930.1855,869216.257,633,1145,447,51,4,Bajra,73.94094177739593,Groundnut,25.633481233890805,Maize,0.3577859639624795,0.42369390469241,Rajasthan:Dausa,1,-15.058310066206978,857841.2391266667
Rajasthan:Dausa,Dausa,Rajasthan,Rabi,385702.78838,226425.9302606,286145.0582606,831124.70476,653,645,475,54,4,Wheat,50.17396028165779,Gram,41.74045734916182,Rapeseed & Mustard,8.08558236918038,41.74045734916182,Rajasthan:Dausa,1,-15.058310066206978,857841.2391266667
Rajasthan:Dholpur,Dholpur,Rajasthan,Kharif,202535.515,751.13458,134409.87203,406074.256,933,1746,771,63,5,Bajra,99.20578995137966,Rice,0.6103693855291292,Moong,0.1250116509020234,0.1250116509020234,Rajasthan:Dholpur,1,-14.22168136941774,567585.6030133333
Rajasthan:Dholpur,Dholpur,Rajasthan,Rabi,321339.31704,138555.2947716,138963.0097716,643086.34908,925,812,574,61,5,Wheat,80.12896100135896,Rapeseed & Mustard,19.284242554508,Gram,0.5867964441330417,0.5867964441330417,Rajasthan:Dholpur,1,-14.22168136941774,567585.6030133333
Rajasthan:Dholpur,Dholpur,Rajasthan,Summer,395.36,395.36,790.72,1581.44,1773,1784,1784,77,10,Moong,98.75,Groundnut,1.25,,,98.75,Rajasthan:Dholpur,1,-14.22168136941774,567585.6030133333
Rajasthan:Dungarpur,Dungarpur,Rajasthan,Kharif,227631.46049,335693.05952,549084.22114,890358.00945,387,475,436,35,3,Soybean,48.63368809170585,Maize,39.92775526217519,Rice,11.024248357442064,39.938555791077086,Rajasthan:Dungarpur,1,-20.63801782572889,466813.02567666664
Rajasthan:Dungarpur,Dungarpur,Rajasthan,Rabi,174783.07154,170405.8744346,212828.0024346,391988.27108,789,751,786,59,5,Wheat,60.10527494590795,Gram,39.74210584718114,Maize,0.12306933157467723,39.86517517875583,Rajasthan:Dungarpur,1,-20.63801782572889,466813.02567666664
Rajasthan:Dungarpur,Dungarpur,Rajasthan,Summer,7.413,7.413,14.826,29.652,1873,1872,1871,84,10,Moong,100.0,,,,,100.0,Rajasthan:Dungarpur,1,-20.63801782572889,466813.02567666664
Rajasthan:Ganganagar,Ganganagar,Rajasthan,Kharif,993035.596,1733073.06326,2263420.35857,4682683.376,45,33,33,5,1,Cotton,78.35241918211072,Moong,18.685281962701772,Rice,1.7035565322192674,18.69729077931292,Rajasthan:Ganganagar,1,2.558063134877166,2463012.51721
Rajasthan:Ganganagar,Ganganagar,Rajasthan,Rabi,1445365.81063,778625.0552059,867623.0622059,2979729.62826,225,151,72,24,2,Wheat,68.31750176770132,Gram,20.5153622297051,Rapeseed & Mustard,11.167136002593585,20.5153622297051,Rajasthan:Ganganagar,1,2.558063134877166,2463012.51721
Rajasthan:Hanumangarh,Hanumangarh,Rajasthan,Kharif,1010204.104,1624681.2645,2184846.21565,4512668.692,48,42,35,6,1,Cotton,68.66773698091423,Moong,15.950777382119773,Rice,9.908870230740352,15.969551518123573,Rajasthan:Hanumangarh,1,-4.7577646855818765,2547834.8719133334
Rajasthan:Hanumangarh,Hanumangarh,Rajasthan,Rabi,1376591.48074,882635.7247582,1158139.8697582,3028687.10648,140,123,70,19,1,Gram,47.577007267269124,Wheat,46.26368984325404,Rapeseed & Mustard,6.159302889476829,47.577007267269124,Rajasthan:Hanumangarh,1,-4.7577646855818765,2547834.8719133334
Rajasthan:Jaipur,Jaipur,Rajasthan,Kharif,1067736.397,377287.106,1209759.88952,2887983.721,130,428,76,17,1,Moong,44.99174726448902,Bajra,37.69004944451516,Groundnut,16.975258460708368,45.24420694896507,Rajasthan:Alwar,4,-11.861879828383545,4199522.39553
Rajasthan:Jaipur,Jaipur,Rajasthan,Rabi,794257.38476,568076.4566204,852599.7516204,1873038.06452,233,261,157,25,2,Gram,66.74252354853542,Wheat,29.429470562643825,Rapeseed & Mustard,3.82800588882075,66.74252354853542,Rajasthan:Alwar,4,-11.861879828383545,4199522.39553
Rajasthan:Jaisalmer,Jaisalmer,Rajasthan,Kharif,589202.537,232585.346,698679.84606,1641598.966,294,635,200,31,2,Groundnut,36.62999776553194,Bajra,33.87417504521456,Moong,28.816786563313855,28.816786563313855,Rajasthan:Jaisalmer,1,-14.61159998121904,1188353.2623433333
Rajasthan:Jaisalmer,Jaisalmer,Rajasthan,Rabi,489309.71803,329823.0075175,620239.6375175,1269036.06606,338,483,291,33,2,Gram,93.64658832911365,Rapeseed & Mustard,3.8306218228482116,Wheat,2.522789848038132,93.64658832911365,Rajasthan:Jaisalmer,1,-14.61159998121904,1188353.2623433333
Rajasthan:Jalore,Jalore,Rajasthan,Kharif,1135167.516,390304.334,1269640.12672,3048134.173,119,414,67,14,1,Moong,45.2535256178706,Bajra,38.862977337893824,Groundnut,15.354514235748681,45.264035210092196,Rajasthan:Jalore,1,-4.6251699364920915,1694460.79719
Rajasthan:Jalore,Jalore,Rajasthan,Rabi,376107.47531,172940.3057459,226986.0177459,806260.66262,763,748,479,55,5,Gram,47.5658699474894,Wheat,39.18626496935697,Rapeseed & Mustard,13.193434417676121,47.620300612966915,Rajasthan:Jalore,1,-4.6251699364920915,1694460.79719
Rajasthan:Jalore,Jalore,Rajasthan,Summer,61031.37726,9192.29297,52598.3815714,140447.34046,1184,1447,1094,66,7,Bajra,65.0472402557791,Groundnut,34.92457256515365,Moong,0.028187179067238704,0.028187179067238704,Rajasthan:Jalore,1,-4.6251699364920915,1694460.79719
Rajasthan:Jhalawar,Jhalawar,Rajasthan,Kharif,810254.51521,1525828.6624,2325598.25512,3856103.11205,40,49,48,4,1,Soybean,90.4958241173691,Maize,7.425543325026676,Rice,1.992793506271729,7.435956043537574,Rajasthan:Jhalawar,1,-1.6861675713030584,1416859.86043
Rajasthan:Jhalawar,Jhalawar,Rajasthan,Rabi,588148.60608,385530.3936288,483928.0846288,1274694.90316,436,419,286,39,3,Wheat,53.32382514286974,Gram,40.66624530604648,Rapeseed & Mustard,6.009929551083785,40.66624530604648,Rajasthan:Jhalawar,1,-1.6861675713030584,1416859.86043
Rajasthan:Jhalawar,Jhalawar,Rajasthan,Summer,704.235,704.235,1408.47,2816.94,1741,1752,1749,75,10,Moong,100.0,,,,,100.0,Rajasthan:Jhalawar,1,-1.6861675713030584,1416859.86043
Rajasthan:Jhunjhunu,Jhunjhunu,Rajasthan,Kharif,671958.798,253052.639,733924.26268,1798252.953,278,599,166,30,2,Bajra,42.3262953517377,Moong,29.815321161470994,Cotton,16.92762535828147,29.816667894438222,Rajasthan:Jhunjhunu,1,-15.584830312595715,1355748.4145333334
Rajasthan:Jhunjhunu,Jhunjhunu,Rajasthan,Rabi,574326.1286,294131.6658224,415349.0418224,1269869.6332,511,534,290,45,3,Gram,58.368920495466845,Wheat,31.69733573720256,Rapeseed & Mustard,9.933743767330593,58.368920495466845,Rajasthan:Jhunjhunu,1,-15.584830312595715,1355748.4145333334
Rajasthan:Jodhpur,Jodhpur,Rajasthan,Kharif,2479853.593,1646115.954,3595327.14016,7988977.745,12,39,7,2,1,Moong,40.951500394884164,Groundnut,21.36261758827932,Bajra,20.132189426517346,40.951775307280585,Rajasthan:Jodhpur,2,-8.602932055915455,3290058.63879
Rajasthan:Jodhpur,Jodhpur,Rajasthan,Rabi,619023.72637,256545.5040001,316252.2770001,1297754.22574,629,592,277,50,4,Wheat,45.323860097758185,Gram,37.75895216715301,Rapeseed & Mustard,16.91718773508881,37.75895216715301,Rajasthan:Jodhpur,2,-8.602932055915455,3290058.63879
Rajasthan:Karauli,Karauli,Rajasthan,Kharif,322379.015,3359.27508,215952.3037,649035.331,781,1611,568,58,5,Bajra,97.88000874194888,Rice,1.8076153359414244,Groundnut,0.17621205862598074,0.057211707346097644,Rajasthan:Karauli,1,-30.048109541540118,731557.56359
Rajasthan:Karauli,Karauli,Rajasthan,Rabi,251839.05677,130713.0363581,132432.8523581,505397.92954,937,830,686,64,5,Wheat,84.1247414389666,Rapeseed & Mustard,13.277993653758589,Gram,2.597264907274816,2.597264907274816,Rajasthan:Karauli,1,-30.048109541540118,731557.56359
Rajasthan:Karauli,Karauli,Rajasthan,Summer,29.652,29.652,59.304,118.608,1856,1862,1859,82,10,Moong,100.0,,,,,100.0,Rajasthan:Karauli,1,-30.048109541540118,731557.56359
Rajasthan:Kota,Kota,Rajasthan,Kharif,552429.04087,1066187.67304,1572188.13122,2655477.07635,86,91,86,12,1,Soybean,86.23463907960794,Rice,13.0301126361406,Maize,0.6626265516911106,0.6676559752333582,Rajasthan:Kota,1,-3.049521783003554,1110765.1143166667
Rajasthan:Kota,Kota,Rajasthan,Rabi,539620.63708,368948.5109128,465769.7039128,1176062.46716,452,435,325,40,3,Wheat,53.19573751958472,Gram,41.57470620636441,Rapeseed & Mustard,5.229556274050871,41.57470620636441,Rajasthan:Kota,1,-3.049521783003554,1110765.1143166667
Rajasthan:Kota,Kota,Rajasthan,Summer,29.652,29.652,59.304,118.608,1856,1862,1859,82,10,Moong,100.0,,,,,100.0,Rajasthan:Kota,1,-3.049521783003554,1110765.1143166667
Rajasthan:Nagaur,Nagaur,Rajasthan,Kharif,2614409.427,2142352.00858,4387760.11149,9291619.757,5,18,2,1,1,Moong,72.73201594688578,Cotton,12.131899212220942,Bajra,10.43718259985927,72.73562015486392,Rajasthan:Didwana-Kuchaman,2,-9.612196123394432,3143209.8927833335
Rajasthan:Nagaur,Nagaur,Rajasthan,Rabi,268614.62635,163376.1460555,219005.7690555,592858.8757,778,766,620,57,5,Gram,50.80197041375878,Wheat,42.212803221440204,Rapeseed & Mustard,6.985226364801011,50.80197041375878,Rajasthan:Didwana-Kuchaman,2,-9.612196123394432,3143209.8927833335
Rajasthan:Pali,Pali,Rajasthan,Kharif,741833.736,712221.272,1408193.19858,2847197.395,99,182,80,13,1,Moong,86.69598541102762,Cotton,6.487590771786413,Maize,3.2399349780986784,89.9359203891263,Rajasthan:Pali,1,-3.7172491334638993,1299140.82739
Rajasthan:Pali,Pali,Rajasthan,Rabi,561607.07617,393981.8657257,609144.1907257,1338376.47734,346,409,268,34,2,Gram,70.64413591260478,Wheat,25.361160741720948,Rapeseed & Mustard,3.994703345674271,70.64413591260478,Rajasthan:Pali,1,-3.7172491334638993,1299140.82739
Rajasthan:Pali,Pali,Rajasthan,Summer,24.71,24.71,49.42,98.84,1862,1863,1861,83,10,Moong,100.0,,,,,100.0,Rajasthan:Pali,1,-3.7172491334638993,1299140.82739
Rajasthan:Pratapgarh,Pratapgarh,Rajasthan,Kharif,439797.67328,756635.96498,1194195.97479,1962785.4764,133,163,145,18,1,Soybean,78.68264921971736,Maize,18.920946542273683,Groundnut,1.6334064434801125,18.929637075669447,Rajasthan:Pratapgarh,1,-4.586709150255617,786130.75996
Rajasthan:Pratapgarh,Pratapgarh,Rajasthan,Rabi,316289.18608,267695.8650604,332675.7520604,697558.25916,599,572,540,48,4,Wheat,59.02515440300224,Gram,38.366798063727366,Rapeseed & Mustard,1.90984816478192,39.06499743221584,Rajasthan:Pratapgarh,1,-4.586709150255617,786130.75996
Rajasthan:Pratapgarh,Pratapgarh,Rajasthan,Summer,1616.33052,1616.33052,3232.66104,6437.84456,1672,1690,1676,71,9,Moong,97.38274322754235,Maize,1.699993884914083,Groundnut,0.91726288754357,99.08273711245643,Rajasthan:Pratapgarh,1,-4.586709150255617,786130.75996
Rajasthan:Rajsamand,Rajsamand,Rajasthan,Kharif,151667.509,156771.75486,304337.67567,470861.405,640,775,721,52,4,Maize,91.53828272713639,Cotton,4.483786100409236,Groundnut,2.211689362870266,92.1147509531415,Rajasthan:Rajsamand,1,-7.030982736278895,299322.0233966667
Rajasthan:Rajsamand,Rajsamand,Rajasthan,Rabi,122904.62422,115141.2665662,137187.5285662,267855.51044,927,880,912,62,5,Wheat,67.32521861215008,Gram,32.140329708413034,Rapeseed & Mustard,0.5344516794368761,32.140329708413034,Rajasthan:Rajsamand,1,-7.030982736278895,299322.0233966667
Rajasthan:Rajsamand,Rajsamand,Rajasthan,Summer,215.14997,215.14997,430.29994,848.12133,1808,1815,1810,79,10,Groundnut,85.01205926266222,Moong,9.18800964741013,Maize,5.799931089927645,14.987940737337775,Rajasthan:Rajsamand,1,-7.030982736278895,299322.0233966667
Rajasthan:Sawai Madhopur,Sawai Madhopur,Rajasthan,Kharif,168030.49571,42334.85228,156643.31228,396355.93655,893,1137,781,60,5,Bajra,59.13928863711078,Rice,16.94780848514371,Soybean,12.62137836734462,2.161132799559823,Rajasthan:Sawai Madhopur,1,4.166824595228184,897638.4485366667
Rajasthan:Sawai Madhopur,Sawai Madhopur,Rajasthan,Rabi,771831.4289,309627.4259246,387871.6409246,1621907.0728,539,512,204,46,3,Wheat,42.04273996342523,Gram,40.345416753585354,Rapeseed & Mustard,17.61184328298942,40.345416753585354,Rajasthan:Sawai Madhopur,1,4.166824595228184,897638.4485366667
Rajasthan:Sawai Madhopur,Sawai Madhopur,Rajasthan,Summer,4.942,4.942,9.884,19.768,1876,1873,1872,85,10,Groundnut,50.0,Moong,50.0,,,50.0,Rajasthan:Sawai Madhopur,1,4.166824595228184,897638.4485366667
Rajasthan:Sikar,Sikar,Rajasthan,Kharif,837624.522,218382.038,845198.43352,2111716.6,235,665,125,26,2,Bajra,48.376352357534834,Moong,31.341295900985806,Groundnut,20.201310275613487,31.34480418955143,Rajasthan:Sikar,1,-9.73733889556212,1448437.7248833333
Rajasthan:Sikar,Sikar,Rajasthan,Rabi,536429.76065,356453.3535689,484695.7825689,1201101.9503,434,451,313,38,3,Gram,52.91666798514807,Wheat,41.72773845756531,Rapeseed & Mustard,5.355593557286626,52.91666798514807,Rajasthan:Sikar,1,-9.73733889556212,1448437.7248833333
Rajasthan:Sirohi,Sirohi,Rajasthan,Kharif,117612.187,110639.025,219663.89396,417228.35,777,892,766,56,5,Groundnut,50.58677054146855,Maize,29.719868305661535,Moong,8.35126049588309,38.071128801544624,Rajasthan:Sirohi,1,-10.001814375436147,303970.60862
Rajasthan:Sirohi,Sirohi,Rajasthan,Rabi,161830.26251,101326.8027863,113936.3157863,336270.03802,993,908,837,65,6,Wheat,70.25544856798415,Gram,22.134317601861934,Rapeseed & Mustard,7.610233830153916,22.134317601861934,Rajasthan:Sirohi,1,-10.001814375436147,303970.60862
Rajasthan:Sirohi,Sirohi,Rajasthan,Summer,7368.15135,7368.15135,14736.3027,29472.6054,1457,1487,1464,69,8,Groundnut,98.9603769471972,Moong,1.03962305280279,,,1.03962305280279,Rajasthan:Sirohi,1,-10.001814375436147,303970.60862
Rajasthan:Tonk,Tonk,Rajasthan,Kharif,327995.598,214081.55902,502248.02229,1071776.482,415,669,368,36,3,Moong,60.02450395432895,Groundnut,19.570298664759328,Bajra,15.20951382779013,64.20935388249133,Rajasthan:Tonk,1,-15.644521416172136,1418724.97123
Rajasthan:Tonk,Tonk,Rajasthan,Rabi,961479.41869,302333.7576805,425725.6136805,2046350.69338,493,522,138,44,3,Gram,57.96778583898104,Rapeseed & Mustard,23.047595454342822,Wheat,18.98461870667614,57.96778583898104,Rajasthan:Tonk,1,-15.644521416172136,1418724.97123
Rajasthan:Tonk,Tonk,Rajasthan,Summer,1356.579,1356.579,2713.158,5426.316,1686,1699,1698,72,9,Moong,100.0,,,,,100.0,Rajasthan:Tonk,1,-15.644521416172136,1418724.97123
Rajasthan:Udaipur,Udaipur,Rajasthan,Kharif,423633.65149,521975.22608,937852.08734,1470746.48945,201,290,235,22,2,Maize,67.60225717449967,Soybean,28.0435730772812,Cotton,1.6813881221637972,67.86046206977993,Rajasthan:Salumbar,2,-12.749040016029468,856249.7256833334
Rajasthan:Udaipur,Udaipur,Rajasthan,Rabi,359964.18521,318183.4682705,380348.8862705,782093.78842,549,500,490,47,3,Wheat,65.9748544365759,Gram,32.688628910977606,Rapeseed & Mustard,1.3365166524464915,32.688628910977606,Rajasthan:Salumbar,2,-12.749040016029468,856249.7256833334
Rajasthan:Udaipur,Udaipur,Rajasthan,Summer,1885.00235,1885.00235,3770.0047,7352.68289,1648,1670,1661,70,9,Moong,70.52500491577636,Groundnut,19.5372615848463,Maize,9.937733499377336,80.4627384151537,Rajasthan:Salumbar,2,-12.749040016029468,856249.7256833334
Sikkim:Gangtok,Gangtok,Sikkim,Kharif,12915.917,16184.16044,26673.65428,43699.635,1357,1361,1395,5,8,Maize,59.714600154891116,Rice,40.285399845108884,,,59.714600154891116,Sikkim:Gangtok,2,-11.234004244100058,36937.331666666665
Sikkim:Gangtok,Gangtok,Sikkim,Rabi,1252.797,235.51101,235.51101,2505.594,1828,1810,1760,8,10,Rapeseed & Mustard,64.3793935578638,Wheat,35.620606442136186,,,,Sikkim:Gangtok,2,-11.234004244100058,36937.331666666665
Sikkim:Gyalshing,Gyalshing,Sikkim,Kharif,16568.055,16722.9867,33176.01665,49938.91,1304,1350,1366,3,7,Maize,98.46456355693925,Rice,1.5354364430607434,,,98.46456355693925,Sikkim:Gyalshing,2,-8.96952871967744,36797.308333333334
Sikkim:Gyalshing,Gyalshing,Sikkim,Rabi,313.817,49.09877,49.09877,627.634,1863,1852,1825,12,10,Rapeseed & Mustard,80.47307498741822,Wheat,19.52692501258178,,,,Sikkim:Gyalshing,2,-8.96952871967744,36797.308333333334
Sikkim:Mangan,Mangan,Sikkim,Kharif,9078.454,10552.75144,18536.65128,29469.146,1420,1432,1465,6,8,Maize,73.85012423883717,Rice,26.149875761162832,,,73.85012423883717,Sikkim:Mangan,1,-9.28849233584992,10503.397333333332
Sikkim:Mangan,Mangan,Sikkim,Rabi,719.061,93.47793,93.47793,1438.122,1847,1836,1789,10,10,Rapeseed & Mustard,100.0,,,,,,Sikkim:Mangan,1,-9.28849233584992,10503.397333333332
Sikkim:Namchi,Namchi,Sikkim,Kharif,16056.558,17035.074,32365.158,49652.274,1310,1344,1369,4,7,Maize,90.05955107650023,Rice,9.94044892349977,,,90.05955107650023,Sikkim:Namchi,1,-59.01462479021817,33594.89233333333
Sikkim:Namchi,Namchi,Sikkim,Rabi,840.14,109.2182,109.2182,1680.28,1843,1834,1781,9,10,Rapeseed & Mustard,100.0,,,,,,Sikkim:Namchi,1,-59.01462479021817,33594.89233333333
Sikkim:Pakyong,Pakyong,Sikkim,Kharif,17593.52,21018.326,36069.187,57969.66,1279,1296,1328,1,7,Maize,68.78125642255257,Rice,31.21874357744742,,,68.78125642255257,Sikkim:Gangtok,2,-11.234004244100058,36937.331666666665
Sikkim:Pakyong,Pakyong,Sikkim,Rabi,2347.45,450.4633,450.4633,4694.9,1804,1776,1706,7,10,Rapeseed & Mustard,62.75370268787712,Wheat,37.24629731212288,,,,Sikkim:Gangtok,2,-11.234004244100058,36937.331666666665
Sikkim:Soreng,Soreng,Sikkim,Kharif,16768.206,17870.66736,33820.37932,51975.014,1295,1334,1353,2,7,Maize,89.28232210022415,Rice,10.717677899775845,,,89.28232210022415,Sikkim:Gyalshing,2,-8.96952871967744,36797.308333333334
Sikkim:Soreng,Soreng,Sikkim,Rabi,380.534,49.46942,49.46942,761.068,1861,1850,1817,11,10,Rapeseed & Mustard,100.0,,,,,,Sikkim:Gyalshing,2,-8.96952871967744,36797.308333333334
Tamil Nadu:Ariyalur,Ariyalur,Tamil Nadu,Kharif,124118.97246,167013.5961844,252954.3421258,465983.72513,711,759,725,22,4,Maize,39.754606003161115,Cotton,31.404721128879796,Rice,15.939753992342139,39.756559715423364,Tamil Nadu:Ariyalur,1,3.6219238426023974,176342.33843333332
Tamil Nadu:Ariyalur,Ariyalur,Tamil Nadu,Rabi,57035.30077,83697.578566,120938.157942,225682.26156,973,957,960,41,6,Rice,72.48525948612632,Groundnut,23.442575099909075,Maize,4.066444473512271,4.072165413964595,Tamil Nadu:Ariyalur,1,3.6219238426023974,176342.33843333332
Tamil Nadu:Ariyalur,Ariyalur,Tamil Nadu,Summer,198.10007,328.8461162,429.8771519,792.40028,1809,1793,1814,105,10,Rice,100.0,,,,,,Tamil Nadu:Ariyalur,1,3.6219238426023974,176342.33843333332
Tamil Nadu:Chengalpattu,Chengalpattu,Tamil Nadu,Kharif,50243.06539,81354.7611968,106925.3012786,199449.28542,1004,970,993,44,6,Rice,95.43319351583881,Groundnut,2.8471478533110197,Sugarcane,1.4651943003816923,0.02773150942333098,Tamil Nadu:Chengalpattu,2,-8.588523741103351,286050.24945
Tamil Nadu:Chengalpattu,Chengalpattu,Tamil Nadu,Rabi,46714.08203,71441.8989284,99797.4502308,186786.67063,1028,1006,1012,49,6,Rice,81.46707602526315,Groundnut,18.392335833781814,Gram,0.08641292918863053,0.14058814095502697,Tamil Nadu:Chengalpattu,2,-8.588523741103351,286050.24945
Tamil Nadu:Chengalpattu,Chengalpattu,Tamil Nadu,Summer,47244.92696,78426.5787536,102521.4915032,188979.70784,1017,978,1008,46,6,Rice,100.0,,,,,,Tamil Nadu:Chengalpattu,2,-8.588523741103351,286050.24945
Tamil Nadu:Chennai,Chennai,Tamil Nadu,Kharif,33.28437,53.6211942,71.8070129,133.13748,1853,1849,1858,111,10,Rice,93.11766385982058,Groundnut,6.882336140179422,,,,Tamil Nadu:Chennai,1,-28.824,176.23995666666667
Tamil Nadu:Chennai,Chennai,Tamil Nadu,Rabi,162.5918,269.902388,352.824206,650.3672,1818,1801,1823,107,10,Rice,100.0,,,,,,Tamil Nadu:Chennai,1,-28.824,176.23995666666667
Tamil Nadu:Chennai,Chennai,Tamil Nadu,Summer,23.9687,39.788042,52.012079,95.8748,1860,1856,1864,112,10,Rice,100.0,,,,,,Tamil Nadu:Chennai,1,-28.824,176.23995666666667
Tamil Nadu:Coimbatore,Coimbatore,Tamil Nadu,Kharif,8625.00079,9972.049143,16623.9823785,33115.99606,1433,1438,1446,87,8,Groundnut,49.79551873626885,Cotton,20.45533544596328,Maize,17.108244674743354,20.22999617919139,Tamil Nadu:Coimbatore,1,-35.789498315237736,23676.50425
Tamil Nadu:Coimbatore,Coimbatore,Tamil Nadu,Rabi,8176.48958,8490.3033677,16411.7071699,25760.81746,1438,1459,1490,89,8,Maize,54.64994352598268,Gram,29.459506984546444,Groundnut,8.413173387180374,85.15917750246551,Tamil Nadu:Coimbatore,1,-35.789498315237736,23676.50425
Tamil Nadu:Coimbatore,Coimbatore,Tamil Nadu,Summer,150.18738,249.3110508,325.9066146,600.74952,1819,1806,1826,108,10,Rice,100.0,,,,,,Tamil Nadu:Coimbatore,1,-35.789498315237736,23676.50425
Tamil Nadu:Cuddalore,Cuddalore,Tamil Nadu,Kharif,282694.23609,382651.0559368,542072.7403546,1018513.23686,391,423,388,7,3,Rice,59.28484407579248,Maize,23.72119745698421,Cotton,6.850683977155441,23.72119745698421,Tamil Nadu:Cuddalore,1,0.8120737288412904,530524.6719266666
Tamil Nadu:Cuddalore,Cuddalore,Tamil Nadu,Rabi,232487.32143,371432.2227252,500763.4810724,929714.88666,419,431,417,8,3,Rice,91.22749779478254,Groundnut,6.361887630418879,Moong,2.3169978999172454,2.410614574798579,Tamil Nadu:Cuddalore,1,0.8120737288412904,530524.6719266666
Tamil Nadu:Cuddalore,Cuddalore,Tamil Nadu,Summer,17704.86326,29390.0730116,38419.5532742,70819.45304,1260,1208,1270,75,7,Rice,100.0,,,,,,Tamil Nadu:Cuddalore,1,0.8120737288412904,530524.6719266666
Tamil Nadu:Dharmapuri,Dharmapuri,Tamil Nadu,Kharif,95041.90003,125033.5211888,190610.6360396,382747.10173,832,845,795,31,5,Cotton,35.02881852308,Groundnut,34.1207131728411,Maize,14.355086656505037,20.596126572834024,Tamil Nadu:Dharmapuri,1,-3.6063480539158435,150189.10146333333
Tamil Nadu:Dharmapuri,Dharmapuri,Tamil Nadu,Rabi,50190.16128,76779.4091652,107229.0682274,195333.36543,1002,985,1000,43,6,Rice,81.52847502321315,Groundnut,8.348748047511657,Gram,6.732525330435808,10.12277692927519,Tamil Nadu:Dharmapuri,1,-3.6063480539158435,150189.10146333333
Tamil Nadu:Dharmapuri,Dharmapuri,Tamil Nadu,Summer,5679.54408,9428.0431728,12324.6106536,22718.17632,1484,1444,1513,93,8,Rice,100.0,,,,,,Tamil Nadu:Dharmapuri,1,-3.6063480539158435,150189.10146333333
Tamil Nadu:Dindigul,Dindigul,Tamil Nadu,Kharif,31875.50464,39050.5038504,61847.4788778,110604.97462,1146,1155,1162,62,7,Maize,50.61557416406937,Rice,22.560106059243658,Cotton,11.825517451488658,50.72744291160022,Tamil Nadu:Dindigul,1,-17.705257203585937,131890.39101
Tamil Nadu:Dindigul,Dindigul,Tamil Nadu,Rabi,76899.69448,85586.9106022,156037.0052339,248237.6484,895,948,932,35,5,Maize,75.8518760614397,Rice,18.304961423147475,Groundnut,5.29691597682903,76.3981226000235,Tamil Nadu:Dindigul,1,-17.705257203585937,131890.39101
Tamil Nadu:Dindigul,Dindigul,Tamil Nadu,Summer,9857.33791,16363.1809306,21390.4232647,39429.35164,1400,1355,1420,84,8,Rice,100.0,,,,,,Tamil Nadu:Dindigul,1,-17.705257203585937,131890.39101
Tamil Nadu:Erode,Erode,Tamil Nadu,Kharif,128295.70376,141063.914264,210253.028685,439371.64817,797,802,743,28,5,Groundnut,31.51363992918645,Maize,24.044851794140516,Sugarcane,23.624335373744678,25.222523419365793,Tamil Nadu:Erode,1,-16.982088139870225,205514.99738
Tamil Nadu:Erode,Erode,Tamil Nadu,Rabi,46723.07647,69260.0775874,99251.1380763,179382.76391,1031,1017,1033,50,6,Rice,74.65801335127858,Maize,15.132404757368096,Groundnut,10.149730849691371,15.192255799030042,Tamil Nadu:Erode,1,-16.982088139870225,205514.99738
Tamil Nadu:Erode,Erode,Tamil Nadu,Summer,7077.46291,11748.5884306,15358.0945147,28309.85164,1448,1412,1473,91,8,Rice,100.0,,,,,,Tamil Nadu:Erode,1,-16.982088139870225,205514.99738
Tamil Nadu:Kallakurichi,Kallakurichi,Tamil Nadu,Kharif,208660.60509,223689.2819462,329350.0986419,682604.08839,604,653,551,16,4,Maize,30.360466783621895,Rice,24.789362355913763,Sugarcane,18.93195078037469,30.360466783621895,Tamil Nadu:Kallakurichi,2,-8.534450301204819,717952.9624166667
Tamil Nadu:Kallakurichi,Kallakurichi,Tamil Nadu,Rabi,110562.84407,164911.2698786,235124.5250907,419329.16949,743,761,763,24,4,Rice,75.99846774885324,Maize,19.497929262085858,Groundnut,4.503602989060895,19.497929262085858,Tamil Nadu:Kallakurichi,2,-8.534450301204819,717952.9624166667
Tamil Nadu:Kallakurichi,Kallakurichi,Tamil Nadu,Summer,18963.78834,31479.8886444,41151.4206978,75855.15336,1241,1197,1254,72,7,Rice,100.0,,,,,,Tamil Nadu:Kallakurichi,2,-8.534450301204819,717952.9624166667
Tamil Nadu:Kancheepuram,Kancheepuram,Tamil Nadu,Kharif,47576.93052,77161.0160734,101239.2601983,188769.72226,1021,982,1009,47,6,Rice,96.08625300872504,Groundnut,2.3968679890064495,Sugarcane,1.5133155032929868,0.0019526021783722934,Tamil Nadu:Chengalpattu,2,-8.588523741103351,286050.24945
Tamil Nadu:Kancheepuram,Kancheepuram,Tamil Nadu,Rabi,32513.71452,53004.4755954,70305.3523473,130054.85808,1113,1096,1118,59,6,Rice,95.82647186588962,Groundnut,3.81728134544093,Moong,0.3562467886694528,0.3562467886694528,Tamil Nadu:Chengalpattu,2,-8.588523741103351,286050.24945
Tamil Nadu:Kancheepuram,Kancheepuram,Tamil Nadu,Summer,46101.02693,76527.7047038,100039.2284381,184404.10772,1027,989,1020,48,6,Rice,100.0,,,,,,Tamil Nadu:Chengalpattu,2,-8.588523741103351,286050.24945
Tamil Nadu:Kanniyakumari,Kanniyakumari,Tamil Nadu,Kharif,21157.83866,35117.1195956,45911.2496822,84626.41264,1216,1177,1223,71,7,Rice,99.96770726106864,Maize,0.021528492620910014,Groundnut,0.010764246310455007,0.021528492620910014,Tamil Nadu:Kanniyakumari,1,23.286965850169857,30020.90382666667
Tamil Nadu:Kanniyakumari,Kanniyakumari,Tamil Nadu,Rabi,12877.88831,21375.8431292,27944.6437704,51509.35405,1338,1290,1356,79,8,Rice,99.98426038264743,Maize,0.015739617352570894,,,0.015739617352570894,Tamil Nadu:Kanniyakumari,1,23.286965850169857,30020.90382666667
Tamil Nadu:Kanniyakumari,Kanniyakumari,Tamil Nadu,Summer,41.53751,68.9522666,90.1363967,166.15004,1848,1844,1855,110,10,Rice,100.0,,,,,,Tamil Nadu:Kanniyakumari,1,23.286965850169857,30020.90382666667
Tamil Nadu:Karur,Karur,Tamil Nadu,Kharif,7886.41889,8758.0858848,12481.8799196,28213.40851,1478,1451,1474,92,8,Groundnut,39.71296689224079,Sugarcane,27.023283846077035,Cotton,21.837974484274255,8.915640650031687,Tamil Nadu:Karur,1,-41.654875630857966,46614.55015
Tamil Nadu:Karur,Karur,Tamil Nadu,Rabi,23117.4405,35311.4459544,49375.7611928,90674.18514,1200,1175,1208,67,7,Rice,81.1985697116631,Groundnut,10.942895642463307,Maize,7.273110597682622,7.8585346458736005,Tamil Nadu:Karur,1,-41.654875630857966,46614.55015
Tamil Nadu:Karur,Karur,Tamil Nadu,Summer,990.52506,1644.2715996,2149.4393802,3962.10024,1707,1687,1722,102,10,Rice,100.0,,,,,,Tamil Nadu:Karur,1,-41.654875630857966,46614.55015
Tamil Nadu:Krishnagiri,Krishnagiri,Tamil Nadu,Kharif,61672.32995,82207.8724642,127998.5410529,250020.00541,948,965,931,39,6,Groundnut,44.15484088732081,Rice,32.59786127222789,Cotton,16.224693710701857,5.829889027341326,Tamil Nadu:Krishnagiri,1,-6.870106870229008,118263.75675333333
Tamil Nadu:Krishnagiri,Krishnagiri,Tamil Nadu,Rabi,36746.63636,59153.9841074,79264.8622913,146219.22581,1083,1057,1082,55,6,Rice,92.94489540718752,Groundnut,4.575714503446614,Maize,1.9360902367560662,2.479390089365874,Tamil Nadu:Krishnagiri,1,-6.870106870229008,118263.75675333333
Tamil Nadu:Krishnagiri,Krishnagiri,Tamil Nadu,Summer,14629.43195,24284.857037,31745.8673315,58517.7278,1314,1260,1326,77,7,Rice,100.0,,,,,,Tamil Nadu:Krishnagiri,1,-6.870106870229008,118263.75675333333
Tamil Nadu:Madurai,Madurai,Tamil Nadu,Kharif,70124.36074,95229.0026674,144598.5668393,266148.86487,918,924,913,36,5,Maize,42.193546349463496,Cotton,36.07785984903787,Rice,8.568235212918227,48.164676208306155,Tamil Nadu:Madurai,1,-29.050556902759844,213744.57227666667
Tamil Nadu:Madurai,Madurai,Tamil Nadu,Rabi,64595.20172,93136.801037,136542.0275065,238642.7554,928,931,941,38,5,Rice,68.7270583864977,Maize,28.885296857132474,Groundnut,2.072322765139326,29.20061884836298,Tamil Nadu:Madurai,1,-29.050556902759844,213744.57227666667
Tamil Nadu:Madurai,Madurai,Tamil Nadu,Summer,32284.77637,53592.7287742,70057.9647229,129139.10548,1114,1091,1123,60,6,Rice,100.0,,,,,,Tamil Nadu:Madurai,1,-29.050556902759844,213744.57227666667
Tamil Nadu:Mayiladuthurai,Mayiladuthurai,Tamil Nadu,Kharif,150077.27224,248384.5710948,324671.8623246,599669.64358,616,614,612,17,4,Rice,98.9949670234319,Soybean,0.4213926239878957,Sugarcane,0.3561912331176402,0.021325352774419947,Tamil Nadu:Mayiladuthurai,2,-8.594429516696062,597662.4338066666
Tamil Nadu:Mayiladuthurai,Mayiladuthurai,Tamil Nadu,Rabi,169293.67091,272102.1720284,365068.3193808,677097.29192,568,568,553,14,4,Rice,92.59140607273893,Moong,6.486345635294636,Groundnut,0.8798498060439838,6.528744121217087,Tamil Nadu:Mayiladuthurai,2,-8.594429516696062,597662.4338066666
Tamil Nadu:Mayiladuthurai,Mayiladuthurai,Tamil Nadu,Summer,140.5999,233.395834,305.101783,562.3996,1822,1812,1829,109,10,Rice,100.0,,,,,,Tamil Nadu:Mayiladuthurai,2,-8.594429516696062,597662.4338066666
Tamil Nadu:Nagapattinam,Nagapattinam,Tamil Nadu,Kharif,95833.68256,159039.7809896,207937.0251252,383314.96224,800,772,794,30,5,Rice,99.95645920203702,Groundnut,0.04040357889578093,Bajra,0.0031372190672018137,,Tamil Nadu:Mayiladuthurai,2,-8.594429516696062,597662.4338066666
Tamil Nadu:Nagapattinam,Nagapattinam,Tamil Nadu,Rabi,156833.52986,253236.518465,338498.1325425,627331.57431,591,598,590,15,4,Rice,93.63754504102147,Moong,5.087441124313393,Groundnut,1.2735100567973616,5.088944902181166,Tamil Nadu:Mayiladuthurai,2,-8.594429516696062,597662.4338066666
Tamil Nadu:Nagapattinam,Nagapattinam,Tamil Nadu,Summer,255.62495,424.337417,554.7061415,1022.4998,1786,1779,1797,104,10,Rice,100.0,,,,,,Tamil Nadu:Mayiladuthurai,2,-8.594429516696062,597662.4338066666
Tamil Nadu:Namakkal,Namakkal,Tamil Nadu,Kharif,123473.22603,137236.4222432,224395.8994844,463293.7204,770,815,727,27,5,Groundnut,53.49607939174726,Maize,13.057821870776662,Cotton,12.838837056379838,18.49134623909857,Tamil Nadu:Namakkal,1,-9.088121345551759,163715.24015
Tamil Nadu:Namakkal,Namakkal,Tamil Nadu,Rabi,32226.21367,38075.8149352,65959.1428174,113954.26686,1127,1160,1154,61,6,Maize,45.27900361391818,Rice,29.15862622812375,Groundnut,24.791090456206398,46.05028331566985,Tamil Nadu:Namakkal,1,-9.088121345551759,163715.24015
Tamil Nadu:Namakkal,Namakkal,Tamil Nadu,Summer,1436.26875,2384.206125,3116.7031875,5745.075,1676,1650,1692,100,9,Rice,100.0,,,,,,Tamil Nadu:Namakkal,1,-9.088121345551759,163715.24015
Tamil Nadu:Perambalur,Perambalur,Tamil Nadu,Kharif,223193.29739,268071.67352,455337.29808,760943.41218,464,571,505,10,3,Maize,73.44269746627386,Cotton,23.551188978408497,Sugarcane,1.8842151579009518,73.44920956184016,Tamil Nadu:Perambalur,1,7.540904013061786,234944.55796
Tamil Nadu:Perambalur,Perambalur,Tamil Nadu,Rabi,19698.3178,25464.467959,40881.8560955,69850.82104,1244,1249,1275,73,7,Rice,46.373635167672376,Maize,43.74776986206517,Groundnut,9.87859497026246,43.74776986206517,Tamil Nadu:Perambalur,1,7.540904013061786,234944.55796
Tamil Nadu:Perambalur,Perambalur,Tamil Nadu,Summer,4495.71269,7462.8830654,9755.6965373,17982.85076,1523,1485,1561,97,9,Rice,100.0,,,,,,Tamil Nadu:Perambalur,1,7.540904013061786,234944.55796
Tamil Nadu:Pudukkottai,Pudukkottai,Tamil Nadu,Kharif,51149.10696,71692.5176324,103133.9229228,196452.43191,1015,1004,998,45,6,Rice,65.19629813667763,Groundnut,22.90048053120133,Maize,7.304135212270353,7.313718867890045,Tamil Nadu:Pudukkottai,1,-11.204542345054042,284493.61005333334
Tamil Nadu:Pudukkottai,Pudukkottai,Tamil Nadu,Rabi,196803.56101,319697.4403336,425261.6060882,785723.83568,494,497,489,11,3,Rice,95.01449771235572,Groundnut,4.283402996935971,Maize,0.7009371825073184,0.7020992907083055,Tamil Nadu:Pudukkottai,1,-11.204542345054042,284493.61005333334
Tamil Nadu:Pudukkottai,Pudukkottai,Tamil Nadu,Summer,8638.34419,14339.6513554,18745.2068923,34553.37676,1419,1385,1438,86,8,Rice,100.0,,,,,,Tamil Nadu:Pudukkottai,1,-11.204542345054042,284493.61005333334
Tamil Nadu:Ramanathapuram,Ramanathapuram,Tamil Nadu,Kharif,1269.13031,1925.42791,2251.50107,5169.40613,1701,1668,1701,101,10,Cotton,73.11917644347378,Sugarcane,23.15813733990364,Groundnut,1.3169880483334615,1.5364860563890383,Tamil Nadu:Ramanathapuram,1,-12.322654585659198,353605.5032533333
Tamil Nadu:Ramanathapuram,Ramanathapuram,Tamil Nadu,Rabi,319326.36631,527478.4425652,692267.6613524,1276624.38351,298,285,284,2,2,Rice,98.86043135908032,Groundnut,0.9256385062797337,Maize,0.19676832185673748,0.21393013463994676,Tamil Nadu:Ramanathapuram,1,-12.322654585659198,353605.5032533333
Tamil Nadu:Ramanathapuram,Ramanathapuram,Tamil Nadu,Summer,766.85014,1272.9712324,1664.0648038,3067.40056,1727,1704,1744,103,10,Rice,100.0,,,,,,Tamil Nadu:Ramanathapuram,1,-12.322654585659198,353605.5032533333
Tamil Nadu:Ranipet,Ranipet,Tamil Nadu,Kharif,85617.11067,126518.3762234,178607.9727173,339338.62466,849,842,831,33,5,Rice,75.21330456839573,Groundnut,21.983779583091817,Sugarcane,1.7487562746953822,0.9159170305288092,Tamil Nadu:Ranipet,3,4.291539711112087,284219.70794
Tamil Nadu:Ranipet,Ranipet,Tamil Nadu,Rabi,33858.21033,53776.6700142,72846.9330029,135430.64213,1098,1089,1105,57,6,Rice,89.90012123131237,Groundnut,9.717391890360293,Moong,0.3764490400564743,0.38248687832733863,Tamil Nadu:Ranipet,3,4.291539711112087,284219.70794
Tamil Nadu:Ranipet,Ranipet,Tamil Nadu,Summer,32415.78879,53810.2093914,70342.2616743,129663.15516,1112,1088,1121,58,6,Rice,100.0,,,,,,Tamil Nadu:Ranipet,3,4.291539711112087,284219.70794
Tamil Nadu:Salem,Salem,Tamil Nadu,Kharif,196912.70508,224085.9580008,388033.1479556,704580.56935,538,652,534,12,3,Maize,47.549492060691676,Groundnut,21.703791896056387,Cotton,16.608806096992083,56.18246673218367,Tamil Nadu:Salem,1,-8.653151652452026,283190.33876
Tamil Nadu:Salem,Salem,Tamil Nadu,Rabi,68738.20387,86708.7806788,142105.1926756,242433.73889,920,946,940,37,5,Maize,45.69621468248421,Rice,41.57840905256739,Groundnut,11.81032241257551,46.6112685348571,Tamil Nadu:Salem,1,-8.653151652452026,283190.33876
Tamil Nadu:Salem,Salem,Tamil Nadu,Summer,5355.22533,8889.6740478,11620.8389661,21420.90132,1491,1449,1522,94,8,Rice,100.0,,,,,,Tamil Nadu:Salem,1,-8.653151652452026,283190.33876
Tamil Nadu:Sivaganga,Sivaganga,Tamil Nadu,Kharif,14238.61859,17533.568598,22005.310117,50045.06416,1392,1338,1363,82,8,Rice,41.334020255289275,Sugarcane,33.6096180452661,Groundnut,18.865125726144292,0.4269306794609624,Tamil Nadu:Sivaganga,1,-12.085405688401261,209177.0688
Tamil Nadu:Sivaganga,Sivaganga,Tamil Nadu,Rabi,173358.76243,286842.5958622,375948.2092289,693368.70337,554,543,542,13,3,Rice,99.24800266350553,Groundnut,0.716438954590171,Maize,0.03529547335048181,0.0355583819043029,Tamil Nadu:Sivaganga,1,-12.085405688401261,209177.0688
Tamil Nadu:Sivaganga,Sivaganga,Tamil Nadu,Summer,3273.53138,5434.0620908,7103.5630946,13094.12552,1575,1532,1611,98,9,Rice,100.0,,,,,,Tamil Nadu:Sivaganga,1,-12.085405688401261,209177.0688
Tamil Nadu:Tenkasi,Tenkasi,Tamil Nadu,Kharif,25144.6489,40017.0967812,51297.9535754,102276.29615,1192,1150,1186,66,7,Rice,57.60974420931286,Cotton,28.19930989008698,Sugarcane,6.8643553876360315,2.207803744715305,Tamil Nadu:Tenkasi,2,-5.730932465284932,257755.47914666668
Tamil Nadu:Tenkasi,Tenkasi,Tamil Nadu,Rabi,87934.01911,119937.689578,184111.407886,313138.04333,841,860,861,32,5,Rice,57.152454850138234,Maize,41.92899674516587,Moong,0.5506190363976282,42.479615781563496,Tamil Nadu:Tenkasi,2,-5.730932465284932,257755.47914666668
Tamil Nadu:Tenkasi,Tenkasi,Tamil Nadu,Summer,26779.36366,44453.7436756,58111.2191422,107117.45464,1163,1127,1169,65,7,Rice,100.0,,,,,,Tamil Nadu:Tenkasi,2,-5.730932465284932,257755.47914666668
Tamil Nadu:Thanjavur,Thanjavur,Tamil Nadu,Kharif,317730.19915,524624.323405,685886.1088905,1271140.74031,303,288,289,3,2,Rice,95.61607189178395,Soybean,1.6164104209566328,Cotton,1.3063485805965567,0.31801934923691993,Tamil Nadu:Thanjavur,1,2.439104220499569,601190.00046
Tamil Nadu:Thanjavur,Thanjavur,Tamil Nadu,Rabi,276965.79092,451680.475064,598933.848968,1106782.86719,349,355,355,4,2,Rice,95.91054252782621,Groundnut,3.699953505413581,Maize,0.3404085615653576,0.3895039667602158,Tamil Nadu:Thanjavur,1,2.439104220499569,601190.00046
Tamil Nadu:Thanjavur,Thanjavur,Tamil Nadu,Summer,22453.01331,37272.0020946,48723.0388827,89812.05324,1205,1164,1209,69,7,Rice,100.0,,,,,,Tamil Nadu:Thanjavur,1,2.439104220499569,601190.00046
Tamil Nadu:Theni,Theni,Tamil Nadu,Kharif,38310.92762,56197.770146,75317.056045,145950.62811,1092,1073,1083,56,6,Rice,59.46135868646059,Cotton,14.333042600005676,Maize,13.344446487652144,13.4822399775331,Tamil Nadu:Theni,1,-9.029613689927247,69993.0518
Tamil Nadu:Theni,Theni,Tamil Nadu,Rabi,22900.63496,30659.369867,47799.7319415,81992.27722,1207,1201,1232,70,7,Rice,53.368039705160484,Maize,40.21052934674019,Groundnut,5.777313109997621,40.854647184841895,Tamil Nadu:Theni,1,-9.029613689927247,69993.0518
Tamil Nadu:Theni,Theni,Tamil Nadu,Summer,4599.56882,7635.2842412,9981.0643394,18398.27528,1517,1479,1557,96,9,Rice,100.0,,,,,,Tamil Nadu:Theni,1,-9.029613689927247,69993.0518
Tamil Nadu:The Nilgiris,The Nilgiris,Tamil Nadu,Kharif,9.884,9.884,19.768,29.652,1872,1870,1871,113,10,Maize,100.0,,,,,100.0,Tamil Nadu:The Nilgiris,1,-10.5625,283.22602
Tamil Nadu:The Nilgiris,The Nilgiris,Tamil Nadu,Rabi,202.27606,317.9677858,415.4062346,765.41696,1810,1795,1816,106,10,Rice,92.00833251047214,Wheat,4.327456716510244,Maize,3.1883392440542826,3.6642107730176083,Tamil Nadu:The Nilgiris,1,-10.5625,283.22602
Tamil Nadu:Thiruvallur,Thiruvallur,Tamil Nadu,Kharif,112253.65053,175530.556453,229185.3698435,436640.05651,758,741,746,26,5,Rice,91.75071051310556,Sugarcane,4.72357704481416,Groundnut,2.632925846933654,0.41621541577954,Tamil Nadu:Thiruvallur,1,-6.073775201943915,297964.02769
Tamil Nadu:Thiruvallur,Thiruvallur,Tamil Nadu,Rabi,126296.88715,202073.492362,272111.990794,505187.5486,673,688,687,21,4,Rice,91.55946864635322,Groundnut,6.016424624372336,Moong,2.4241067292744405,2.4241067292744405,Tamil Nadu:Thiruvallur,1,-6.073775201943915,297964.02769
Tamil Nadu:Thiruvallur,Thiruvallur,Tamil Nadu,Summer,44174.28939,73329.3203874,95858.2079763,176697.15756,1040,1001,1036,51,6,Rice,100.0,,,,,,Tamil Nadu:Thiruvallur,1,-6.073775201943915,297964.02769
Tamil Nadu:Thiruvarur,Thiruvarur,Tamil Nadu,Kharif,271571.12843,450221.8111468,588959.4909226,1086200.30204,353,359,363,5,2,Rice,99.63427691561166,Moong,0.19635941653446964,Cotton,0.05728415301899566,0.20140244928252382,Tamil Nadu:Thiruvarur,1,-9.826302124728448,660793.36211
Tamil Nadu:Thiruvarur,Thiruvarur,Tamil Nadu,Rabi,344151.71259,559788.2946432,743846.1811634,1376602.42727,275,269,257,1,2,Rice,95.31364978099653,Moong,3.618471450361243,Groundnut,1.066689520081979,3.6196606989214986,Tamil Nadu:Thiruvarur,1,-9.826302124728448,660793.36211
Tamil Nadu:Thiruvarur,Thiruvarur,Tamil Nadu,Summer,15067.19431,25011.5425546,32695.8116527,60268.77724,1306,1254,1317,76,7,Rice,100.0,,,,,,Tamil Nadu:Thiruvarur,1,-9.826302124728448,660793.36211
Tamil Nadu:Thoothukkudi,Thoothukkudi,Tamil Nadu,Kharif,7109.48707,11561.93255,15534.346744,29527.06624,1446,1415,1463,90,8,Rice,57.36810492814631,Cotton,28.057869801853574,Maize,7.323438949496904,11.077735345805024,Tamil Nadu:Thoothukkudi,1,-41.63055929745905,216517.69321
Tamil Nadu:Thoothukkudi,Thoothukkudi,Tamil Nadu,Rabi,115263.72389,117506.6945738,231105.1826531,357024.80716,751,870,819,25,4,Maize,90.02834744398974,Moong,5.926524772297778,Rice,3.1910213559207166,95.95487221628753,Tamil Nadu:Thoothukkudi,1,-41.63055929745905,216517.69321
Tamil Nadu:Thoothukkudi,Thoothukkudi,Tamil Nadu,Summer,17887.00067,29692.4211122,38814.7914539,71548.00268,1257,1207,1266,74,7,Rice,100.0,,,,,,Tamil Nadu:Thoothukkudi,1,-41.63055929745905,216517.69321
Tamil Nadu:Tiruchirappalli,Tiruchirappalli,Tamil Nadu,Kharif,130287.99693,193721.724868,279464.913371,521064.36606,665,710,677,20,4,Cotton,41.05222076579476,Maize,31.141020026534356,Rice,18.54089316830027,31.21352358254642,Tamil Nadu:Tiruchirappalli,1,-17.6355124850717,252207.91117666668
Tamil Nadu:Tiruchirappalli,Tiruchirappalli,Tamil Nadu,Rabi,82627.79371,130119.1381798,177488.2064501,323035.95506,851,832,851,34,5,Rice,87.97530112740176,Maize,8.394746624581492,Groundnut,3.509888473492144,8.51481039910609,Tamil Nadu:Tiruchirappalli,1,-17.6355124850717,252207.91117666668
Tamil Nadu:Tiruchirappalli,Tiruchirappalli,Tamil Nadu,Summer,10330.23789,17148.1948974,22416.6162213,41320.95156,1386,1343,1409,81,8,Rice,100.0,,,,,,Tamil Nadu:Tiruchirappalli,1,-17.6355124850717,252207.91117666668
Tamil Nadu:Tirunelveli,Tirunelveli,Tamil Nadu,Kharif,14268.81421,24212.2743772,31572.3806454,60323.2875,1315,1261,1316,78,7,Rice,69.00397501248986,Cotton,24.575587856820285,Groundnut,5.290844041066567,0.09407405901248504,Tamil Nadu:Tenkasi,2,-5.730932465284932,257755.47914666668
Tamil Nadu:Tirunelveli,Tirunelveli,Tamil Nadu,Rabi,43820.39277,71247.217734,94705.270758,173485.99422,1042,1007,1039,52,6,Rice,95.21758957685319,Maize,3.7919259311094318,Groundnut,0.8932676642271662,3.889142758919644,Tamil Nadu:Tenkasi,2,-5.730932465284932,257755.47914666668
Tamil Nadu:Tirunelveli,Tirunelveli,Tamil Nadu,Summer,28180.49479,46779.6213514,61151.6736943,112721.97916,1149,1114,1156,63,7,Rice,100.0,,,,,,Tamil Nadu:Tenkasi,2,-5.730932465284932,257755.47914666668
Tamil Nadu:Tirupathur,Tirupathur,Tamil Nadu,Kharif,60659.02227,76897.4196774,122488.5802203,247938.21262,969,984,933,40,6,Groundnut,51.265179878044805,Cotton,30.857464913072718,Rice,10.86561727008595,3.948602499352371,Tamil Nadu:Ranipet,3,4.291539711112087,284219.70794
Tamil Nadu:Tirupathur,Tirupathur,Tamil Nadu,Rabi,12469.43201,19536.6496598,26759.2079601,49437.69236,1353,1314,1371,80,8,Rice,86.83424051544,Groundnut,9.799153188352443,Maize,3.2888542938649485,3.366606296207556,Tamil Nadu:Ranipet,3,4.291539711112087,284219.70794
Tamil Nadu:Tirupathur,Tirupathur,Tamil Nadu,Summer,2064.12514,3426.4477324,4479.1515538,8256.50056,1635,1607,1652,99,9,Rice,100.0,,,,,,Tamil Nadu:Ranipet,3,4.291539711112087,284219.70794
Tamil Nadu:Tiruppur,Tiruppur,Tamil Nadu,Kharif,27740.85447,30616.1955666,48993.6800997,101724.74424,1203,1202,1188,68,7,Groundnut,55.2776507192115,Sugarcane,14.793011395043948,Rice,13.804295774347052,11.468230287184335,Tamil Nadu:Tiruppur,1,-20.977577691332662,107549.51722666666
Tamil Nadu:Tiruppur,Tiruppur,Tamil Nadu,Rabi,56730.67589,63115.0354079,115096.3353848,183246.24654,988,1043,1022,42,6,Maize,72.26206930215072,Rice,18.23856003070647,Groundnut,4.945077131232148,76.80855349950168,Tamil Nadu:Tiruppur,1,-20.977577691332662,107549.51722666666
Tamil Nadu:Tiruppur,Tiruppur,Tamil Nadu,Summer,4877.55632,8096.7434912,10584.2972144,19510.22528,1509,1469,1543,95,8,Rice,100.0,,,,,,Tamil Nadu:Tiruppur,1,-20.977577691332662,107549.51722666666
Tamil Nadu:Tiruvannamalai,Tiruvannamalai,Tamil Nadu,Kharif,291126.82011,390827.0844282,563572.4005989,1113776.09371,375,412,352,6,2,Rice,60.574444594540054,Groundnut,30.234428634000885,Sugarcane,7.035162257389896,1.5318845690146543,Tamil Nadu:Tiruvannamalai,1,-5.013408297965533,661201.4559966667
Tamil Nadu:Tiruvannamalai,Tiruvannamalai,Tamil Nadu,Rabi,221658.95465,334893.9025376,472484.4867862,880948.39203,446,477,444,9,3,Rice,78.79682690506358,Groundnut,18.689280810177728,Maize,2.407455367978492,2.5138922847586955,Tamil Nadu:Tiruvannamalai,1,-5.013408297965533,661201.4559966667
Tamil Nadu:Tiruvannamalai,Tiruvannamalai,Tamil Nadu,Summer,108815.74823,180634.1420618,236130.1736591,435262.99292,741,732,750,23,4,Rice,100.0,,,,,,Tamil Nadu:Tiruvannamalai,1,-5.013408297965533,661201.4559966667
Tamil Nadu:Vellore,Vellore,Tamil Nadu,Kharif,48326.0883,54625.2806022,94586.4821279,188606.56213,1043,1084,1010,53,6,Groundnut,67.80912341498454,Rice,23.51921189311061,Moong,3.490407514612679,4.703617239918145,Tamil Nadu:Ranipet,3,4.291539711112087,284219.70794
Tamil Nadu:Vellore,Vellore,Tamil Nadu,Rabi,10491.34709,14431.8147134,21997.6631133,41609.36668,1393,1383,1407,83,8,Rice,58.89616477246081,Groundnut,37.80851901023735,Maize,3.2369045581459592,3.295316217301841,Tamil Nadu:Ranipet,3,4.291539711112087,284219.70794
Tamil Nadu:Vellore,Vellore,Tamil Nadu,Summer,7585.52522,12591.9718652,16460.5897274,30342.10088,1437,1400,1461,88,8,Rice,100.0,,,,,,Tamil Nadu:Ranipet,3,4.291539711112087,284219.70794
Tamil Nadu:Viluppuram,Viluppuram,Tamil Nadu,Kharif,134557.09421,138970.0501448,209863.9316816,456148.47796,799,811,733,29,5,Rice,41.09415911851104,Groundnut,32.51403481924883,Sugarcane,17.331045119836052,1.5673000565863235,Tamil Nadu:Kallakurichi,2,-8.534450301204819,717952.9624166667
Tamil Nadu:Viluppuram,Viluppuram,Tamil Nadu,Rabi,148725.88234,234462.475744,319535.432678,594202.55608,624,629,619,18,4,Rice,88.21917633218027,Groundnut,11.207615236864363,Maize,0.43874525846802087,0.5732084309553649,Tamil Nadu:Kallakurichi,2,-8.534450301204819,717952.9624166667
Tamil Nadu:Viluppuram,Viluppuram,Tamil Nadu,Summer,38844.6142,64482.059572,84292.812814,155378.4568,1068,1038,1073,54,6,Rice,100.0,,,,,,Tamil Nadu:Kallakurichi,2,-8.534450301204819,717952.9624166667
Tamil Nadu:Virudhunagar,Virudhunagar,Tamil Nadu,Kharif,26825.96672,46456.7852014,58759.2613783,120471.6282,1162,1117,1139,64,7,Cotton,68.57348373490693,Rice,16.247842110938755,Groundnut,4.398822176063882,6.841509552202451,Tamil Nadu:Virudhunagar,1,-21.902950352466185,212672.90781333332
Tamil Nadu:Virudhunagar,Virudhunagar,Tamil Nadu,Rabi,142101.79851,177612.2583102,293350.2306049,484838.17172,644,738,710,19,4,Maize,56.97559681318628,Rice,39.800237171843484,Groundnut,2.817502151935224,57.382260676221286,Tamil Nadu:Virudhunagar,1,-21.902950352466185,212672.90781333332
Tamil Nadu:Virudhunagar,Virudhunagar,Tamil Nadu,Summer,9833.36921,16323.3928886,21338.4111857,39333.47684,1401,1356,1421,85,8,Rice,100.0,,,,,,Tamil Nadu:Virudhunagar,1,-21.902950352466185,212672.90781333332
Telangana:Adilabad,Adilabad,Telangana,Kharif,515746.50225,1026086.8138066,1290774.0107647,2568032.90828,117,98,93,3,1,Cotton,77.53332635626144,Soybean,21.426160748011508,Maize,0.6399421580471986,0.7446267603657312,Telangana:Adilabad,4,-0.6538149860183758,2093705.1515333334
Telangana:Adilabad,Adilabad,Telangana,Rabi,87846.74339,87910.0407731,170252.1132473,260731.19737,861,942,921,60,5,Gram,80.20712740384478,Maize,13.745585105312125,Wheat,3.041727539897145,94.50371327038526,Telangana:Adilabad,4,-0.6538149860183758,2093705.1515333334
Telangana:Bhadradri Kothagudem,Bhadradri Kothagudem,Telangana,Kharif,421877.85773,726740.408394,949793.053993,1829218.48718,194,176,161,15,2,Cotton,51.10767807779499,Rice,35.51869498568541,Maize,12.477647439278224,12.519491885110835,Telangana:Bhadradri Kothagudem,18,-7.385344493053262,11152968.38537
Telangana:Bhadradri Kothagudem,Bhadradri Kothagudem,Telangana,Rabi,83997.02423,124278.4997258,178369.5800271,316197.70966,850,847,859,59,5,Rice,74.25067032561161,Maize,22.190316596577972,Groundnut,2.9418780933401036,22.807451581048284,Telangana:Bhadradri Kothagudem,18,-7.385344493053262,11152968.38537
Telangana:Hanumakonda,Hanumakonda,Telangana,Kharif,227566.62145,402985.3043664,512209.9867878,988574.4526,406,398,394,37,3,Rice,59.63667587534739,Cotton,38.551352287046676,Maize,1.6416343954424981,1.6639414653839781,Telangana:Bhadradri Kothagudem,18,-7.385344493053262,11152968.38537
Telangana:Hanumakonda,Hanumakonda,Telangana,Rabi,180265.57808,259699.7463725,380988.7188562,661710.52318,548,588,560,48,3,Rice,68.55063410065846,Maize,31.140918050327006,Groundnut,0.2746847526461792,31.173995407677204,Telangana:Bhadradri Kothagudem,18,-7.385344493053262,11152968.38537
Telangana:Jagitial,Jagitial,Telangana,Kharif,355980.46372,570572.7878298,767785.0381551,1402350.46966,266,259,252,20,2,Rice,83.75616686023442,Maize,9.914567385021444,Cotton,5.753866840926347,9.928798923091339,Telangana:Bhadradri Kothagudem,18,-7.385344493053262,11152968.38537
Telangana:Jagitial,Jagitial,Telangana,Rabi,328568.1287,527307.0604298,708326.5883001,1287357.66621,288,286,281,26,2,Rice,92.24975156280009,Maize,7.564660034658822,Groundnut,0.10473883830627558,7.645509598893643,Telangana:Bhadradri Kothagudem,18,-7.385344493053262,11152968.38537
Telangana:Jangoan,Jangoan,Telangana,Kharif,339140.87053,602856.7734798,763888.1105401,1477999.36865,268,241,232,21,2,Rice,60.00461706047697,Cotton,39.054221031018294,Maize,0.7446368782959871,0.9111238627708212,Telangana:Bhadradri Kothagudem,18,-7.385344493053262,11152968.38537
Telangana:Jangoan,Jangoan,Telangana,Rabi,194207.77551,313825.6321914,419226.2110743,764486.85089,502,505,501,44,3,Rice,93.8130782964324,Maize,5.889064578460822,Groundnut,0.26018144648085595,5.926740257086748,Telangana:Bhadradri Kothagudem,18,-7.385344493053262,11152968.38537
Telangana:Jayashankar Bhupalapally,Jayashankar Bhupalapally,Telangana,Kharif,198936.60234,361090.3133138,452678.0377791,887169.75228,467,442,440,42,3,Rice,51.3008451332078,Cotton,48.52046675239449,Moong,0.131694805191966,0.1753965630617695,Telangana:Bhadradri Kothagudem,18,-7.385344493053262,11152968.38537
Telangana:Jayashankar Bhupalapally,Jayashankar Bhupalapally,Telangana,Rabi,103383.05705,158877.7491182,221060.2014509,394558.18521,774,773,784,57,5,Rice,82.53852104238963,Maize,17.166403419038186,Groundnut,0.19114295437473905,17.27033600323563,Telangana:Bhadradri Kothagudem,18,-7.385344493053262,11152968.38537
Telangana:Jogulamba Gadwal,Jogulamba Gadwal,Telangana,Kharif,255213.08372,445153.975966,569957.6051988,1136357.89554,366,362,344,36,2,Cotton,61.55013384997965,Rice,29.78249340804785,Maize,4.616830318602687,4.620315988382121,Telangana:Jogulamba Gadwal,8,-13.106208774587884,3401980.9446933335
Telangana:Jogulamba Gadwal,Jogulamba Gadwal,Telangana,Rabi,91270.26447,125971.607181,191473.2468194,338334.03961,831,843,834,58,5,Rice,59.58761437330993,Maize,19.948182691040078,Groundnut,12.44277812997638,27.966878563723412,Telangana:Jogulamba Gadwal,8,-13.106208774587884,3401980.9446933335
Telangana:Kamareddy,Kamareddy,Telangana,Kharif,493757.61687,817170.0154366,1133922.3487067,2033635.56984,147,140,140,6,1,Rice,58.52519032221265,Soybean,24.44377948685211,Maize,9.404598849438825,10.004365128651575,Telangana:Kamareddy,2,-3.5133732213866065,1784672.01577
Telangana:Kamareddy,Kamareddy,Telangana,Rabi,348496.89196,511219.5356107,737568.9740895,1291841.32042,277,297,278,23,2,Rice,72.55476684200433,Gram,15.926693736679006,Maize,11.061459934742318,26.995289587091445,Telangana:Kamareddy,2,-3.5133732213866065,1784672.01577
Telangana:Karimnagar,Karimnagar,Telangana,Kharif,313930.76484,534537.1357592,691220.9506944,1298466.83743,299,282,276,28,2,Rice,83.10857295243932,Cotton,15.930826314418905,Maize,0.9087870924180441,0.9224429574356153,Telangana:Bhadradri Kothagudem,18,-7.385344493053262,11152968.38537
Telangana:Karimnagar,Karimnagar,Telangana,Rabi,293424.03468,469865.8492311,632292.4500319,1148161.17066,334,336,340,31,2,Rice,91.74861490032535,Maize,8.067428696551175,Groundnut,0.15074725942906825,8.100224647220765,Telangana:Bhadradri Kothagudem,18,-7.385344493053262,11152968.38537
Telangana:Khammam,Khammam,Telangana,Kharif,486367.22652,853756.7573402,1085221.3459549,2122002.1375,157,129,124,8,1,Rice,54.43444946755129,Cotton,41.511382340494585,Moong,2.774524123786569,3.1979466464938366,Telangana:Bhadradri Kothagudem,18,-7.385344493053262,11152968.38537
Telangana:Khammam,Khammam,Telangana,Rabi,181646.00223,251802.5015373,381359.8645388,660602.47736,547,600,561,47,3,Rice,60.485214365559365,Maize,34.548604342341626,Moong,4.515524731692885,39.115990546200486,Telangana:Bhadradri Kothagudem,18,-7.385344493053262,11152968.38537
Telangana:Kumuram Bheem Asifabad,Kumuram Bheem Asifabad,Telangana,Kharif,401264.50392,782050.4624002,953000.6613169,1948632.35441,193,150,147,14,2,Cotton,85.28891251227783,Rice,12.598363210891392,Soybean,1.7631571017779761,0.3439328841042721,Telangana:Adilabad,4,-0.6538149860183758,2093705.1515333334
Telangana:Kumuram Bheem Asifabad,Kumuram Bheem Asifabad,Telangana,Rabi,28770.27307,41995.6603339,59796.5011875,106277.56174,1158,1139,1173,62,7,Rice,72.90474553770898,Gram,14.221147811533902,Maize,7.694846702773065,24.349204135448062,Telangana:Adilabad,4,-0.6538149860183758,2093705.1515333334
Telangana:Mahabubabad,Mahabubabad,Telangana,Kharif,344782.65773,565275.8059466,758109.0780697,1409916.84463,270,267,249,22,2,Rice,59.77233183323504,Cotton,26.17204141034677,Maize,13.681751104220892,14.038879828611536,Telangana:Bhadradri Kothagudem,18,-7.385344493053262,11152968.38537
Telangana:Mahabubabad,Mahabubabad,Telangana,Rabi,180003.92389,266018.008123,382162.9906885,674003.03159,545,574,555,46,3,Rice,74.00085562942768,Maize,24.080125543870256,Moong,1.4690360230554211,25.54916156692568,Telangana:Bhadradri Kothagudem,18,-7.385344493053262,11152968.38537
Telangana:Mahabubnagar,Mahabubnagar,Telangana,Kharif,300362.97333,508793.9330698,666466.4867791,1258674.47118,317,298,298,29,2,Rice,60.56581991629684,Cotton,30.84742557687555,Maize,8.490293532006968,8.518619697499902,Telangana:Jogulamba Gadwal,8,-13.106208774587884,3401980.9446933335
Telangana:Mahabubnagar,Mahabubnagar,Telangana,Rabi,126880.38909,201336.5358858,272938.8765971,504503.52638,670,689,688,51,4,Rice,89.6914315502466,Groundnut,8.097062329681625,Maize,2.211506120071769,2.211506120071769,Telangana:Jogulamba Gadwal,8,-13.106208774587884,3401980.9446933335
Telangana:Mancherial,Mancherial,Telangana,Kharif,308807.19576,565628.4413682,706012.7582319,1391272.63072,289,265,253,27,2,Cotton,53.07367649763096,Rice,46.885647237435926,Maize,0.028020493637456404,0.03435537915878992,Telangana:Adilabad,4,-0.6538149860183758,2093705.1515333334
Telangana:Mancherial,Mancherial,Telangana,Rabi,109284.4228,178542.0417424,236399.6438692,433212.92777,740,737,752,56,4,Rice,96.32478794324784,Maize,3.2439972389481047,Groundnut,0.18496988948170354,3.4869165558307214,Telangana:Adilabad,4,-0.6538149860183758,2093705.1515333334
Telangana:Medak,Medak,Telangana,Kharif,332648.29332,560970.3681638,728026.2310503,1363324.03928,282,268,262,25,2,Rice,86.53084430203381,Cotton,12.299100542960183,Maize,0.7133737190358425,0.9740344616113236,Telangana:Bhadradri Kothagudem,18,-7.385344493053262,11152968.38537
Telangana:Medak,Medak,Telangana,Rabi,265172.22683,438061.9386038,574832.4970395,1057535.19473,362,369,376,35,2,Rice,98.8887509525821,Maize,0.9725938927937516,Gram,0.09461314431613073,1.0672070371098823,Telangana:Bhadradri Kothagudem,18,-7.385344493053262,11152968.38537
Telangana:Medchal Malkajgiri,Medchal Malkajgiri,Telangana,Kharif,17614.05401,29118.1038792,38208.8688954,70332.44365,1263,1209,1274,63,7,Rice,97.92936874900464,Maize,1.2945810601044794,Cotton,0.7760501908908858,1.2945810601044794,Telangana:Jogulamba Gadwal,8,-13.106208774587884,3401980.9446933335
Telangana:Medchal Malkajgiri,Medchal Malkajgiri,Telangana,Rabi,14445.36716,23783.3779652,31295.9795274,57484.6027,1316,1263,1330,64,7,Rice,98.10284934689396,Maize,1.8971506531060347,,,1.8971506531060347,Telangana:Jogulamba Gadwal,8,-13.106208774587884,3401980.9446933335
Telangana:Mulugu,Mulugu,Telangana,Kharif,113071.84805,195444.0889632,250862.1676764,475966.39216,718,706,716,54,4,Rice,75.73889422556974,Cotton,23.51967427950701,Maize,0.7216329336415542,0.741431494923249,Telangana:Bhadradri Kothagudem,18,-7.385344493053262,11152968.38537
Telangana:Mulugu,Mulugu,Telangana,Rabi,57878.82604,91577.2209856,124437.5416872,225850.31427,960,935,959,61,6,Rice,89.03762998284691,Maize,9.104953076363637,Groundnut,1.1766275033626836,9.785742513790414,Telangana:Bhadradri Kothagudem,18,-7.385344493053262,11152968.38537
Telangana:Nagarkurnool,Nagarkurnool,Telangana,Kharif,429384.40979,759395.2728586,976777.1442037,1903679.4035,188,159,153,12,1,Cotton,57.97033037557587,Rice,31.828159885860927,Maize,9.980817055202213,9.982850972571992,Telangana:Jogulamba Gadwal,8,-13.106208774587884,3401980.9446933335
Telangana:Nagarkurnool,Nagarkurnool,Telangana,Rabi,235936.78801,313017.3636436,491727.6636832,927420.53845,428,507,422,39,3,Rice,51.5390140316522,Groundnut,41.79516885842874,Maize,6.38915304147721,6.66581710991906,Telangana:Jogulamba Gadwal,8,-13.106208774587884,3401980.9446933335
Telangana:Nalgonda,Nalgonda,Telangana,Kharif,1055032.41767,1941635.105102,2417769.288046,4783986.2217,36,21,29,1,1,Cotton,56.19420453181597,Rice,43.71861337639299,Bajra,0.026981234447196297,0.02566692128435181,Telangana:Bhadradri Kothagudem,18,-7.385344493053262,11152968.38537
Telangana:Nalgonda,Nalgonda,Telangana,Rabi,441400.36388,719214.7065782,954358.9675459,1765304.639,192,180,172,13,2,Rice,95.71030559651224,Groundnut,3.829800404557117,Moong,0.39769171863703995,0.45989399893063915,Telangana:Bhadradri Kothagudem,18,-7.385344493053262,11152968.38537
Telangana:Narayanpet,Narayanpet,Telangana,Kharif,349827.72314,638988.2390696,797593.3019712,1579165.88928,257,221,207,19,2,Cotton,54.912492852380396,Rice,43.96877852641032,Moong,0.7586244374226808,0.784673011236745,Telangana:Jogulamba Gadwal,8,-13.106208774587884,3401980.9446933335
Telangana:Narayanpet,Narayanpet,Telangana,Rabi,123663.96252,199759.3682448,266928.2568176,494383.8424,684,697,696,52,4,Rice,93.73023048232916,Groundnut,5.9619686464571755,Gram,0.12965590984115719,0.3078008712136568,Telangana:Jogulamba Gadwal,8,-13.106208774587884,3401980.9446933335
Telangana:Nirmal,Nirmal,Telangana,Kharif,418825.55498,773080.2357292,1042433.1257144,1922785.02724,166,153,151,9,1,Soybean,36.21547167654296,Cotton,32.503896826167356,Rice,27.51405493986385,3.7665765574258376,Telangana:Adilabad,4,-0.6538149860183758,2093705.1515333334
Telangana:Nirmal,Nirmal,Telangana,Rabi,280266.57743,356118.9375716,578958.9229802,954992.59891,359,454,411,33,2,Rice,43.09470778719352,Maize,37.22498258954557,Gram,19.393280262793336,56.66703762180725,Telangana:Adilabad,4,-0.6538149860183758,2093705.1515333334
Telangana:Nizamabad,Nizamabad,Telangana,Kharif,510782.881,837592.5665338,1143532.3108531,2054311.14343,145,137,136,5,1,Rice,78.35168692913292,Soybean,13.584335726737098,Maize,7.361833415725368,7.369219195663408,Telangana:Kamareddy,2,-3.5133732213866065,1784672.01577
Telangana:Nizamabad,Nizamabad,Telangana,Rabi,455261.68548,730089.76488,981210.3193431,1782317.30103,185,175,169,11,1,Rice,92.0914962209783,Maize,4.427173524742596,Gram,3.4263283169002494,7.870087486615367,Telangana:Kamareddy,2,-3.5133732213866065,1784672.01577
Telangana:Peddapalli,Peddapalli,Telangana,Kharif,260544.56274,451602.4562042,578523.1663309,1099131.21801,360,356,357,34,2,Rice,75.77916094238942,Cotton,23.94393583346488,Maize,0.2650463160749144,0.266763346710524,Telangana:Bhadradri Kothagudem,18,-7.385344493053262,11152968.38537
Telangana:Peddapalli,Peddapalli,Telangana,Rabi,214602.61879,345903.9246355,463022.5175247,842795.41073,455,468,466,41,3,Rice,93.23586383752293,Maize,6.742513402349725,Groundnut,0.014857299028946308,6.7487146169587895,Telangana:Bhadradri Kothagudem,18,-7.385344493053262,11152968.38537
Telangana:Rajanna Sircilla,Rajanna Sircilla,Telangana,Kharif,226674.68929,392796.9473428,503050.5848046,956292.36962,414,410,410,38,3,Rice,75.51761981673502,Cotton,24.12957356627449,Maize,0.27530950600881515,0.2930812336840202,Telangana:Bhadradri Kothagudem,18,-7.385344493053262,11152968.38537
Telangana:Rajanna Sircilla,Rajanna Sircilla,Telangana,Rabi,176911.76391,292451.841969,383470.7350684,705817.94731,544,535,533,45,3,Rice,99.06693035702926,Maize,0.7225149683210637,Gram,0.11603954078024467,0.8909810808354304,Telangana:Bhadradri Kothagudem,18,-7.385344493053262,11152968.38537
Telangana:Ranga Reddy,Ranga Reddy,Telangana,Kharif,327577.43067,545226.8364438,728760.3646561,1375603.35255,281,279,258,24,2,Cotton,42.507135496341384,Rice,40.27424216142752,Maize,17.090145732441556,17.092871846671077,Telangana:Jogulamba Gadwal,8,-13.106208774587884,3401980.9446933335
Telangana:Ranga Reddy,Ranga Reddy,Telangana,Rabi,131317.71205,205703.1647713,281775.9892626,513582.54871,662,683,682,49,4,Rice,86.79668459585174,Maize,7.199027473237031,Groundnut,4.920690601170516,8.27611748645727,Telangana:Jogulamba Gadwal,8,-13.106208774587884,3401980.9446933335
Telangana:Sangareddy,Sangareddy,Telangana,Kharif,633333.21324,1162454.1295052,1481734.2490734,2922281.6952,94,83,75,2,1,Cotton,57.624265171028235,Rice,21.41116942635266,Soybean,15.762034097953192,3.227064415221689,Telangana:Bhadradri Kothagudem,18,-7.385344493053262,11152968.38537
Telangana:Sangareddy,Sangareddy,Telangana,Rabi,128158.29145,196908.5031445,273456.5874208,488304.9353,669,703,706,50,4,Rice,82.68120604247046,Gram,12.945125672005448,Maize,4.034703776589579,16.986823443576238,Telangana:Bhadradri Kothagudem,18,-7.385344493053262,11152968.38537
Telangana:Siddipet,Siddipet,Telangana,Kharif,500716.57062,850320.094988,1106418.3408222,2084565.44968,151,134,132,7,1,Rice,71.71494657765341,Cotton,23.517473252173254,Maize,4.711902700497421,4.716842831909142,Telangana:Bhadradri Kothagudem,18,-7.385344493053262,11152968.38537
Telangana:Siddipet,Siddipet,Telangana,Rabi,376681.41448,609221.3400406,813253.9696946,1483040.94995,251,238,229,18,2,Rice,94.0128973738813,Maize,5.712602042071345,Groundnut,0.14560066647380332,5.840859457204738,Telangana:Bhadradri Kothagudem,18,-7.385344493053262,11152968.38537
Telangana:Suryapet,Suryapet,Telangana,Kharif,521649.67183,894833.26226,1151441.722151,2174792.85331,141,119,116,4,1,Rice,81.19022606794186,Cotton,18.519153314824568,Moong,0.17861631035550485,0.18205421079271072,Telangana:Bhadradri Kothagudem,18,-7.385344493053262,11152968.38537
Telangana:Suryapet,Suryapet,Telangana,Rabi,385729.96938,639226.3466064,836754.4601668,1542276.75035,239,220,214,17,2,Rice,99.60692188251446,Groundnut,0.16500020086236286,Maize,0.13008302337378896,0.2280779166231831,Telangana:Bhadradri Kothagudem,18,-7.385344493053262,11152968.38537
Telangana:Vikarabad,Vikarabad,Telangana,Kharif,453036.45114,803330.1253138,1030245.6138009,2032668.54399,171,143,141,10,1,Cotton,60.895931993285224,Rice,27.604605574963482,Maize,7.407985206404315,9.918287252203465,Telangana:Jogulamba Gadwal,8,-13.106208774587884,3401980.9446933335
Telangana:Vikarabad,Vikarabad,Telangana,Rabi,120798.51679,181923.6899977,257173.0866033,467803.61663,705,729,723,53,4,Rice,78.15296803013949,Groundnut,10.068341801232535,Maize,7.098968947773921,11.716590572511857,Telangana:Jogulamba Gadwal,8,-13.106208774587884,3401980.9446933335
Telangana:Wanaparthy,Wanaparthy,Telangana,Kharif,221265.49732,358560.1145784,477448.2775468,888521.73522,443,447,439,40,3,Rice,82.33038118611066,Cotton,8.768428310414498,Maize,4.661882169596526,4.66292760639769,Telangana:Jogulamba Gadwal,8,-13.106208774587884,3401980.9446933335
Telangana:Wanaparthy,Wanaparthy,Telangana,Rabi,116166.57787,180309.3291118,248854.7734841,463726.59018,721,733,726,55,4,Rice,84.74564833596594,Groundnut,14.4760388300535,Maize,0.3976361980708496,0.7783128339805593,Telangana:Jogulamba Gadwal,8,-13.106208774587884,3401980.9446933335
Telangana:Warangal,Warangal,Telangana,Kharif,259016.66931,467422.7890752,589235.5925554,1153804.73698,352,338,337,32,2,Cotton,49.825002080198836,Rice,47.95615969699459,Maize,1.6033187742493273,1.8461264080847672,Telangana:Bhadradri Kothagudem,18,-7.385344493053262,11152968.38537
Telangana:Warangal,Warangal,Telangana,Rabi,206376.48682,275355.422923,430520.2753635,724179.1823,485,565,522,43,3,Rice,52.679140519459004,Maize,47.04880400092135,Groundnut,0.2168408443044369,47.10401863623656,Telangana:Bhadradri Kothagudem,18,-7.385344493053262,11152968.38537
Telangana:Yadadri Bhuvanagiri,Yadadri Bhuvanagiri,Telangana,Kharif,397396.91943,694387.5342292,885851.4722974,1691855.49834,220,192,191,16,2,Rice,72.22649374912349,Cotton,27.739732114990723,Maize,0.0223319897507135,0.030181380102762934,Telangana:Bhadradri Kothagudem,18,-7.385344493053262,11152968.38537
Telangana:Yadadri Bhuvanagiri,Yadadri Bhuvanagiri,Telangana,Rabi,294011.4408,487997.3778372,637988.9562914,1175996.29378,333,315,326,30,2,Rice,99.97073479749785,Maize,0.015507923612836006,Groundnut,0.01000811054334871,0.01925709195879636,Telangana:Bhadradri Kothagudem,18,-7.385344493053262,11152968.38537
The Dadra And Nagar Haveli And Daman And Diu:Dadra And Nagar Haveli,Dadra And Nagar Haveli,The Dadra And Nagar Haveli And Daman And Diu,Kharif,39288.9,65219.574,85256.913,157155.6,1063,1031,1068,1,6,Rice,100.0,,,,,,The Dadra And Nagar Haveli And Daman And Diu:Dadra And Nagar Haveli,1,0.29647385352930045,39211.475333333336
The Dadra And Nagar Haveli And Daman And Diu:Daman,Daman,The Dadra And Nagar Haveli And Daman And Diu,Kharif,3533.53,5865.6598,7667.7601,14134.12,1564,1516,1596,2,9,Rice,100.0,,,,,,The Dadra And Nagar Haveli And Daman And Diu:Daman,1,-0.2789400278940028,3540.1193333333335
The Dadra And Nagar Haveli And Daman And Diu:Diu,Diu,The Dadra And Nagar Haveli And Daman And Diu,Kharif,1235.5,0.0,815.43,2471.0,1769,1879,1763,3,10,Bajra,100.0,,,,,,The Dadra And Nagar Haveli And Daman And Diu:Diu,1,0.8064516129032258,1228.9106666666667
Tripura:Dhalai,Dhalai,Tripura,Kharif,73110.88547,116841.6367846,157284.8720947,286246.49627,891,875,896,1,5,Rice,90.58648230766568,Maize,8.056611835097776,Cotton,0.6045216042312818,8.31712081764843,Tripura:Dhalai,1,-2.8713680743441947,85986.36867333333
Tripura:Dhalai,Dhalai,Tripura,Rabi,8500.36355,8363.5625654,12469.6586007,26972.49702,1479,1463,1483,14,8,Rice,58.86527225924167,Maize,24.205762295934548,Groundnut,10.787884761532162,27.400117592699765,Tripura:Dhalai,1,-2.8713680743441947,85986.36867333333
Tripura:Gomati,Gomati,Tripura,Kharif,61866.69881,99444.8454496,133208.3833682,242922.15675,935,914,939,5,5,Rice,92.67851306997527,Maize,6.554638453847024,Groundnut,0.3023260021757307,6.809625153190967,Tripura:Gomati,1,0.3199583362924035,105979.67445333333
Tripura:Gomati,Gomati,Tripura,Rabi,42849.73455,64510.987569,86399.1016154,162977.35013,1059,1036,1060,10,6,Rice,92.2412235645224,Maize,5.683473494734516,Groundnut,0.8431231186206675,6.466708560085452,Tripura:Gomati,1,0.3199583362924035,105979.67445333333
Tripura:Khowai,Khowai,Tripura,Kharif,46702.46833,75196.733171,100500.9629575,183931.57839,1024,995,1021,8,6,Rice,92.78079557201043,Maize,5.471946335803347,Moong,0.7349003216141646,6.206846657417511,Tripura:Khowai,1,0.6090965683604389,64349.41135
Tripura:Khowai,Khowai,Tripura,Rabi,17194.00872,25160.4143742,33553.6034883,64500.63655,1298,1253,1300,13,7,Rice,92.9785359881793,Maize,4.444818454506812,Moong,1.2551773765427483,5.803243817549967,Tripura:Khowai,1,0.6090965683604389,64349.41135
Tripura:North Tripura,North Tripura,Tripura,Kharif,65467.73653,105696.5392014,141257.0285973,257477.13747,922,899,926,4,5,Rice,93.11882520500237,Maize,6.433586569280069,Cotton,0.37751152866186855,6.4526538682792465,Tripura:North Tripura,1,0.028450121566208224,70317.93888
Tripura:North Tripura,North Tripura,Tripura,Rabi,2644.98311,766.5163079,1213.4673285,5842.87718,1748,1745,1687,16,10,Maize,60.535530108423515,Rapeseed & Mustard,23.34731262606054,Moong,7.672829569716759,68.20835967814027,Tripura:North Tripura,1,0.028450121566208224,70317.93888
Tripura:Sepahijala,Sepahijala,Tripura,Kharif,69626.92373,114151.539145,150515.4040145,276405.98587,905,886,905,2,5,Rice,97.23679851292873,Maize,2.5299465426363654,Sugarcane,0.1384767568241194,2.583662719083137,Tripura:Sepahijala,1,1.7300155586392498,121536.81864333333
Tripura:Sepahijala,Sepahijala,Tripura,Rabi,49931.9912,79580.5626875,104914.5279938,195501.88763,1008,976,999,6,6,Rice,97.1889078966506,Maize,2.0070974156452763,Moong,0.3971894531371535,2.453841340402483,Tripura:Sepahijala,1,1.7300155586392498,121536.81864333333
Tripura:South Tripura,South Tripura,Tripura,Kharif,68216.30396,110374.8716406,146851.7096417,269344.51033,911,893,908,3,5,Rice,94.18551611497524,Maize,4.302064399123644,Moong,0.7599519561079049,5.062016355231549,Tripura:South Tripura,1,0.11848130841121496,107987.40313666666
Tripura:South Tripura,South Tripura,Tripura,Rabi,37667.80045,57417.1414348,76281.1873656,144655.7994,1091,1069,1085,11,6,Rice,94.54810259826205,Maize,2.4161520600964796,Moong,1.3482742672458796,3.915897435737961,Tripura:South Tripura,1,0.11848130841121496,107987.40313666666
Tripura:Unakoti,Unakoti,Tripura,Kharif,47907.27851,78331.0538472,103511.2658734,190200.50539,1014,979,1007,7,6,Rice,96.42397605635773,Maize,2.6012143096512195,Moong,0.5208348825135392,3.1220491921647584,Tripura:Unakoti,1,-5.116709036283799,53981.466
Tripura:Unakoti,Unakoti,Tripura,Rabi,2817.40949,1715.5975088,3035.3101772,7765.16692,1678,1679,1656,15,9,Maize,42.53430472107337,Moong,24.974494721962348,Rice,12.902984207079738,70.1724850395629,Tripura:Unakoti,1,-5.116709036283799,53981.466
Tripura:West Tripura,West Tripura,Tripura,Kharif,42966.90937,69172.2562706,92616.1037627,168664.15895,1049,1018,1052,9,6,Rice,92.98163789673708,Maize,6.796629748243785,Groundnut,0.10037025552076626,6.808262239314241,Tripura:West Tripura,1,2.6731220883224887,66445.42886333333
Tripura:West Tripura,West Tripura,Tripura,Rabi,22927.96422,34430.6251401,46172.9681182,87370.26046,1215,1182,1216,12,7,Rice,91.85435596024097,Maize,4.869114400973112,Moong,1.5553937060349352,6.424508107008047,Tripura:West Tripura,1,2.6731220883224887,66445.42886333333
Uttarakhand:Almora,Almora,Uttarakhand,Kharif,23438.29985,36654.14683,51867.55021,91375.23255,1189,1167,1206,12,7,Rice,70.22606882824667,Maize,17.411201538218936,Soybean,12.362729633534393,17.411201538218936,Uttarakhand:Almora,1,-23.913321521510436,79371.01571
Uttarakhand:Almora,Almora,Uttarakhand,Rabi,44474.73828,39036.524415,39135.611515,89048.56366,1255,1156,1211,16,7,Wheat,97.86952932400091,Rapeseed & Mustard,1.6240924891550146,Gram,0.50637818684408,0.50637818684408,Uttarakhand:Almora,1,-23.913321521510436,79371.01571
Uttarakhand:Bageshwar,Bageshwar,Uttarakhand,Kharif,32828.81644,53864.68654,71213.55283,130448.83432,1109,1087,1116,9,6,Rice,96.2654750755819,Maize,2.9538097685162215,Soybean,0.7807151559018769,2.9538097685162215,Uttarakhand:Bageshwar,1,1.588133683815246,65973.16310666667
Uttarakhand:Bageshwar,Bageshwar,Uttarakhand,Rabi,34018.94888,32630.3071724,32630.3071724,68037.89776,1308,1190,1279,20,7,Wheat,99.82542697008938,Rapeseed & Mustard,0.17457302991061682,,,,Uttarakhand:Bageshwar,1,1.588133683815246,65973.16310666667
Uttarakhand:Chamoli,Chamoli,Uttarakhand,Kharif,25789.48106,42757.78864,56798.97433,103632.70218,1166,1135,1180,11,7,Rice,91.60053649511033,Soybean,6.042748201858243,Maize,2.3567153030314234,2.3567153030314234,Uttarakhand:Chamoli,1,4.5936996269515955,56451.172843333334
Uttarakhand:Chamoli,Chamoli,Uttarakhand,Rabi,30327.99147,28725.6974655,28725.6974655,60655.98294,1332,1213,1315,22,8,Wheat,99.62693494064432,Rapeseed & Mustard,0.3730650593556778,,,,Uttarakhand:Chamoli,1,4.5936996269515955,56451.172843333334
Uttarakhand:Champawat,Champawat,Uttarakhand,Kharif,10086.42432,16260.4155,22694.10878,40286.59096,1382,1359,1414,24,8,Rice,71.18991570287167,Soybean,16.659081159123623,Maize,11.58622762184539,11.58622762184539,Uttarakhand:Champawat,1,-9.037636080870918,23156.82824
Uttarakhand:Champawat,Champawat,Uttarakhand,Rabi,11568.11005,9688.2155041,9886.3897041,23334.3943,1520,1441,1504,27,9,Wheat,93.58213168011304,Gram,4.009030716598494,Rapeseed & Mustard,2.408837603288465,4.009030716598494,Uttarakhand:Champawat,1,-9.037636080870918,23156.82824
Uttarakhand:Champawat,Champawat,Uttarakhand,Summer,24.33935,24.33935,48.6787,73.01805,1864,1865,1867,29,10,Maize,100.0,,,,,100.0,Uttarakhand:Champawat,1,-9.037636080870918,23156.82824
Uttarakhand:Dehradun,Dehradun,Uttarakhand,Kharif,40140.82667,52481.98907,74354.34209,139253.97101,1096,1099,1101,8,6,Rice,54.37477713280376,Maize,32.855368702516614,Sugarcane,12.291302421770913,32.855368702516614,Uttarakhand:Dehradun,1,-4.526490172741017,77254.86778333333
Uttarakhand:Dehradun,Dehradun,Uttarakhand,Rabi,33198.08268,30946.8924618,30971.6518818,66420.92478,1319,1200,1289,21,7,Wheat,99.21251108519877,Rapeseed & Mustard,0.6276045140951104,Gram,0.15988440070611462,0.15988440070611462,Uttarakhand:Dehradun,1,-4.526490172741017,77254.86778333333
Uttarakhand:Haridwar,Haridwar,Uttarakhand,Kharif,224324.32351,249328.66903,269553.18628,711426.67253,679,611,529,2,4,Sugarcane,68.83093334584937,Rice,30.499085681221576,Groundnut,0.421683013911506,0.2482979590175446,Uttarakhand:Haridwar,1,-0.07229048716381868,337077.19017
Uttarakhand:Haridwar,Haridwar,Uttarakhand,Rabi,111037.22665,101715.1693621,101715.1693621,222074.4533,1019,906,966,5,6,Wheat,99.08846500761422,Rapeseed & Mustard,0.9115349923857785,,,,Uttarakhand:Haridwar,1,-0.07229048716381868,337077.19017
Uttarakhand:Haridwar,Haridwar,Uttarakhand,Summer,24.33935,24.33935,48.6787,73.01805,1864,1865,1867,29,10,Maize,100.0,,,,,100.0,Uttarakhand:Haridwar,1,-0.07229048716381868,337077.19017
Uttarakhand:Nainital,Nainital,Uttarakhand,Kharif,45251.32416,71970.346,100431.8182,181010.33748,1025,1003,1027,6,6,Rice,56.56152661388341,Soybean,28.203286077718346,Maize,10.900743525521477,10.900743525521477,Uttarakhand:Nainital,1,-9.180307721396327,101309.94570666667
Uttarakhand:Nainital,Nainital,Uttarakhand,Rabi,49453.92683,47593.3631642,49030.0766942,100344.56719,1202,1110,1191,14,7,Wheat,94.00687379416725,Gram,5.860539598829368,Rapeseed & Mustard,0.13258660700339067,5.860539598829368,Uttarakhand:Nainital,1,-9.180307721396327,101309.94570666667
Uttarakhand:Nainital,Nainital,Uttarakhand,Summer,247.17413,410.3090558,536.3678621,988.69652,1789,1782,1800,28,10,Rice,100.0,,,,,,Uttarakhand:Nainital,1,-9.180307721396327,101309.94570666667
Uttarakhand:Pauri Garhwal,Pauri Garhwal,Uttarakhand,Kharif,17976.67326,27503.11956,38572.23587,68471.85478,1258,1225,1277,17,7,Rice,79.30732730428053,Maize,18.9630088975187,Soybean,1.7296637982007652,18.9630088975187,Uttarakhand:Pauri Garhwal,1,-15.613808975834292,40669.628906666665
Uttarakhand:Pauri Garhwal,Pauri Garhwal,Uttarakhand,Rabi,18263.80346,15139.438937,15139.438937,36527.60692,1452,1373,1432,26,8,Wheat,97.36624074340358,Rapeseed & Mustard,2.633759256596419,,,,Uttarakhand:Pauri Garhwal,1,-15.613808975834292,40669.628906666665
Uttarakhand:Pithoragarh,Pithoragarh,Uttarakhand,Kharif,44419.90679,69980.86977,96247.40209,172526.38137,1036,1013,1042,7,6,Rice,83.52798492662151,Maize,13.013805368260824,Soybean,3.4582097051176626,13.013805368260824,Uttarakhand:Pithoragarh,1,-8.973643082302456,90116.01918666667
Uttarakhand:Pithoragarh,Pithoragarh,Uttarakhand,Rabi,40491.95577,37274.9687772,37423.5994272,81132.54219,1266,1163,1236,18,7,Wheat,98.37583757654741,Rapeseed & Mustard,0.8298473266958964,Gram,0.7943150967566907,0.7943150967566907,Uttarakhand:Pithoragarh,1,-8.973643082302456,90116.01918666667
Uttarakhand:Rudraprayag,Rudraprayag,Uttarakhand,Kharif,21218.89707,34938.82805,46177.18315,84578.64821,1214,1178,1225,15,7,Rice,95.71727852351687,Maize,2.4847425973838337,Soybean,1.797978879099298,2.4847425973838337,Uttarakhand:Rudraprayag,1,-1.9620756394831824,45889.69053666667
Uttarakhand:Rudraprayag,Rudraprayag,Uttarakhand,Rabi,25092.36254,22337.076461,22337.076461,50184.72508,1388,1285,1362,25,8,Wheat,98.61256208868201,Rapeseed & Mustard,1.3874379113179864,,,,Uttarakhand:Rudraprayag,1,-1.9620756394831824,45889.69053666667
Uttarakhand:Tehri Garhwal,Tehri Garhwal,Uttarakhand,Kharif,23480.50453,37057.95765,51709.3815,91830.48959,1190,1165,1204,13,7,Rice,75.61532028767353,Maize,14.60760280027716,Soybean,9.777076912049315,14.60760280027716,Uttarakhand:Tehri Garhwal,1,-12.179082423325044,65099.87052333333
Uttarakhand:Tehri Garhwal,Tehri Garhwal,Uttarakhand,Rabi,36732.00804,34229.9789517,34279.5225017,73513.55963,1292,1185,1262,19,7,Wheat,99.07818306050112,Rapeseed & Mustard,0.6327606960955862,Gram,0.2890562434032914,0.2890562434032914,Uttarakhand:Tehri Garhwal,1,-12.179082423325044,65099.87052333333
Uttarakhand:Udham Singh Nagar,Udham Singh Nagar,Uttarakhand,Kharif,300869.50362,477166.01324,613703.31743,1170005.30486,342,328,330,1,2,Rice,94.15855858656182,Sugarcane,5.515530475173107,Soybean,0.26574078283127717,0.05453322973737604,Uttarakhand:Udham Singh Nagar,1,0.7582581738453013,619083.7304866667
Uttarakhand:Udham Singh Nagar,Udham Singh Nagar,Uttarakhand,Rabi,262229.38938,229386.0617454,229386.0617454,524458.77876,756,640,675,3,4,Wheat,98.31489222994277,Rapeseed & Mustard,1.6851077700572255,,,,Uttarakhand:Udham Singh Nagar,1,0.7582581738453013,619083.7304866667
Uttarakhand:Udham Singh Nagar,Udham Singh Nagar,Uttarakhand,Summer,56910.24346,93844.2809542,123333.7996079,226691.39325,965,930,958,4,6,Rice,98.46014540536514,Maize,1.5398545946348607,,,1.5398545946348607,Uttarakhand:Udham Singh Nagar,1,0.7582581738453013,619083.7304866667
Uttarakhand:Uttarkashi,Uttarkashi,Uttarakhand,Kharif,28859.62443,47433.68665,63123.54825,115126.33629,1137,1111,1152,10,7,Rice,92.39536909270622,Soybean,3.969349108951587,Maize,3.63528179834219,3.63528179834219,Uttarakhand:Uttarkashi,1,5.3156677678150075,52553.54923
Uttarakhand:Uttarkashi,Uttarkashi,Uttarakhand,Rabi,26284.17526,23178.5426467,23228.0861967,52617.89407,1376,1277,1350,23,8,Wheat,98.02860611234921,Rapeseed & Mustard,1.544810745325109,Gram,0.4265831423256783,0.4265831423256783,Uttarakhand:Uttarkashi,1,5.3156677678150075,52553.54923
Uttar Pradesh:Agra,Agra,Uttar Pradesh,Kharif,324047.16239,15781.5050596,222107.8799996,641702.5703004,772,1364,576,114,5,Bajra,91.57578875092874,Rice,6.145039932858114,Cotton,1.67433736795232,0.6048339482608268,Uttar Pradesh:Agra,1,1.2001842273892347,880318.01522
Uttar Pradesh:Agra,Agra,Uttar Pradesh,Rabi,532864.08294,321966.8778984,324893.8762384,1068655.16422,614,493,369,73,4,Wheat,88.90947774089156,Rapeseed & Mustard,9.288704155370331,Gram,1.7897404738195986,1.8018181037381158,Uttar Pradesh:Agra,1,1.2001842273892347,880318.01522
Uttar Pradesh:Agra,Agra,Uttar Pradesh,Summer,17238.26433,17238.26433,34476.52866,57471.2593,1290,1340,1331,163,7,Maize,66.60646222959966,Moong,33.39353777040034,,,100.0,Uttar Pradesh:Agra,1,1.2001842273892347,880318.01522
Uttar Pradesh:Aligarh,Aligarh,Uttar Pradesh,Kharif,483445.91148,250019.071372,467394.428914,856270.164148,448,607,461,37,3,Rice,44.294498199526736,Bajra,29.81191088429474,Maize,21.81562679660468,22.210801185886897,Uttar Pradesh:Aligarh,1,4.744396053349614,1192455.55065
Uttar Pradesh:Aligarh,Aligarh,Uttar Pradesh,Rabi,703636.37554,495279.4121191,497934.5757491,1409927.91471,423,307,248,31,3,Wheat,93.11124516487004,Rapeseed & Mustard,5.822283953486313,Maize,1.035713310778122,1.066470881643651,Uttar Pradesh:Aligarh,1,4.744396053349614,1192455.55065
Uttar Pradesh:Aligarh,Aligarh,Uttar Pradesh,Summer,50815.69493,50712.090842,100768.02246,179618.640628,1023,1103,1032,144,6,Moong,57.150444847580665,Maize,41.99276806964939,Rice,0.856787082769948,99.14321291723004,Uttar Pradesh:Aligarh,1,4.744396053349614,1192455.55065
Uttar Pradesh:Ambedkar Nagar,Ambedkar Nagar,Uttar Pradesh,Kharif,324005.37778,292153.8695152,325595.7628,473117.8945248,611,537,718,72,4,Rice,81.5021234483952,Sugarcane,17.517918018802916,Maize,0.9784558781119371,0.9784558781119371,Uttar Pradesh:Ambedkar Nagar,1,-5.4069541222118,671686.76561
Uttar Pradesh:Ambedkar Nagar,Ambedkar Nagar,Uttar Pradesh,Rabi,314277.64382,277591.8728849,281490.8884949,632454.30325,663,560,587,85,4,Wheat,95.72471157381067,Gram,2.7659768249092243,Rapeseed & Mustard,1.5050278107586976,2.7702606154306424,Uttar Pradesh:Ambedkar Nagar,1,-5.4069541222118,671686.76561
Uttar Pradesh:Ambedkar Nagar,Ambedkar Nagar,Uttar Pradesh,Summer,2085.84523,2085.84523,4171.69046,7221.86815,1641,1658,1663,194,9,Maize,53.767784582943385,Moong,46.232215417056615,,,100.0,Uttar Pradesh:Ambedkar Nagar,1,-5.4069541222118,671686.76561
Uttar Pradesh:Amethi,Amethi,Uttar Pradesh,Kharif,282124.25052,247629.8753096,283725.9023116,320777.3187304,657,617,855,84,4,Rice,98.40294123494458,Maize,1.1681006256384017,Bajra,0.23052978465169147,1.3665289804037335,Uttar Pradesh:Amethi,1,-5.6886268373106805,647654.8739033333
Uttar Pradesh:Amethi,Amethi,Uttar Pradesh,Rabi,339070.39761,300022.0472361,308339.9274361,686458.67542,637,525,546,79,4,Wheat,93.14285341846241,Gram,5.383518014688535,Rapeseed & Mustard,1.4618802148593426,5.395266366678242,Uttar Pradesh:Amethi,1,-5.6886268373106805,647654.8739033333
Uttar Pradesh:Amethi,Amethi,Uttar Pradesh,Summer,4282.19358,4282.19358,8564.38716,12957.28154,1549,1571,1614,185,9,Maize,97.41485764405822,Moong,2.5851423559417883,,,100.0,Uttar Pradesh:Amethi,1,-5.6886268373106805,647654.8739033333
Uttar Pradesh:Amroha,Amroha,Uttar Pradesh,Kharif,298618.47204,282252.2196564,305829.6570686,770812.8125236,639,552,498,81,4,Sugarcane,71.16879843382168,Rice,20.19121865808744,Maize,6.703953408743838,6.707185273205493,Uttar Pradesh:Amroha,1,-15.727424138320911,515867.8118766667
Uttar Pradesh:Amroha,Amroha,Uttar Pradesh,Rabi,177560.27786,164155.1653763,164223.0931663,355188.48351,871,763,821,127,5,Wheat,99.1557918746567,Rapeseed & Mustard,0.7614818915471624,Maize,0.08272623379613625,0.08272623379613625,Uttar Pradesh:Amroha,1,-15.727424138320911,515867.8118766667
Uttar Pradesh:Amroha,Amroha,Uttar Pradesh,Summer,2680.12073,2680.12073,5360.24146,8040.36219,1606,1634,1653,191,9,Maize,100.0,,,,,100.0,Uttar Pradesh:Amroha,1,-15.727424138320911,515867.8118766667
Uttar Pradesh:Auraiya,Auraiya,Uttar Pradesh,Kharif,231617.33175,132038.9445648,235467.1097198,398453.9173552,742,828,778,105,4,Rice,47.73816100845775,Maize,27.266985948229497,Bajra,24.13035447176179,27.56690545751484,Uttar Pradesh:Auraiya,1,-6.803733227924545,547385.7381066667
Uttar Pradesh:Auraiya,Auraiya,Uttar Pradesh,Rabi,277698.41771,231510.9028148,245243.9548048,569129.88741,729,637,643,101,4,Wheat,86.38554891015544,Gram,11.049294699870675,Rapeseed & Mustard,2.4149481288596815,11.199502960984882,Uttar Pradesh:Auraiya,1,-6.803733227924545,547385.7381066667
Uttar Pradesh:Auraiya,Auraiya,Uttar Pradesh,Summer,15015.42686,15004.2095084,29937.37579,53807.8278416,1326,1374,1342,167,8,Moong,59.706540965326205,Maize,39.981214131661204,Rice,0.31224490301258967,99.68775509698742,Uttar Pradesh:Auraiya,1,-6.803733227924545,547385.7381066667
Uttar Pradesh:Ayodhya,Ayodhya,Uttar Pradesh,Kharif,352728.20765,324590.5313364,357335.65896,617402.2107036,574,488,598,65,4,Rice,65.61339133138273,Sugarcane,31.806901458083352,Maize,2.576484789342167,2.5792508161161996,Uttar Pradesh:Ayodhya,1,-6.690770284892711,666306.0477966666
Uttar Pradesh:Ayodhya,Ayodhya,Uttar Pradesh,Rabi,247778.11653,225871.9854342,230258.7270242,499942.97465,753,647,693,109,4,Wheat,95.2081354251818,Gram,3.7997764137210983,Rapeseed & Mustard,0.9815928455395545,3.8102717292786537,Uttar Pradesh:Ayodhya,1,-6.690770284892711,666306.0477966666
Uttar Pradesh:Ayodhya,Ayodhya,Uttar Pradesh,Summer,15299.22121,15299.22121,30598.44242,46965.3086,1322,1371,1381,166,7,Maize,93.02157308960173,Moong,6.978426910398271,,,100.0,Uttar Pradesh:Ayodhya,1,-6.690770284892711,666306.0477966666
Uttar Pradesh:Azamgarh,Azamgarh,Uttar Pradesh,Kharif,532311.04843,473679.3413072,550550.3227672,683071.1241928,385,331,550,24,3,Rice,88.27952125195915,Maize,6.602052124374029,Sugarcane,5.019455086521726,6.60294977165451,Uttar Pradesh:Azamgarh,1,-5.189754219965713,1178113.0841666667
Uttar Pradesh:Azamgarh,Azamgarh,Uttar Pradesh,Rabi,602636.10379,549320.2466122,559007.1349422,1214959.09591,377,275,308,21,2,Wheat,95.55067185804852,Gram,3.448464134897529,Rapeseed & Mustard,0.9835804888373222,3.4657476531141596,Uttar Pradesh:Azamgarh,1,-5.189754219965713,1178113.0841666667
Uttar Pradesh:Azamgarh,Azamgarh,Uttar Pradesh,Summer,2022.95828,2000.230022,3856.51441,5761.996408,1646,1666,1691,195,9,Maize,92.53737081200222,Rice,4.911226300850254,Moong,2.5514028871475163,95.08877369914974,Uttar Pradesh:Azamgarh,1,-5.189754219965713,1178113.0841666667
Uttar Pradesh:Baghpat,Baghpat,Uttar Pradesh,Kharif,200171.55872,197077.3408912,199664.9528174,575490.0012288,816,702,634,123,5,Sugarcane,93.19365738671804,Rice,6.240698136640693,Bajra,0.5285420312923509,0.03710244534890861,Uttar Pradesh:Baghpat,1,-13.775449663171146,330901.13982333336
Uttar Pradesh:Baghpat,Baghpat,Uttar Pradesh,Rabi,117910.1896,106958.6355628,106958.6355628,235820.3792,1003,895,947,142,6,Wheat,98.92720845693073,Rapeseed & Mustard,1.0727915430692707,,,,Uttar Pradesh:Baghpat,1,-13.775449663171146,330901.13982333336
Uttar Pradesh:Baghpat,Baghpat,Uttar Pradesh,Summer,90.56215,90.56215,181.1243,343.02422,1836,1837,1842,218,10,Moong,78.77216916780355,Maize,21.227830832196453,,,100.0,Uttar Pradesh:Baghpat,1,-13.775449663171146,330901.13982333336
Uttar Pradesh:Bahraich,Bahraich,Uttar Pradesh,Kharif,796290.20233,748740.0159372,1019002.17363,1649174.4016328,172,167,197,2,1,Maize,42.84743174046805,Rice,38.83975473085763,Sugarcane,17.440996149879822,42.84743174046805,Uttar Pradesh:Bahraich,1,-1.7421186234010007,1296767.0694766666
Uttar Pradesh:Bahraich,Bahraich,Uttar Pradesh,Rabi,497534.39211,458246.5128801,467431.2693001,1004253.54064,447,346,393,36,3,Wheat,95.25439487550447,Maize,3.644518186707531,Rapeseed & Mustard,0.8157198030652127,3.9298853214303073,Uttar Pradesh:Bahraich,1,-1.7421186234010007,1296767.0694766666
Uttar Pradesh:Bahraich,Bahraich,Uttar Pradesh,Summer,20367.68699,20367.68699,40735.37398,61312.15699,1246,1305,1313,159,7,Maize,98.9733933946321,Moong,1.0266066053679077,,,100.0,Uttar Pradesh:Bahraich,1,-1.7421186234010007,1296767.0694766666
Uttar Pradesh:Ballia,Ballia,Uttar Pradesh,Kharif,357459.45606,320597.0889324,439198.0228608,567121.0770876,477,495,646,42,3,Rice,60.67684275857093,Maize,37.690886284446165,Bajra,0.7338457445245634,37.690886284446165,Uttar Pradesh:Ballia,1,-10.045465509689787,745588.29695
Uttar Pradesh:Ballia,Ballia,Uttar Pradesh,Rabi,338580.27476,310155.0484235,321330.0717935,688335.57289,620,509,545,76,4,Wheat,92.14854278646125,Gram,5.51026801854347,Maize,1.4452113162269984,6.955479334770468,Uttar Pradesh:Ballia,1,-10.045465509689787,745588.29695
Uttar Pradesh:Ballia,Ballia,Uttar Pradesh,Summer,4299.36703,4283.13256,8463.44681,13342.4116,1553,1570,1604,186,9,Maize,81.89167647170456,Moong,16.50983472063671,Rice,1.598488807658732,98.40151119234127,Uttar Pradesh:Ballia,1,-10.045465509689787,745588.29695
Uttar Pradesh:Balrampur,Balrampur,Uttar Pradesh,Kharif,550279.71565,512609.800024,557856.49353,1060726.555476,380,295,374,22,3,Rice,56.27181312591792,Sugarcane,41.011797276443545,Maize,2.6986717793203208,2.6986717793203208,Uttar Pradesh:Balrampur,1,-1.5487918576645172,870906.7010466667
Uttar Pradesh:Balrampur,Balrampur,Uttar Pradesh,Rabi,324941.34316,263119.7245327,264248.4526227,651011.41441,695,581,567,95,4,Wheat,96.0939518021937,Rapeseed & Mustard,3.0517551423145974,Gram,0.8188712851573823,0.8542930554916995,Uttar Pradesh:Balrampur,1,-1.5487918576645172,870906.7010466667
Uttar Pradesh:Balrampur,Balrampur,Uttar Pradesh,Summer,1505.40733,1505.40733,3010.81466,4602.31163,1679,1695,1707,199,9,Maize,94.28130591073979,Moong,5.718694089260214,,,100.0,Uttar Pradesh:Balrampur,1,-1.5487918576645172,870906.7010466667
Uttar Pradesh:Banda,Banda,Uttar Pradesh,Kharif,141543.92084,115449.0617392,146185.6256462,193309.1093808,913,879,1003,135,5,Rice,83.05758042439666,Moong,7.955847278820551,Bajra,5.257497077586153,7.972750445524372,Uttar Pradesh:Banda,1,-5.570477467942527,856238.6473666667
Uttar Pradesh:Banda,Banda,Uttar Pradesh,Rabi,715871.95211,677865.9874028,926606.8549528,1680484.77177,204,201,193,5,2,Gram,53.6885446552563,Wheat,45.91074035132946,Rapeseed & Mustard,0.40071499341423905,53.6885446552563,Uttar Pradesh:Banda,1,-5.570477467942527,856238.6473666667
Uttar Pradesh:Banda,Banda,Uttar Pradesh,Summer,191.87315,191.87315,383.7463,767.4926,1813,1820,1815,216,10,Moong,100.0,,,,,100.0,Uttar Pradesh:Banda,1,-5.570477467942527,856238.6473666667
Uttar Pradesh:Bara Banki,Bara Banki,Uttar Pradesh,Kharif,471611.25466,418003.7379392,481903.0423074,597587.3437408,438,384,616,34,3,Rice,90.04289203329165,Sugarcane,5.258361457663469,Maize,4.46360591064268,4.46360591064268,Uttar Pradesh:Bara Banki,1,-12.548590822455202,984969.33773
Uttar Pradesh:Bara Banki,Bara Banki,Uttar Pradesh,Rabi,440565.73421,315517.3880096,317478.1512196,883092.23163,627,503,442,77,4,Wheat,93.31044786508483,Rapeseed & Mustard,5.4543407022747425,Gram,1.2028799668039125,1.2352114326404389,Uttar Pradesh:Bara Banki,1,-12.548590822455202,984969.33773
Uttar Pradesh:Bara Banki,Bara Banki,Uttar Pradesh,Summer,2764.85132,2759.5376816,5485.42232,10115.3607184,1604,1630,1630,189,9,Moong,69.4223215251,Maize,29.77044217809651,Rice,0.8072362968034884,99.1927637031965,Uttar Pradesh:Bara Banki,1,-12.548590822455202,984969.33773
Uttar Pradesh:Bareilly,Bareilly,Uttar Pradesh,Kharif,675779.60646,595939.7511172,664607.2848814,1285204.8242628,320,245,282,15,2,Rice,56.621061640507385,Sugarcane,39.74814987427369,Bajra,3.444249735463685,0.18653874975523854,Uttar Pradesh:Bareilly,1,-9.706682356609072,1240011.4117766668
Uttar Pradesh:Bareilly,Bareilly,Uttar Pradesh,Rabi,486982.77733,420646.4786167,420807.7360767,974126.81212,499,380,401,48,3,Wheat,98.02080537526479,Rapeseed & Mustard,1.902552754267983,Maize,0.05668867740504652,0.07664187046723298,Uttar Pradesh:Bareilly,1,-9.706682356609072,1240011.4117766668
Uttar Pradesh:Bareilly,Bareilly,Uttar Pradesh,Summer,10881.64154,10441.843076,18098.29588,25754.748684,1424,1433,1491,177,8,Maize,79.74954534780211,Rice,20.250454652197895,,,79.74954534780211,Uttar Pradesh:Bareilly,1,-9.706682356609072,1240011.4117766668
Uttar Pradesh:Basti,Basti,Uttar Pradesh,Kharif,486919.14908,446466.3962192,495256.52547,826997.6524208,425,360,476,32,3,Rice,68.06700295772683,Sugarcane,28.56610495252724,Maize,3.3668920897459365,3.3668920897459365,Uttar Pradesh:Basti,1,0.22738673635837442,839546.0045466666
Uttar Pradesh:Basti,Basti,Uttar Pradesh,Rabi,357903.3465,324980.3394936,327290.0820336,718116.43554,608,486,523,71,4,Wheat,97.53620946880017,Gram,1.406829058610858,Rapeseed & Mustard,1.0523560473630265,1.4114344838368058,Uttar Pradesh:Basti,1,0.22738673635837442,839546.0045466666
Uttar Pradesh:Basti,Basti,Uttar Pradesh,Summer,2374.28506,2226.7011256,3518.704,4864.8217744,1660,1654,1705,197,9,Maize,61.97191011235955,Rice,34.95224719101124,Moong,3.0758426966292136,65.04775280898876,Uttar Pradesh:Basti,1,0.22738673635837442,839546.0045466666
Uttar Pradesh:Bhadohi,Bhadohi,Uttar Pradesh,Kharif,87573.77202,57826.9755644,81940.2335122,121094.1314156,1071,1067,1137,148,6,Rice,77.57898611618597,Bajra,17.815751269523144,Maize,4.605262614290888,4.605262614290888,Uttar Pradesh:Bhadohi,1,6.652606640443452,222536.39027666667
Uttar Pradesh:Bhadohi,Bhadohi,Uttar Pradesh,Rabi,143825.14804,137949.0845887,139857.5614387,289558.77293,924,814,887,136,5,Wheat,97.09172275001893,Gram,2.7270167166983397,Rapeseed & Mustard,0.17910504024467164,2.7291722097363915,Uttar Pradesh:Bhadohi,1,6.652606640443452,222536.39027666667
Uttar Pradesh:Bhadohi,Bhadohi,Uttar Pradesh,Summer,1086.91877,1030.2478676,1701.58002,2771.4350524,1724,1723,1753,205,10,Moong,46.84150910516686,Rice,27.754058842322326,Maize,25.404432052510817,72.24594115767768,Uttar Pradesh:Bhadohi,1,6.652606640443452,222536.39027666667
Uttar Pradesh:Bijnor,Bijnor,Uttar Pradesh,Kharif,714190.11538,698599.0967452,715163.71409,1899284.6529048,285,189,155,10,2,Sugarcane,81.56053640419954,Rice,18.167190634849455,Groundnut,0.27227296095100184,,Uttar Pradesh:Bijnor,1,-17.481090132585948,1121687.8238766666
Uttar Pradesh:Bijnor,Bijnor,Uttar Pradesh,Rabi,263385.05137,225623.7245584,225642.6771284,526789.05531,768,650,671,112,5,Wheat,97.93516506274709,Rapeseed & Mustard,2.0480361913408434,Gram,0.00876075406105521,0.016798745912073365,Uttar Pradesh:Bijnor,1,-17.481090132585948,1121687.8238766666
Uttar Pradesh:Bijnor,Bijnor,Uttar Pradesh,Summer,223.08188,212.1610484,355.15683,498.1526116,1817,1816,1834,217,10,Maize,74.37556529604119,Rice,25.624434703958812,,,74.37556529604119,Uttar Pradesh:Bijnor,1,-17.481090132585948,1121687.8238766666
Uttar Pradesh:Budaun,Budaun,Uttar Pradesh,Kharif,572676.41487,277136.7870852,505450.3918352,1012729.3641948,410,561,389,29,3,Rice,46.312082119489645,Bajra,34.92264657947926,Sugarcane,9.384806237417294,8.617816645041232,Uttar Pradesh:Budaun,1,9.065628222436127,1281490.77091
Uttar Pradesh:Budaun,Budaun,Uttar Pradesh,Rabi,702413.873,552149.3355308,555748.0999308,1408426.5104,381,273,251,23,3,Wheat,95.10421068074045,Rapeseed & Mustard,3.6006829930487703,Maize,1.2871030599817932,1.2951063262107803,Uttar Pradesh:Budaun,1,9.065628222436127,1281490.77091
Uttar Pradesh:Budaun,Budaun,Uttar Pradesh,Summer,60420.05186,60410.311178,120758.93137,181107.551562,975,1051,1026,140,6,Maize,99.93278149360954,Rice,0.06721850639046442,,,99.93278149360954,Uttar Pradesh:Budaun,1,9.065628222436127,1281490.77091
Uttar Pradesh:Bulandshahr,Bulandshahr,Uttar Pradesh,Kharif,543874.16706,485002.868812,662924.2185818,1199962.789648,322,318,315,16,2,Maize,38.92288526613258,Rice,32.06792789299316,Sugarcane,25.236307924893936,39.25439494980374,Uttar Pradesh:Bulandshahr,1,-6.317371670895509,1074108.06818
Uttar Pradesh:Bulandshahr,Bulandshahr,Uttar Pradesh,Rabi,461450.62621,420363.2390062,421463.5505962,924001.56401,496,381,424,47,3,Wheat,98.47625145049544,Rapeseed & Mustard,1.0016101162077717,Maize,0.47641951413344924,0.5221384332967847,Uttar Pradesh:Bulandshahr,1,-6.317371670895509,1074108.06818
Uttar Pradesh:Bulandshahr,Bulandshahr,Uttar Pradesh,Summer,38397.78327,38351.1466044,76406.92766,120415.9901756,1090,1157,1140,150,6,Maize,83.90826306390449,Moong,15.583093424437267,Rice,0.5086435116582464,99.49135648834175,Uttar Pradesh:Bulandshahr,1,-6.317371670895509,1074108.06818
Uttar Pradesh:Chandauli,Chandauli,Uttar Pradesh,Kharif,277520.20919,231494.2680428,272820.9795038,324037.6075272,671,638,850,88,4,Rice,96.32817728606517,Bajra,3.505260413327854,Maize,0.13940875100285405,0.16656230060697022,Uttar Pradesh:Chandauli,1,-4.168526941773527,583857.81342
Uttar Pradesh:Chandauli,Chandauli,Uttar Pradesh,Rabi,298267.41707,281880.0747014,291627.3542714,606282.11371,647,553,607,83,4,Wheat,92.9049393430892,Gram,6.684749854383546,Rapeseed & Mustard,0.41031080252726104,6.684749854383546,Uttar Pradesh:Chandauli,1,-4.168526941773527,583857.81342
Uttar Pradesh:Chitrakoot,Chitrakoot,Uttar Pradesh,Kharif,55787.54461,25495.698928,51169.6562902,100224.234432,1193,1247,1194,156,7,Rice,46.13465735653416,Bajra,35.430312932690484,Moong,18.327921740987218,18.36655401142478,Uttar Pradesh:Chitrakoot,1,-6.763846410771941,343640.38856
Uttar Pradesh:Chitrakoot,Chitrakoot,Uttar Pradesh,Rabi,295996.56807,284420.6370579,400953.7877779,708526.28686,527,547,531,58,3,Gram,58.12646726487564,Wheat,41.633026374268084,Rapeseed & Mustard,0.2390026364411913,58.12797098929072,Uttar Pradesh:Chitrakoot,1,-6.763846410771941,343640.38856
Uttar Pradesh:Deoria,Deoria,Uttar Pradesh,Kharif,358219.06617,320441.0897604,378180.1827272,493499.1690496,552,496,697,62,3,Rice,82.37380111604519,Maize,8.037417254601644,Sugarcane,6.9296887057945575,8.037417254601644,Uttar Pradesh:Deoria,1,-8.393761866623354,821057.60366
Uttar Pradesh:Deoria,Deoria,Uttar Pradesh,Rabi,447555.87198,401627.4644151,402256.7045651,895740.98411,526,401,432,57,3,Wheat,98.43596599855259,Rapeseed & Mustard,1.2511789798361166,Maize,0.17039019417737908,0.31285502161128836,Uttar Pradesh:Deoria,1,-8.393761866623354,821057.60366
Uttar Pradesh:Deoria,Deoria,Uttar Pradesh,Summer,2539.52083,2512.9556032,4857.66477,7431.1638268,1624,1641,1660,192,9,Maize,86.02298219109096,Moong,9.419747999613403,Rice,4.55726980929563,95.44273019070437,Uttar Pradesh:Deoria,1,-8.393761866623354,821057.60366
Uttar Pradesh:Etah,Etah,Uttar Pradesh,Kharif,242158.32123,114597.250712,274982.8465314,520522.594368,667,884,678,86,4,Maize,52.49899578136606,Bajra,29.29859064579879,Rice,16.64111142829947,53.18504208708884,Uttar Pradesh:Etah,1,-7.7819349171107675,685403.03951
Uttar Pradesh:Etah,Etah,Uttar Pradesh,Rabi,396405.06003,264334.8726354,266133.9336054,794609.18103,688,578,484,91,4,Wheat,91.65628519397143,Rapeseed & Mustard,6.991718128545501,Gram,0.7314007325672747,1.3519966774830672,Uttar Pradesh:Etah,1,-7.7819349171107675,685403.03951
Uttar Pradesh:Etah,Etah,Uttar Pradesh,Summer,25481.86627,25480.6861204,50953.89796,81125.7657196,1194,1248,1237,157,7,Maize,81.5379258572429,Moong,18.442773205255286,Rice,0.019300937501818556,99.98069906249818,Uttar Pradesh:Etah,1,-7.7819349171107675,685403.03951
Uttar Pradesh:Etawah,Etawah,Uttar Pradesh,Kharif,242162.64548,123533.7170984,222085.120607,391919.0820916,773,849,787,115,5,Rice,55.41411288322078,Bajra,30.865744535088588,Maize,13.128375759848637,13.350747280574657,Uttar Pradesh:Etawah,1,-1.2540885008977454,563244.8714433333
Uttar Pradesh:Etawah,Etawah,Uttar Pradesh,Rabi,289566.55658,227133.314303,232954.199583,584953.99844,749,644,626,107,4,Wheat,91.42034465389456,Gram,4.548976485064117,Rapeseed & Mustard,3.5822049542089367,4.997450391896505,Uttar Pradesh:Etawah,1,-1.2540885008977454,563244.8714433333
Uttar Pradesh:Etawah,Etawah,Uttar Pradesh,Summer,20011.07227,20011.07227,40022.14454,70697.45977,1249,1311,1271,160,7,Moong,53.29171178891555,Maize,46.70828821108445,,,100.0,Uttar Pradesh:Etawah,1,-1.2540885008977454,563244.8714433333
Uttar Pradesh:Farrukhabad,Farrukhabad,Uttar Pradesh,Kharif,169523.05384,147674.7001604,261242.7432958,434858.8549396,700,792,751,96,4,Maize,71.92255963537065,Rice,12.129735808247979,Sugarcane,8.396005482596168,72.07567603391767,Uttar Pradesh:Farrukhabad,1,10.230051252960072,387106.74468666664
Uttar Pradesh:Farrukhabad,Farrukhabad,Uttar Pradesh,Rabi,187244.02802,165864.6380174,171128.7575774,379752.1756,858,760,799,126,5,Wheat,92.40802790511476,Maize,3.516489703536962,Gram,2.6357428429058367,6.152232546442799,Uttar Pradesh:Farrukhabad,1,10.230051252960072,387106.74468666664
Uttar Pradesh:Farrukhabad,Farrukhabad,Uttar Pradesh,Summer,56161.3822,56156.3650816,112280.95508,170334.2099984,998,1074,1047,141,6,Maize,96.5273370205821,Moong,3.435426637804834,Rice,0.03723634161306424,99.96276365838693,Uttar Pradesh:Farrukhabad,1,10.230051252960072,387106.74468666664
Uttar Pradesh:Fatehpur,Fatehpur,Uttar Pradesh,Kharif,222027.97379,178717.8415316,220209.3899432,278790.4771484,776,736,903,116,5,Rice,89.72469242613298,Bajra,5.874489378739349,Moong,2.596997785369232,3.5816526634192933,Uttar Pradesh:Fatehpur,1,7.107808552635365,877738.4230066667
Uttar Pradesh:Fatehpur,Fatehpur,Uttar Pradesh,Rabi,683316.40356,618408.7938042,732557.6766242,1480781.68994,279,233,231,9,2,Wheat,67.82500068030635,Gram,31.157055740894,Rapeseed & Mustard,1.0105227296659052,31.16447659002775,Uttar Pradesh:Fatehpur,1,7.107808552635365,877738.4230066667
Uttar Pradesh:Fatehpur,Fatehpur,Uttar Pradesh,Summer,14472.07867,14452.597306,28781.81264,57307.886664,1331,1382,1332,168,8,Moong,98.65159548894903,Maize,0.7843514333988104,Rice,0.5640530776521655,99.43594692234784,Uttar Pradesh:Fatehpur,1,7.107808552635365,877738.4230066667
Uttar Pradesh:Firozabad,Firozabad,Uttar Pradesh,Kharif,282087.70443,76048.5773096,239645.6715366,539764.1834004,736,992,660,104,4,Bajra,54.848251741749294,Rice,24.06808812784715,Maize,20.198266227649114,20.573320587795454,Uttar Pradesh:Firozabad,1,-2.4760922982586324,557670.50136
Uttar Pradesh:Firozabad,Firozabad,Uttar Pradesh,Rabi,247652.44147,212382.8900851,214363.7425251,497285.73538,786,672,694,119,5,Wheat,96.13765385742389,Rapeseed & Mustard,2.014223492106847,Gram,1.4565458426974454,1.84812265046927,Uttar Pradesh:Firozabad,1,-2.4760922982586324,557670.50136
Uttar Pradesh:Firozabad,Firozabad,Uttar Pradesh,Summer,12596.12018,12584.3127536,25093.84514,43768.2260064,1363,1401,1393,171,8,Maize,50.473543968001074,Moong,49.13434705288056,Rice,0.39210897911837517,99.60789102088162,Uttar Pradesh:Firozabad,1,-2.4760922982586324,557670.50136
Uttar Pradesh:Gautam Buddha Nagar,Gautam Buddha Nagar,Uttar Pradesh,Kharif,44139.44829,32177.7138704,43384.822187,59919.1742296,1228,1192,1321,158,7,Rice,79.28180604669306,Bajra,11.917900838024702,Maize,8.800293115282233,8.800293115282233,Uttar Pradesh:Gautam Buddha Nagar,1,-27.024199765854775,158037.50813666667
Uttar Pradesh:Gautam Buddha Nagar,Gautam Buddha Nagar,Uttar Pradesh,Rabi,81473.71316,77380.1663453,77391.5576553,162958.81763,1087,981,1062,149,6,Wheat,99.64067166002962,Rapeseed & Mustard,0.3298902194695855,Gram,0.025542837744713914,0.02943812050078279,Uttar Pradesh:Gautam Buddha Nagar,1,-27.024199765854775,158037.50813666667
Uttar Pradesh:Gautam Buddha Nagar,Gautam Buddha Nagar,Uttar Pradesh,Summer,688.81596,688.81596,1377.63192,2755.26384,1742,1754,1754,210,10,Moong,100.0,,,,,100.0,Uttar Pradesh:Gautam Buddha Nagar,1,-27.024199765854775,158037.50813666667
Uttar Pradesh:Ghaziabad,Ghaziabad,Uttar Pradesh,Kharif,72364.17398,69413.5074136,72506.8159144,180910.6533864,1101,1014,1028,151,6,Sugarcane,72.2967081631139,Rice,26.04468625721236,Maize,1.0218413685062329,1.0354731903913212,Uttar Pradesh:Ghaziabad,1,-15.152478981692465,149384.89804
Uttar Pradesh:Ghaziabad,Ghaziabad,Uttar Pradesh,Rabi,61051.83714,56118.1913439,56192.0495339,122177.53247,1168,1075,1133,153,7,Wheat,98.88214656537657,Rapeseed & Mustard,0.8549757121960166,Maize,0.1397499835855333,0.26287772242741286,Uttar Pradesh:Ghaziabad,1,-15.152478981692465,149384.89804
Uttar Pradesh:Ghazipur,Ghazipur,Uttar Pradesh,Kharif,418088.70278,333354.1710408,406152.2763424,525061.5673492,519,479,673,54,3,Rice,90.17013272905,Bajra,6.627940115176391,Sugarcane,2.250948834346247,0.9509783214273678,Uttar Pradesh:Ghazipur,1,1.620710859672857,917504.44016
Uttar Pradesh:Ghazipur,Ghazipur,Uttar Pradesh,Rabi,516890.57525,482479.5048626,494778.1907726,1046079.83641,426,320,382,33,3,Wheat,94.4257554041876,Gram,4.9665094174075755,Rapeseed & Mustard,0.6028508927894284,4.971393703022967,Uttar Pradesh:Ghazipur,1,1.620710859672857,917504.44016
Uttar Pradesh:Ghazipur,Ghazipur,Uttar Pradesh,Summer,4217.87345,4215.5131508,8416.07774,15760.5697592,1554,1575,1579,187,9,Moong,74.71241419402573,Maize,25.05387646288543,Rice,0.23370934308883892,99.76629065691117,Uttar Pradesh:Ghazipur,1,1.620710859672857,917504.44016
Uttar Pradesh:Gonda,Gonda,Uttar Pradesh,Kharif,690763.99756,652315.820716,836408.93826,1469937.222124,240,211,236,6,2,Rice,38.30679695586925,Maize,34.82625161873291,Sugarcane,26.86695142539784,34.82625161873291,Uttar Pradesh:Gonda,1,-2.8521109765563004,1110079.97191
Uttar Pradesh:Gonda,Gonda,Uttar Pradesh,Rabi,387083.11369,337873.8116593,340898.2168193,777190.63254,590,473,493,67,4,Wheat,96.5146764254276,Rapeseed & Mustard,1.7109492829033146,Gram,1.1897974350948173,1.7743742916690861,Uttar Pradesh:Gonda,1,-2.8521109765563004,1110079.97191
Uttar Pradesh:Gonda,Gonda,Uttar Pradesh,Summer,26281.25948,26281.25948,52562.51896,78890.52976,1186,1240,1246,155,7,Maize,99.82211156951752,Moong,0.17788843048248007,,,100.0,Uttar Pradesh:Gonda,1,-2.8521109765563004,1110079.97191
Uttar Pradesh:Gorakhpur,Gorakhpur,Uttar Pradesh,Kharif,390380.61377,346363.2071816,409200.12042,492536.8697284,517,467,699,53,3,Rice,89.59586722352314,Groundnut,5.217443708981985,Maize,3.984444057168247,3.984444057168247,Uttar Pradesh:Gorakhpur,1,-9.654405773166657,887097.4178733333
Uttar Pradesh:Gorakhpur,Gorakhpur,Uttar Pradesh,Rabi,420959.21406,390742.291569,391717.743529,842893.88008,535,413,465,60,3,Wheat,98.80592394185133,Rapeseed & Mustard,0.6960378783041133,Gram,0.49186884480696447,0.4980381798445566,Uttar Pradesh:Gorakhpur,1,-9.654405773166657,887097.4178733333
Uttar Pradesh:Gorakhpur,Gorakhpur,Uttar Pradesh,Summer,7829.33879,7697.6928056,14561.62771,21457.5373544,1460,1476,1521,180,8,Maize,92.0269946937134,Rice,7.533840940368335,Moong,0.43916436591826585,92.46615905963166,Uttar Pradesh:Gorakhpur,1,-9.654405773166657,887097.4178733333
Uttar Pradesh:Hamirpur,Hamirpur,Uttar Pradesh,Kharif,10350.35183,10126.227188,20260.7831286,40502.709562,1410,1437,1413,175,8,Moong,77.92666867705115,Groundnut,20.221170099870154,Rice,0.7909089642926982,78.0486284248218,Uttar Pradesh:Hamirpur,1,-5.864191845541144,568108.5819266667
Uttar Pradesh:Hamirpur,Hamirpur,Uttar Pradesh,Rabi,534538.06189,489274.6389727,665177.9630727,1244979.44788,319,314,303,14,2,Gram,52.88456204336897,Wheat,46.30811125448153,Rapeseed & Mustard,0.8027872222394075,52.88910152327906,Uttar Pradesh:Hamirpur,1,-5.864191845541144,568108.5819266667
Uttar Pradesh:Hamirpur,Hamirpur,Uttar Pradesh,Summer,632.23006,632.23006,1264.46012,2528.92024,1746,1758,1759,211,10,Moong,100.0,,,,,100.0,Uttar Pradesh:Hamirpur,1,-5.864191845541144,568108.5819266667
Uttar Pradesh:Hapur,Hapur,Uttar Pradesh,Kharif,139703.74243,134025.9952612,147384.12934,330436.4834288,910,823,844,134,5,Sugarcane,57.51001667517806,Rice,32.060972203453936,Maize,10.197845471765365,10.425691510211829,Uttar Pradesh:Hapur,1,-16.09387671257346,272389.3094766667
Uttar Pradesh:Hapur,Hapur,Uttar Pradesh,Rabi,90785.15775,82257.7384797,82331.0283397,181643.60536,1070,964,1025,147,6,Wheat,98.7305671430609,Rapeseed & Mustard,1.0913958240537558,Maize,0.15402664409434008,0.1780370328853518,Uttar Pradesh:Hapur,1,-16.09387671257346,272389.3094766667
Uttar Pradesh:Hapur,Hapur,Uttar Pradesh,Summer,1652.48125,1652.48125,3304.9625,5673.31716,1667,1685,1695,198,9,Maize,56.678878504672895,Moong,43.321121495327105,,,100.0,Uttar Pradesh:Hapur,1,-16.09387671257346,272389.3094766667
Uttar Pradesh:Hardoi,Hardoi,Uttar Pradesh,Kharif,666741.70157,615526.3836708,793316.1309458,1361110.9751092,259,235,264,7,2,Rice,44.105257067299576,Maize,25.663695936356767,Sugarcane,22.42581420951275,25.833644203813854,Uttar Pradesh:Hardoi,1,-3.6180410329919916,1543452.0815
Uttar Pradesh:Hardoi,Hardoi,Uttar Pradesh,Rabi,781931.34488,708996.0943835,711167.5844735,1566034.17985,286,185,211,11,2,Wheat,98.31119062204002,Rapeseed & Mustard,1.0781262879517117,Gram,0.43278521788624746,0.6106830900082779,Uttar Pradesh:Hardoi,1,-3.6180410329919916,1543452.0815
Uttar Pradesh:Hardoi,Hardoi,Uttar Pradesh,Summer,6764.48605,6689.807488,12906.65075,19585.991082,1471,1495,1542,182,8,Maize,88.0114871009429,Moong,7.1668022782750205,Rice,4.82171062078208,95.17828937921792,Uttar Pradesh:Hardoi,1,-3.6180410329919916,1543452.0815
Uttar Pradesh:Hathras,Hathras,Uttar Pradesh,Kharif,188617.26156,61697.1308828,158641.9277506,343460.0381772,888,1046,827,131,5,Bajra,50.89386108288427,Rice,34.982215355606144,Maize,10.825415401531545,10.981081525551566,Uttar Pradesh:Hathras,1,1.604310597618908,429921.47340333334
Uttar Pradesh:Hathras,Hathras,Uttar Pradesh,Rabi,221833.16015,179486.6259704,179825.0788404,444004.77317,845,735,742,125,5,Wheat,96.55099956808327,Rapeseed & Mustard,3.0725758840366373,Maize,0.30224992170440856,0.37642454788009494,Uttar Pradesh:Hathras,1,1.604310597618908,429921.47340333334
Uttar Pradesh:Hathras,Hathras,Uttar Pradesh,Summer,17639.2335,17636.8732008,35258.79784,58209.1621692,1285,1337,1327,162,7,Maize,69.71947657305607,Moong,30.224738314560756,Rice,0.05578511238317364,99.94421488761682,Uttar Pradesh:Hathras,1,1.604310597618908,429921.47340333334
Uttar Pradesh:Jalaun,Jalaun,Uttar Pradesh,Kharif,39193.44527,5977.3074872,32665.0716714,86604.5390728,1307,1513,1219,165,7,Bajra,70.06711377106573,Soybean,14.321480623279768,Moong,12.321764055775896,12.518293794469866,Uttar Pradesh:Jalaun,1,6.842150532566689,621483.85397
Uttar Pradesh:Jalaun,Jalaun,Uttar Pradesh,Rabi,632216.14827,558007.3139802,673323.6207502,1379748.60331,315,271,256,13,2,Wheat,64.39788913145317,Gram,34.252414710037705,Rapeseed & Mustard,1.3492484362093131,34.252862432337515,Uttar Pradesh:Jalaun,1,6.842150532566689,621483.85397
Uttar Pradesh:Jalaun,Jalaun,Uttar Pradesh,Summer,794.35237,794.35237,1588.70474,3167.79729,1732,1742,1742,206,10,Moong,98.78993374187327,Maize,1.2100662581267303,,,100.0,Uttar Pradesh:Jalaun,1,6.842150532566689,621483.85397
Uttar Pradesh:Jaunpur,Jaunpur,Uttar Pradesh,Kharif,502774.83949,445513.9126984,631066.2125754,839650.2468116,335,361,467,17,2,Rice,55.05095420371465,Maize,42.328730329241665,Bajra,1.6285930256758978,42.336553688980494,Uttar Pradesh:Jaunpur,1,-5.76197266968286,1092356.8809066666
Uttar Pradesh:Jaunpur,Jaunpur,Uttar Pradesh,Rabi,554803.89426,485102.5123812,498879.0786812,1123384.35482,421,317,349,30,3,Wheat,92.81823188001526,Gram,5.448563081028704,Rapeseed & Mustard,1.658759884634915,5.523008235349823,Uttar Pradesh:Jaunpur,1,-5.76197266968286,1092356.8809066666
Uttar Pradesh:Jaunpur,Jaunpur,Uttar Pradesh,Summer,2174.65297,2172.8827456,4334.55407,7443.3349844,1637,1656,1659,193,9,Maize,55.959228581038325,Moong,43.70043952410542,Rice,0.3403318948562568,99.65966810514374,Uttar Pradesh:Jaunpur,1,-5.76197266968286,1092356.8809066666
Uttar Pradesh:Jhansi,Jhansi,Uttar Pradesh,Kharif,115689.08183,119463.2338564,216085.88596,402786.1002536,780,861,774,118,5,Groundnut,60.49352786706181,Moong,16.94896531408793,Rice,10.023218167987745,20.601618593562677,Uttar Pradesh:Jhansi,1,19.258364779874213,763446.3539733334
Uttar Pradesh:Jhansi,Jhansi,Uttar Pradesh,Rabi,774180.31208,723467.9635127,981729.9400027,1806622.60065,184,177,163,4,1,Gram,52.612421548290506,Wheat,46.8309016318414,Rapeseed & Mustard,0.5554485309559779,52.61364983720262,Uttar Pradesh:Jhansi,1,19.258364779874213,763446.3539733334
Uttar Pradesh:Jhansi,Jhansi,Uttar Pradesh,Summer,381.30001,381.30001,762.60002,1525.20004,1774,1788,1786,213,10,Moong,100.0,,,,,100.0,Uttar Pradesh:Jhansi,1,19.258364779874213,763446.3539733334
Uttar Pradesh:Kannauj,Kannauj,Uttar Pradesh,Kharif,194107.97182,176815.1122276,324733.8424176,492234.3056624,615,740,701,74,4,Maize,75.63336140498565,Rice,14.791635947888095,Groundnut,7.023498311786633,75.84170427278258,Uttar Pradesh:Kannauj,1,23.34112875693112,459534.59633666667
Uttar Pradesh:Kannauj,Kannauj,Uttar Pradesh,Rabi,191181.17116,156290.8658899,160439.5513399,386511.02777,884,776,792,129,5,Wheat,92.00403156082025,Gram,3.300959667220733,Rapeseed & Mustard,2.8243191602425632,5.171649278937189,Uttar Pradesh:Kannauj,1,23.34112875693112,459534.59633666667
Uttar Pradesh:Kannauj,Kannauj,Uttar Pradesh,Summer,132482.49203,132482.49203,264964.98406,406082.18791,692,826,770,93,4,Maize,93.4823751518467,Moong,6.517624848153304,,,100.0,Uttar Pradesh:Kannauj,1,23.34112875693112,459534.59633666667
Uttar Pradesh:Kanpur Dehat,Kanpur Dehat,Uttar Pradesh,Kharif,187346.59923,121485.3638572,205314.5562846,326700.4895728,805,852,847,121,5,Rice,47.08334198964481,Maize,34.83181793543593,Bajra,17.442618186777906,35.474039823577286,Uttar Pradesh:Kanpur Dehat,1,7.086088814379272,706403.6402033333
Uttar Pradesh:Kanpur Dehat,Kanpur Dehat,Uttar Pradesh,Rabi,560895.15636,452179.8248751,516647.8936451,1186258.38149,404,351,323,28,3,Wheat,72.23325769204739,Gram,24.94226520712772,Rapeseed & Mustard,2.810454064847945,24.95628824310467,Uttar Pradesh:Kanpur Dehat,1,7.086088814379272,706403.6402033333
Uttar Pradesh:Kanpur Dehat,Kanpur Dehat,Uttar Pradesh,Summer,10957.94602,10957.94602,21915.89204,41447.04669,1394,1425,1408,173,8,Moong,78.23736870351912,Maize,21.762631296480873,,,100.0,Uttar Pradesh:Kanpur Dehat,1,7.086088814379272,706403.6402033333
Uttar Pradesh:Kanpur Nagar,Kanpur Nagar,Uttar Pradesh,Kharif,155496.47176,139836.9065968,217301.4385654,321361.3563832,779,809,853,117,5,Maize,57.63812121395812,Rice,34.23660979934528,Sugarcane,4.728004889350001,58.47900615796187,Uttar Pradesh:Kanpur Nagar,1,3.3616384307889318,555831.97852
Uttar Pradesh:Kanpur Nagar,Kanpur Nagar,Uttar Pradesh,Rabi,408571.72041,304515.3170955,349407.8026355,862035.92636,582,517,454,66,4,Wheat,70.17799066296146,Gram,25.289306956942667,Rapeseed & Mustard,4.125682465465178,25.696326871573362,Uttar Pradesh:Kanpur Nagar,1,3.3616384307889318,555831.97852
Uttar Pradesh:Kanpur Nagar,Kanpur Nagar,Uttar Pradesh,Summer,26299.07539,26299.07539,52598.15078,81713.96849,1185,1239,1234,154,7,Maize,89.28957661731697,Moong,10.710423382683036,,,100.0,Uttar Pradesh:Kanpur Nagar,1,3.3616384307889318,555831.97852
Uttar Pradesh:Kasganj,Kasganj,Uttar Pradesh,Kharif,254145.85882,142622.7881036,315279.2616932,582813.6389964,632,798,628,78,4,Maize,60.94911959258262,Bajra,22.354607494540485,Rice,12.518103714796675,61.40808336718322,Uttar Pradesh:Kasganj,1,7.032518472260841,548719.4438833334
Uttar Pradesh:Kasganj,Kasganj,Uttar Pradesh,Rabi,284866.0227,249819.3846729,251346.1414429,571258.80217,717,609,640,100,4,Wheat,97.15058515687339,Rapeseed & Mustard,1.634550941707346,Gram,0.7547701067179396,1.2148639014192655,Uttar Pradesh:Kasganj,1,7.032518472260841,548719.4438833334
Uttar Pradesh:Kasganj,Kasganj,Uttar Pradesh,Summer,41206.47013,41206.47013,82412.94026,126578.82825,1069,1144,1127,146,6,Maize,92.81807480557423,Moong,7.181925194425772,,,100.0,Uttar Pradesh:Kasganj,1,7.032518472260841,548719.4438833334
Uttar Pradesh:Kaushambi,Kaushambi,Uttar Pradesh,Kharif,145323.76012,100504.0860544,135140.4513494,191084.3168556,931,910,1006,137,5,Rice,84.16261156027653,Bajra,15.223388862457977,Maize,0.4495471592212477,0.6139995772654965,Uttar Pradesh:Kaushambi,1,-9.42273582826039,404743.5318966667
Uttar Pradesh:Kaushambi,Kaushambi,Uttar Pradesh,Rabi,247283.96595,231039.7990047,266304.7249247,529832.85782,686,639,667,90,4,Wheat,72.94097730948054,Gram,26.471038769564714,Rapeseed & Mustard,0.5743811356454561,26.484641554874003,Uttar Pradesh:Kaushambi,1,-9.42273582826039,404743.5318966667
Uttar Pradesh:Kaushambi,Kaushambi,Uttar Pradesh,Summer,3366.04562,3366.04562,6732.09124,13291.2619,1581,1610,1607,188,9,Moong,94.8627974923287,Maize,5.137202507671302,,,100.0,Uttar Pradesh:Kaushambi,1,-9.42273582826039,404743.5318966667
Uttar Pradesh:Kheri,Kheri,Uttar Pradesh,Kharif,1295195.67821,1243448.1128412,1350248.1897702,3123876.1614788,108,73,65,1,1,Sugarcane,60.5459332109258,Rice,31.177499305638463,Groundnut,4.175471293880811,4.0409381796161545,Uttar Pradesh:Kheri,1,-6.950068626540599,1885059.0182666667
Uttar Pradesh:Kheri,Kheri,Uttar Pradesh,Rabi,490970.52655,395094.6111406,396101.0741506,982947.51611,532,407,396,59,3,Wheat,96.32012304216623,Rapeseed & Mustard,3.1716920143022467,Gram,0.4639678253690533,0.5081849435315274,Uttar Pradesh:Kheri,1,-6.950068626540599,1885059.0182666667
Uttar Pradesh:Kheri,Kheri,Uttar Pradesh,Summer,21374.74304,20518.1679248,35611.36012,52028.0446252,1282,1301,1352,161,7,Maize,72.52250251878333,Rice,20.044519321774224,Moong,7.432978159442454,79.95548067822578,Uttar Pradesh:Kheri,1,-6.950068626540599,1885059.0182666667
Uttar Pradesh:Kushinagar,Kushinagar,Uttar Pradesh,Kharif,508547.73795,472945.6875696,518982.5317572,973652.4107604,402,332,402,27,3,Rice,56.721962042398935,Sugarcane,39.185318026299576,Maize,3.396649035626321,3.396649035626321,Uttar Pradesh:Kushinagar,1,-5.4324771334060795,857178.6240033334
Uttar Pradesh:Kushinagar,Kushinagar,Uttar Pradesh,Rabi,298022.26916,263992.5575924,264638.9711924,596690.95192,694,579,617,94,4,Wheat,98.04312398046811,Rapeseed & Mustard,1.468351145748255,Maize,0.4586643511085636,0.4885248737836417,Uttar Pradesh:Kushinagar,1,-5.4324771334060795,857178.6240033334
Uttar Pradesh:Kushinagar,Kushinagar,Uttar Pradesh,Summer,11470.1349,11470.1349,22940.2698,34828.62145,1379,1416,1435,172,8,Maize,96.35386371959758,Moong,3.6461362804024215,,,100.0,Uttar Pradesh:Kushinagar,1,-5.4324771334060795,857178.6240033334
Uttar Pradesh:Lalitpur,Lalitpur,Uttar Pradesh,Kharif,183890.51037,246533.1407392,427603.26357,714929.9693508,489,619,526,45,3,Soybean,44.21895296854925,Maize,34.812148512901025,Groundnut,14.392713911063286,40.638809879324704,Uttar Pradesh:Lalitpur,1,1.590622437720799,708204.31556
Uttar Pradesh:Lalitpur,Lalitpur,Uttar Pradesh,Rabi,559305.93271,495048.0182893,535064.0347493,1158627.88188,394,308,333,26,3,Wheat,83.63453426729976,Gram,14.951261434994937,Rapeseed & Mustard,1.4079975191062597,14.95746821359398,Uttar Pradesh:Lalitpur,1,1.590622437720799,708204.31556
Uttar Pradesh:Lalitpur,Lalitpur,Uttar Pradesh,Summer,774.9056,774.9056,1549.8112,3099.6224,1734,1743,1743,208,10,Moong,100.0,,,,,100.0,Uttar Pradesh:Lalitpur,1,1.590622437720799,708204.31556
Uttar Pradesh:Lucknow,Lucknow,Uttar Pradesh,Kharif,130990.15629,113975.8920636,134401.4439432,156403.4483564,934,887,1071,138,5,Rice,92.89834287254105,Maize,5.8138107677639566,Bajra,0.9975805198689872,6.104076607589957,Uttar Pradesh:Lucknow,1,-32.78134646164399,315544.10545
Uttar Pradesh:Lucknow,Lucknow,Uttar Pradesh,Rabi,100266.55772,90932.6944883,94218.4078983,203818.82885,1044,936,988,145,6,Wheat,91.97005634507595,Gram,6.926627445291137,Rapeseed & Mustard,1.0552696325257471,6.974674022398302,Uttar Pradesh:Lucknow,1,-32.78134646164399,315544.10545
Uttar Pradesh:Lucknow,Lucknow,Uttar Pradesh,Summer,1199.76934,1199.76934,2399.53868,3658.34021,1699,1709,1728,202,10,Maize,95.079705070643,Moong,4.920294929357005,,,100.0,Uttar Pradesh:Lucknow,1,-32.78134646164399,315544.10545
Uttar Pradesh:Mahoba,Mahoba,Uttar Pradesh,Kharif,52163.18065,52495.1950824,104165.47449,207414.7901476,1013,1098,980,143,6,Groundnut,53.8400135309555,Moong,44.395340170451135,Soybean,1.176936932320789,44.442736469696854,Uttar Pradesh:Mahoba,1,2.7955592771374467,454822.95943
Uttar Pradesh:Mahoba,Mahoba,Uttar Pradesh,Rabi,411868.751,382491.1402298,564623.9541698,1005870.31594,373,424,392,20,2,Gram,64.5147314756777,Wheat,34.86894613167484,Rapeseed & Mustard,0.6163223926474584,64.5147314756777,Uttar Pradesh:Mahoba,1,2.7955592771374467,454822.95943
Uttar Pradesh:Mahoba,Mahoba,Uttar Pradesh,Summer,86.08964,86.08964,172.17928,344.35856,1837,1838,1841,219,10,Moong,100.0,,,,,100.0,Uttar Pradesh:Mahoba,1,2.7955592771374467,454822.95943
Uttar Pradesh:Mahrajganj,Mahrajganj,Uttar Pradesh,Kharif,451387.79994,401994.8119236,455504.51065,584372.6670264,463,399,627,39,3,Rice,90.36315203171962,Sugarcane,7.829309024648184,Groundnut,1.7706723141974225,0.03686662943477045,Uttar Pradesh:Mahrajganj,1,-1.878360614512368,865223.8952466666
Uttar Pradesh:Mahrajganj,Mahrajganj,Uttar Pradesh,Rabi,382586.14079,335296.627106,335426.033376,765301.68785,596,476,500,69,4,Wheat,98.27033825821252,Rapeseed & Mustard,1.6525023938993402,Gram,0.04565912146369441,0.07715934788814703,Uttar Pradesh:Mahrajganj,1,-1.878360614512368,865223.8952466666
Uttar Pradesh:Mahrajganj,Mahrajganj,Uttar Pradesh,Summer,14475.88401,13204.302468,18355.25517,23543.099902,1422,1397,1501,176,8,Rice,57.730130972622156,Maize,41.86789117789203,Moong,0.40197784948581566,42.269869027377844,Uttar Pradesh:Mahrajganj,1,-1.878360614512368,865223.8952466666
Uttar Pradesh:Mainpuri,Mainpuri,Uttar Pradesh,Kharif,319921.30898,253908.5370612,426201.1727036,636070.2480188,491,596,583,46,3,Maize,55.268696809479785,Rice,35.00014606804952,Bajra,7.450491853921589,55.5560671731582,Uttar Pradesh:Mainpuri,1,-0.9771908616171967,783661.2755066666
Uttar Pradesh:Mainpuri,Mainpuri,Uttar Pradesh,Rabi,442625.90575,366919.4734786,370204.4950086,888536.83303,565,438,438,63,3,Wheat,95.61142072080389,Rapeseed & Mustard,2.613872826794069,Gram,1.2143796308836183,1.7747064524020366,Uttar Pradesh:Mainpuri,1,-0.9771908616171967,783661.2755066666
Uttar Pradesh:Mainpuri,Mainpuri,Uttar Pradesh,Summer,34936.20879,34920.5643948,69742.04762,115077.7099752,1115,1179,1153,152,6,Maize,69.661446799947,Moong,30.15162155056898,Rice,0.18693164948402471,99.81306835051598,Uttar Pradesh:Mainpuri,1,-0.9771908616171967,783661.2755066666
Uttar Pradesh:Mathura,Mathura,Uttar Pradesh,Kharif,234809.9873,112814.5645648,202599.9492902,376001.5712152,809,889,802,122,5,Rice,58.85885664225493,Bajra,36.20040811221844,Cotton,4.07336036406362,0.748447304805593,Uttar Pradesh:Mathura,1,-9.047166287574703,860189.7846033333
Uttar Pradesh:Mathura,Mathura,Uttar Pradesh,Rabi,563322.32082,439375.2239541,439429.5612441,1126698.97893,476,366,348,41,3,Wheat,96.20512772222516,Rapeseed & Mustard,3.77014144726533,Gram,0.02473083050951869,0.02473083050951869,Uttar Pradesh:Mathura,1,-9.047166287574703,860189.7846033333
Uttar Pradesh:Mathura,Mathura,Uttar Pradesh,Summer,8142.90869,8142.90869,16285.81738,30357.39637,1439,1466,1460,179,8,Moong,72.80777085564986,Maize,27.192229144350136,,,100.0,Uttar Pradesh:Mathura,1,-9.047166287574703,860189.7846033333
Uttar Pradesh:Mau,Mau,Uttar Pradesh,Kharif,225363.15662,196330.8399304,225924.5880822,291150.2145496,767,705,882,111,5,Rice,89.70342982600184,Sugarcane,7.004276504088384,Bajra,1.3767825709472068,1.230837503613485,Uttar Pradesh:Mau,1,-9.587984810126581,473896.3942766667
Uttar Pradesh:Mau,Mau,Uttar Pradesh,Rabi,213145.59364,206369.7194923,211014.1863823,430935.65417,793,682,754,120,5,Wheat,95.55975823970198,Gram,4.399185049663872,Rapeseed & Mustard,0.0381994430241593,4.402042317273869,Uttar Pradesh:Mau,1,-9.587984810126581,473896.3942766667
Uttar Pradesh:Mau,Mau,Uttar Pradesh,Summer,2722.22657,2722.22657,5444.45314,8725.101,1605,1632,1643,190,9,Maize,79.48659761997695,Moong,20.513402380023056,,,100.0,Uttar Pradesh:Mau,1,-9.587984810126581,473896.3942766667
Uttar Pradesh:Meerut,Meerut,Uttar Pradesh,Kharif,385732.63806,381503.2082372,386728.20396,1092096.4954928,541,427,361,61,3,Sugarcane,90.50101733624797,Rice,8.95928712600018,Maize,0.4712767678533502,0.5274660340550146,Uttar Pradesh:Meerut,1,-12.316870322557616,601042.0205066666
Uttar Pradesh:Meerut,Meerut,Uttar Pradesh,Rabi,159320.31955,148641.6543514,148793.0525214,318792.03727,908,790,857,133,5,Wheat,99.18245622205711,Rapeseed & Mustard,0.6140421124626064,Maize,0.16032357422446908,0.20350166548028217,Uttar Pradesh:Meerut,1,-12.316870322557616,601042.0205066666
Uttar Pradesh:Meerut,Meerut,Uttar Pradesh,Summer,1248.37391,1238.633228,2415.57547,3796.696442,1697,1707,1725,201,9,Maize,79.73444356925847,Moong,16.90518326053377,Rice,3.36037317020776,96.63962682979223,Uttar Pradesh:Meerut,1,-12.316870322557616,601042.0205066666
Uttar Pradesh:Mirzapur,Mirzapur,Uttar Pradesh,Kharif,243078.99112,184813.8953948,242352.4597928,331150.3760852,734,722,843,103,4,Rice,81.48712473512393,Bajra,9.413590413856314,Groundnut,6.199205534305182,2.9000793167145753,Uttar Pradesh:Mirzapur,1,-15.610562375320338,586787.30747
Uttar Pradesh:Mirzapur,Mirzapur,Uttar Pradesh,Rabi,315116.72129,299543.6895584,337305.6845284,667995.43755,594,526,557,68,4,Wheat,77.27687758103981,Gram,22.35634919863048,Rapeseed & Mustard,0.332752673015061,22.39036974594513,Uttar Pradesh:Mirzapur,1,-15.610562375320338,586787.30747
Uttar Pradesh:Moradabad,Moradabad,Uttar Pradesh,Kharif,418115.04364,383288.4790504,415566.446827,824106.3669496,510,422,477,50,3,Rice,54.06327484940801,Sugarcane,44.626789026401916,Bajra,1.249321572191637,0.060614551998434844,Uttar Pradesh:Moradabad,1,-7.16616359794748,743404.4600966667
Uttar Pradesh:Moradabad,Moradabad,Uttar Pradesh,Rabi,293521.04614,265164.5538808,265250.5941008,587128.1325,690,576,624,92,4,Wheat,98.7942690978537,Rapeseed & Mustard,1.1408562350099833,Gram,0.040970532174831514,0.06487466713631802,Uttar Pradesh:Moradabad,1,-7.16616359794748,743404.4600966667
Uttar Pradesh:Moradabad,Moradabad,Uttar Pradesh,Summer,2742.34051,2438.9086288,2956.08201,3473.2553912,1682,1648,1731,200,9,Rice,85.53886534426695,Maize,14.461134655733046,,,14.461134655733046,Uttar Pradesh:Moradabad,1,-7.16616359794748,743404.4600966667
Uttar Pradesh:Muzaffarnagar,Muzaffarnagar,Uttar Pradesh,Kharif,419132.45318,415519.712804,419233.71476,1200797.760316,501,388,314,49,3,Sugarcane,92.77045430915524,Rice,7.181237753560677,Maize,0.048307937284084855,0.048307937284084855,Uttar Pradesh:Muzaffarnagar,1,-10.186186694342915,662147.0088566666
Uttar Pradesh:Muzaffarnagar,Muzaffarnagar,Uttar Pradesh,Rabi,171038.1722,159404.0639639,159484.1984939,342156.47893,885,771,828,130,5,Wheat,99.26823342028794,Rapeseed & Mustard,0.6312744547783571,Gram,0.058845064831667036,0.10049212493369995,Uttar Pradesh:Muzaffarnagar,1,-10.186186694342915,662147.0088566666
Uttar Pradesh:Muzaffarnagar,Muzaffarnagar,Uttar Pradesh,Summer,12.08319,11.78667,21.69538,31.60409,1871,1869,1870,220,10,Maize,88.61047835990888,Rice,11.389521640091116,,,88.61047835990888,Uttar Pradesh:Muzaffarnagar,1,-10.186186694342915,662147.0088566666
Uttar Pradesh:Pilibhit,Pilibhit,Uttar Pradesh,Kharif,565878.12554,527576.4582396,566901.0207,1095957.2985704,371,284,359,19,2,Rice,56.48333178596445,Sugarcane,43.17732367949501,Maize,0.2517983259648063,0.2517983259648063,Uttar Pradesh:Pilibhit,1,-6.533037472970435,1000468.53697
Uttar Pradesh:Pilibhit,Pilibhit,Uttar Pradesh,Rabi,366963.16916,324639.9436763,324661.3672463,733947.76189,617,487,514,75,4,Wheat,98.49405795692012,Rapeseed & Mustard,1.4927445566146988,Gram,0.0076110071886853385,0.013197486465180376,Uttar Pradesh:Pilibhit,1,-6.533037472970435,1000468.53697
Uttar Pradesh:Pilibhit,Pilibhit,Uttar Pradesh,Summer,26290.22921,23247.0563108,27220.68426,31238.5925292,1346,1276,1453,169,8,Rice,93.16361748211249,Maize,6.511039337113269,Moong,0.3253431807742514,6.836382517887521,Uttar Pradesh:Pilibhit,1,-6.533037472970435,1000468.53697
Uttar Pradesh:Pratapgarh,Pratapgarh,Uttar Pradesh,Kharif,259959.70175,204401.5460004,252906.4857746,320940.9364896,712,685,854,99,4,Rice,90.73020394364495,Bajra,7.312958846410688,Maize,1.5819075053558016,1.9568372099443552,Uttar Pradesh:Pratapgarh,1,0.14949415648139888,686080.4971066667
Uttar Pradesh:Pratapgarh,Pratapgarh,Uttar Pradesh,Rabi,426305.42024,394143.2694689,403893.8601789,862361.43119,521,408,453,55,3,Wheat,94.41817398290875,Gram,4.765499027758065,Rapeseed & Mustard,0.7535324125877849,4.828293604503466,Uttar Pradesh:Pratapgarh,1,0.14949415648139888,686080.4971066667
Uttar Pradesh:Pratapgarh,Pratapgarh,Uttar Pradesh,Summer,7206.00433,7193.313274,14306.24986,28139.985216,1461,1490,1475,181,8,Moong,93.9561217757174,Maize,5.304629287384752,Rice,0.7392489368978489,99.26075106310215,Uttar Pradesh:Pratapgarh,1,0.14949415648139888,686080.4971066667
Uttar Pradesh:Prayagraj,Prayagraj,Uttar Pradesh,Kharif,438877.71998,318367.0875392,413022.7505012,560144.0830608,514,498,648,51,3,Rice,87.4901434367718,Bajra,12.328077559749838,Maize,0.1793859149649548,0.18177900347836135,Uttar Pradesh:Prayagraj,1,-1.2201860164127019,1107937.98556
Uttar Pradesh:Prayagraj,Prayagraj,Uttar Pradesh,Rabi,671554.07291,636744.1579184,679187.6600684,1385551.64797,308,222,255,12,2,Wheat,87.13854981805724,Gram,12.496538263291233,Rapeseed & Mustard,0.363136491813119,12.49831369012964,Uttar Pradesh:Prayagraj,1,-1.2201860164127019,1107937.98556
Uttar Pradesh:Prayagraj,Prayagraj,Uttar Pradesh,Summer,13571.94279,13526.1927192,26762.63499,53189.7694608,1352,1392,1346,170,8,Moong,98.575437022018,Rice,1.4245629779820121,,,98.575437022018,Uttar Pradesh:Prayagraj,1,-1.2201860164127019,1107937.98556
Uttar Pradesh:Rae Bareli,Rae Bareli,Uttar Pradesh,Kharif,225883.2527,198884.3041192,231497.2722846,290186.9624108,750,699,884,108,4,Rice,89.98366202514322,Sugarcane,4.007443503954041,Groundnut,3.4797853903421077,1.9583999825390572,Uttar Pradesh:Rae Bareli,1,5.211946756364368,675878.7759266667
Uttar Pradesh:Rae Bareli,Rae Bareli,Uttar Pradesh,Rabi,496474.38253,463039.9860121,478140.6623721,1008049.44142,441,343,390,35,3,Wheat,93.06882328409687,Gram,6.315154902366641,Rapeseed & Mustard,0.6147608373270866,6.316415878576045,Uttar Pradesh:Rae Bareli,1,5.211946756364368,675878.7759266667
Uttar Pradesh:Rae Bareli,Rae Bareli,Uttar Pradesh,Summer,1079.95055,1079.95055,2159.9011,4319.8022,1705,1719,1716,204,10,Moong,100.0,,,,,100.0,Uttar Pradesh:Rae Bareli,1,5.211946756364368,675878.7759266667
Uttar Pradesh:Rampur,Rampur,Uttar Pradesh,Kharif,413844.90854,367628.4285828,411798.436224,620850.4951572,516,437,597,52,3,Rice,79.27248323313924,Sugarcane,19.429520379838905,Bajra,1.1288540545771688,0.13433938338199025,Uttar Pradesh:Rampur,1,-7.369781526831191,846207.7546533333
Uttar Pradesh:Rampur,Rampur,Uttar Pradesh,Rabi,351011.85105,330132.106143,330514.048613,702405.64457,601,482,537,70,4,Wheat,99.2837371158247,Rapeseed & Mustard,0.48514262069310765,Maize,0.1817920788908841,0.2311202634821842,Uttar Pradesh:Rampur,1,-7.369781526831191,846207.7546533333
Uttar Pradesh:Rampur,Rampur,Uttar Pradesh,Summer,19329.32337,17237.4726216,21226.55717,25215.6417184,1403,1341,1493,174,8,Rice,82.12396117933429,Maize,17.876038820665705,,,17.876038820665705,Uttar Pradesh:Rampur,1,-7.369781526831191,846207.7546533333
Uttar Pradesh:Saharanpur,Saharanpur,Uttar Pradesh,Kharif,434178.4216,418148.4149892,465608.00958,1061046.2504908,453,383,373,38,3,Sugarcane,57.81687615142851,Rice,28.681251684321595,Maize,9.388152501807312,9.388152501807312,Uttar Pradesh:Saharanpur,1,0.1209258043335522,758606.34038
Uttar Pradesh:Saharanpur,Saharanpur,Uttar Pradesh,Rabi,318172.35989,306128.251226,306179.030276,636395.49883,638,514,581,80,4,Wheat,99.8404416384559,Rapeseed & Mustard,0.12638884633972705,Gram,0.019369059973356566,0.03316951520437312,Uttar Pradesh:Saharanpur,1,0.1209258043335522,758606.34038
Uttar Pradesh:Saharanpur,Saharanpur,Uttar Pradesh,Summer,1225.98665,1196.1745292,2203.53896,3215.8206808,1702,1710,1741,203,10,Maize,88.27935767471068,Rice,11.27433390149816,Moong,0.4463084237911546,88.72566609850183,Uttar Pradesh:Saharanpur,1,0.1209258043335522,758606.34038
Uttar Pradesh:Sambhal,Sambhal,Uttar Pradesh,Kharif,418301.45588,214870.717348,365468.9806642,876602.673982,567,668,445,64,3,Bajra,34.573136977197144,Sugarcane,31.38997531103947,Rice,27.328232800629447,6.695132559685621,Uttar Pradesh:Sambhal,1,-11.054937479769341,816831.0405266667
Uttar Pradesh:Sambhal,Sambhal,Uttar Pradesh,Rabi,298113.0537,266257.6476798,268780.2421598,598748.70188,680,573,614,89,4,Wheat,96.79931533338477,Maize,1.871552358007498,Rapeseed & Mustard,1.3236162781581473,1.8770683884570818,Uttar Pradesh:Sambhal,1,-11.054937479769341,816831.0405266667
Uttar Pradesh:Sambhal,Sambhal,Uttar Pradesh,Summer,16896.698,16850.9479292,33412.14541,49973.3428908,1300,1348,1364,164,7,Maize,98.85894609483564,Rice,1.1410539051643616,,,98.85894609483564,Uttar Pradesh:Sambhal,1,-11.054937479769341,816831.0405266667
Uttar Pradesh:Sant Kabir Nagar,Sant Kabir Nagar,Uttar Pradesh,Kharif,221075.23032,195424.3446848,229862.0979186,268376.5978852,755,707,911,110,4,Rice,92.23220558313925,Maize,4.284640064273535,Groundnut,3.422840186025881,4.284640064273535,Uttar Pradesh:Sant Kabir Nagar,1,-8.839311863040892,480116.51079
Uttar Pradesh:Sant Kabir Nagar,Sant Kabir Nagar,Uttar Pradesh,Rabi,236041.18776,222061.9206351,223152.4964851,473172.95137,771,658,717,113,5,Wheat,98.54190850115931,Gram,0.9652460689113651,Rapeseed & Mustard,0.48066497018625964,0.9774265286544247,Uttar Pradesh:Sant Kabir Nagar,1,-8.839311863040892,480116.51079
Uttar Pradesh:Sant Kabir Nagar,Sant Kabir Nagar,Uttar Pradesh,Summer,1297.25029,1173.2812084,1561.4249,1949.5685916,1733,1712,1776,207,10,Rice,66.16236746320621,Maize,33.8376325367938,,,33.8376325367938,Uttar Pradesh:Sant Kabir Nagar,1,-8.839311863040892,480116.51079
Uttar Pradesh:Shahjahanpur,Shahjahanpur,Uttar Pradesh,Kharif,768550.21271,699371.5995448,786167.7577488,1386078.0233552,261,188,254,8,2,Rice,62.55183812398603,Sugarcane,31.233325409213503,Groundnut,3.786863796761378,1.574426607807409,Uttar Pradesh:Shahjahanpur,1,-0.5468337452210464,1442174.7282833334
Uttar Pradesh:Shahjahanpur,Shahjahanpur,Uttar Pradesh,Rabi,614853.88916,567673.8417644,568752.5815244,1230786.51808,368,262,306,18,2,Wheat,98.83789834105282,Rapeseed & Mustard,0.7827663222674981,Maize,0.28986273356005393,0.37933533667968805,Uttar Pradesh:Shahjahanpur,1,-0.5468337452210464,1442174.7282833334
Uttar Pradesh:Shahjahanpur,Shahjahanpur,Uttar Pradesh,Summer,12734.00198,11205.9217424,12734.00198,14262.0822176,1475,1421,1595,184,8,Rice,100.0,,,,,,Uttar Pradesh:Shahjahanpur,1,-0.5468337452210464,1442174.7282833334
Uttar Pradesh:Shamli,Shamli,Uttar Pradesh,Kharif,238582.19119,232809.1128412,260438.18619,625301.6794388,702,633,593,97,4,Sugarcane,64.74365853054553,Rice,18.472324256206647,Maize,16.784017213247818,16.784017213247818,Uttar Pradesh:Shamli,1,-4.994263983120444,373221.63559333334
Uttar Pradesh:Shamli,Shamli,Uttar Pradesh,Rabi,132473.84353,123773.7028423,123810.2242223,264984.20844,963,848,915,139,6,Wheat,99.35012997314718,Rapeseed & Mustard,0.590874285217743,Maize,0.039037777617799176,0.05899574163507892,Uttar Pradesh:Shamli,1,-4.994263983120444,373221.63559333334
Uttar Pradesh:Shamli,Shamli,Uttar Pradesh,Summer,563.04206,496.6304756,572.65425,648.6780244,1782,1771,1824,214,10,Rice,96.64293419633225,Maize,3.357065803667745,,,3.357065803667745,Uttar Pradesh:Shamli,1,-4.994263983120444,373221.63559333334
Uttar Pradesh:Shrawasti,Shrawasti,Uttar Pradesh,Kharif,235570.48697,211886.4777988,274465.6247186,337779.1696412,668,674,835,87,4,Rice,71.60928466415731,Maize,27.88078236699278,Groundnut,0.4861592417513312,27.88078236699278,Uttar Pradesh:Shrawasti,1,-3.3148240646868277,473816.11148666666
Uttar Pradesh:Shrawasti,Shrawasti,Uttar Pradesh,Rabi,246542.88834,232321.9396239,234336.7188939,495100.55595,746,636,695,106,4,Wheat,97.8257310262559,Maize,1.64154980839417,Rapeseed & Mustard,0.4547098030686548,1.7195591706754467,Uttar Pradesh:Shrawasti,1,-3.3148240646868277,473816.11148666666
Uttar Pradesh:Shrawasti,Shrawasti,Uttar Pradesh,Summer,972.70915,913.3814284,1451.02062,2005.8826816,1737,1730,1772,209,10,Maize,63.55369367528354,Rice,34.07240897789585,Moong,2.3738973468206126,65.92759102210415,Uttar Pradesh:Shrawasti,1,-3.3148240646868277,473816.11148666666
Uttar Pradesh:Siddharthnagar,Siddharthnagar,Uttar Pradesh,Kharif,401315.43123,353477.5897968,402735.51493,454588.0889032,525,457,734,56,3,Rice,98.98523071134903,Maize,0.6549075763676901,Sugarcane,0.30955028145871,0.6549075763676901,Uttar Pradesh:Siddharthnagar,1,-2.6304710574179446,867231.6404033334
Uttar Pradesh:Siddharthnagar,Siddharthnagar,Uttar Pradesh,Rabi,463184.84814,442177.169679,442218.188279,926410.71488,471,364,423,40,3,Wheat,99.7325042416949,Rapeseed & Mustard,0.24894446345238178,Gram,0.01786959064427803,0.01855129485272141,Uttar Pradesh:Siddharthnagar,1,-2.6304710574179446,867231.6404033334
Uttar Pradesh:Siddharthnagar,Siddharthnagar,Uttar Pradesh,Summer,635.14584,611.8275072,1075.97224,1596.7028728,1759,1763,1783,212,10,Maize,71.42200992099944,Rice,18.05989344111703,Moong,10.51809663788352,81.94010655888297,Uttar Pradesh:Siddharthnagar,1,-2.6304710574179446,867231.6404033334
Uttar Pradesh:Sitapur,Sitapur,Uttar Pradesh,Kharif,946634.68851,894426.4437388,984186.9143596,2123362.4655012,181,120,122,3,1,Sugarcane,52.68484327770135,Rice,38.81760122858247,Maize,6.4343064306240345,6.441331374665785,Uttar Pradesh:Sitapur,1,-8.07014643509489,1535357.6950133333
Uttar Pradesh:Sitapur,Sitapur,Uttar Pradesh,Rabi,518951.90816,436006.4738246,437418.4526446,1039315.79514,479,371,384,43,3,Wheat,96.96906085894553,Rapeseed & Mustard,2.385342773794115,Gram,0.6076347314409102,0.6455963672603564,Uttar Pradesh:Sitapur,1,-8.07014643509489,1535357.6950133333
Uttar Pradesh:Sitapur,Sitapur,Uttar Pradesh,Summer,1903.83137,1903.83137,3807.66274,5787.74917,1647,1669,1689,196,9,Maize,95.99465261463781,Moong,4.005347385362182,,,100.0,Uttar Pradesh:Sitapur,1,-8.07014643509489,1535357.6950133333
Uttar Pradesh:Sonbhadra,Sonbhadra,Uttar Pradesh,Kharif,130726.40175,120920.4981992,183400.9306458,260440.9902808,842,856,922,124,5,Rice,42.175255909352366,Maize,42.147339409790604,Groundnut,15.211501207635166,42.42469899472227,Uttar Pradesh:Sonbhadra,1,-1.1413143569049102,348509.32109
Uttar Pradesh:Sonbhadra,Sonbhadra,Uttar Pradesh,Rabi,230055.33852,212308.7551431,243000.7249131,490802.64681,731,673,703,102,4,Wheat,73.98986403501355,Gram,25.14276691225883,Rapeseed & Mustard,0.749330853416659,25.260805111569788,Uttar Pradesh:Sonbhadra,1,-1.1413143569049102,348509.32109
Uttar Pradesh:Sultanpur,Sultanpur,Uttar Pradesh,Kharif,242663.14653,217313.4402124,255774.6757972,337052.7163976,706,666,836,98,4,Rice,81.22248883025433,Maize,10.327406760528545,Sugarcane,8.305005057202203,10.364098657295687,Uttar Pradesh:Sultanpur,1,-4.098254521292455,566390.4297333333
Uttar Pradesh:Sultanpur,Sultanpur,Uttar Pradesh,Rabi,307272.87773,291473.0593481,303940.5392681,627013.23538,641,538,591,82,4,Wheat,91.44193448385118,Gram,8.184024631889802,Rapeseed & Mustard,0.3541714584346599,8.20389405771415,Uttar Pradesh:Sultanpur,1,-4.098254521292455,566390.4297333333
Uttar Pradesh:Sultanpur,Sultanpur,Uttar Pradesh,Summer,6424.94594,6424.94594,12849.89188,22743.47936,1472,1500,1512,183,8,Moong,53.98709300268447,Maize,46.01290699731553,,,100.0,Uttar Pradesh:Sultanpur,1,-4.098254521292455,566390.4297333333
Uttar Pradesh:Unnao,Unnao,Uttar Pradesh,Kharif,333462.16659,302881.8356116,435731.2854734,591618.3605584,482,519,621,44,3,Rice,52.01893612567717,Maize,37.94995211793088,Moong,5.243077580527474,43.19302969845835,Uttar Pradesh:Unnao,1,-6.923194379014102,1016217.0765833333
Uttar Pradesh:Unnao,Unnao,Uttar Pradesh,Rabi,629653.62243,537039.3358407,545501.7201207,1267769.62914,389,280,292,25,3,Wheat,94.79858106087697,Gram,3.0511295393014133,Rapeseed & Mustard,2.098813037851967,3.1026059012710636,Uttar Pradesh:Unnao,1,-6.923194379014102,1016217.0765833333
Uttar Pradesh:Unnao,Unnao,Uttar Pradesh,Summer,8412.84073,8412.84073,16825.68146,25954.3956,1431,1461,1489,178,8,Maize,91.49070530424746,Moong,8.50929469575255,,,100.0,Uttar Pradesh:Unnao,1,-6.923194379014102,1016217.0765833333
Uttar Pradesh:Varanasi,Varanasi,Uttar Pradesh,Kharif,150763.69133,118074.6356384,154143.0956702,214913.4201816,899,864,971,132,5,Rice,75.70444344109532,Maize,11.730938697824413,Bajra,8.000797847337017,12.628008783245908,Uttar Pradesh:Varanasi,1,-6.968336784796973,329153.90396
Uttar Pradesh:Varanasi,Varanasi,Uttar Pradesh,Rabi,163169.91516,155809.9692597,161838.8386097,332368.69967,878,778,841,128,5,Wheat,92.29653732898652,Gram,7.439253558310194,Rapeseed & Mustard,0.25300219837060717,7.450460472642878,Uttar Pradesh:Varanasi,1,-6.968336784796973,329153.90396
Uttar Pradesh:Varanasi,Varanasi,Uttar Pradesh,Summer,215.19939,215.19939,430.39878,807.96758,1807,1814,1813,215,10,Moong,75.45068320128603,Maize,24.549316798713974,,,100.0,Uttar Pradesh:Varanasi,1,-6.968336784796973,329153.90396
West Bengal:Alipurduar,Alipurduar,West Bengal,Kharif,244514.64212,421386.5218661,576163.5034134,732136.4489607,361,379,515,23,2,Rice,94.88537503583316,Maize,4.779247594973504,Moong,0.18012595276368265,4.9593735477371865,West Bengal:Alipurduar,2,-5.124405541846528,728434.5078733333
West Bengal:Alipurduar,Alipurduar,West Bengal,Rabi,48278.398,35522.25586,66389.98786,127745.758,1126,1173,1124,47,6,Maize,90.46563787095712,Wheat,4.159052183926699,Rapeseed & Mustard,2.8518300440008546,92.244728420711,West Bengal:Alipurduar,2,-5.124405541846528,728434.5078733333
West Bengal:Alipurduar,Alipurduar,West Bengal,Summer,51776.22205,65767.5820018,110457.2710892,156239.1174666,1000,1028,1072,45,6,Maize,58.87066935366108,Rice,39.151810689109446,Moong,1.463039946636893,60.33370930029797,West Bengal:Alipurduar,2,-5.124405541846528,728434.5078733333
West Bengal:Bankura,Bankura,West Bengal,Kharif,696401.36167,1228950.9508031,1655439.0206914,2084867.5805797,81,75,131,4,1,Rice,99.43358503920707,Groundnut,0.3101737929226447,Maize,0.2438521280182224,0.245344783422085,West Bengal:Bankura,1,-2.0568470485560963,994945.0035933333
West Bengal:Bankura,Bankura,West Bengal,Rabi,64241.058,11016.97821,13179.10321,130987.71,1468,1424,1114,56,8,Rapeseed & Mustard,60.31393960075072,Gram,20.661815577359,Maize,6.937270202924528,28.124068390234573,West Bengal:Bankura,1,-2.0568470485560963,994945.0035933333
West Bengal:Bankura,Bankura,West Bengal,Summer,171120.23411,294579.8098418,403168.5705292,521746.4722666,523,531,676,29,3,Rice,94.65081181509458,Groundnut,4.457646605837884,Moong,0.49767073791648153,0.8915415790675255,West Bengal:Bankura,1,-2.0568470485560963,994945.0035933333
West Bengal:Birbhum,Birbhum,West Bengal,Kharif,646977.87756,1140663.9238918,1535579.1918292,1936051.7387666,89,85,148,5,1,Rice,99.37119632179322,Maize,0.29860305898896383,Groundnut,0.19792727175337108,0.29860305898896383,West Bengal:Birbhum,1,23.383667634779453,1044116.2727333333
West Bengal:Birbhum,Birbhum,West Bengal,Rabi,189935.886,91606.96293,121869.29993,410247.775,972,934,769,44,6,Gram,45.79902242161013,Wheat,38.45791844781298,Rapeseed & Mustard,11.878487821227283,49.4770561861223,West Bengal:Birbhum,1,23.383667634779453,1044116.2727333333
West Bengal:Birbhum,Birbhum,West Bengal,Summer,238023.62164,415959.7027705,563859.854747,716467.2123035,374,387,524,25,2,Rice,97.5391750515337,Moong,1.5609733386586393,Maize,0.7911882327571815,2.3521615714158206,West Bengal:Birbhum,1,23.383667634779453,1044116.2727333333
West Bengal:Cooch Behar,Cooch Behar,West Bengal,Kharif,579362.49609,1019291.003878,1375407.555452,1732435.906026,104,101,180,7,1,Rice,98.86371633498378,Maize,1.0964000684905553,Sugarcane,0.030900804515380777,1.1053828605008404,West Bengal:Cooch Behar,1,0.40806020946030075,891601.66375
West Bengal:Cooch Behar,Cooch Behar,West Bengal,Rabi,211092.588,134647.13745,248058.62445,536461.513,723,821,663,35,4,Maize,90.55668533922648,Rapeseed & Mustard,4.586546492880869,Wheat,3.9741921216640046,90.94119363927642,West Bengal:Cooch Behar,1,0.40806020946030075,891601.66375
West Bengal:Cooch Behar,Cooch Behar,West Bengal,Summer,106220.77816,174796.2204723,246283.9823962,319212.2879001,724,743,856,36,4,Rice,86.0634361983057,Maize,12.766740603300045,Moong,0.8467964419403421,13.613537045240387,West Bengal:Cooch Behar,1,0.40806020946030075,891601.66375
West Bengal:Dakshin Dinajpur,Dakshin Dinajpur,West Bengal,Kharif,388083.76985,686712.3166512,923354.8706928,1160373.0167344,206,198,332,14,2,Rice,99.96521591100083,Sugarcane,0.020338442559911473,Maize,0.01444564643926344,0.01444564643926344,West Bengal:Dakshin Dinajpur,1,-0.2016045207665393,836918.18665
West Bengal:Dakshin Dinajpur,Dakshin Dinajpur,West Bengal,Rabi,314610.191,155410.01147,155538.50347,629348.874,898,780,588,41,5,Wheat,84.93298257526304,Rapeseed & Mustard,14.901795312998198,Gram,0.16522211173876097,0.16522211173876097,West Bengal:Dakshin Dinajpur,1,-0.2016045207665393,836918.18665
West Bengal:Dakshin Dinajpur,Dakshin Dinajpur,West Bengal,Summer,139537.6171,241349.6219869,329320.1197286,417587.1127603,605,623,765,34,4,Rice,95.55797918692133,Maize,4.26195572003525,Groundnut,0.14104773810443272,4.300973074974235,West Bengal:Dakshin Dinajpur,1,-0.2016045207665393,836918.18665
West Bengal:Darjeeling,Darjeeling,West Bengal,Kharif,69383.28313,114874.6950862,161268.8928228,207981.8495594,882,881,979,40,5,Rice,86.78711512987614,Maize,12.788458938985306,Soybean,0.3907170124199653,12.788458938985306,West Bengal:Darjeeling,2,5.93908482616325,137097.62815
West Bengal:Darjeeling,Darjeeling,West Bengal,Rabi,5184.158,3944.48201,7589.20701,14013.041,1568,1589,1598,61,9,Maize,95.85486323425509,Rapeseed & Mustard,2.433814886807258,Wheat,1.5159655000634908,96.05021961312926,West Bengal:Darjeeling,2,5.93908482616325,137097.62815
West Bengal:Darjeeling,Darjeeling,West Bengal,Summer,13484.39526,16652.9306377,28532.4833038,40614.6332599,1335,1352,1411,50,8,Maize,64.25530412054354,Rice,34.32457911048936,Groundnut,0.8831778759559958,64.79224301355464,West Bengal:Darjeeling,2,5.93908482616325,137097.62815
West Bengal:Hooghly,Hooghly,West Bengal,Kharif,438601.80812,775073.2815658,1042273.4862652,1311868.0899646,167,152,272,12,1,Rice,99.78213490125928,Sugarcane,0.09411992273881886,Groundnut,0.07823570403982424,0.04550947196207473,West Bengal:Hooghly,1,-4.153610790894105,677173.4151933333
West Bengal:Hooghly,Hooghly,West Bengal,Rabi,23237.284,4029.08905,5187.98805,48401.948,1610,1583,1375,62,9,Rapeseed & Mustard,55.3237598533019,Groundnut,27.72022576266343,Maize,9.716367793098522,16.956014384034674,West Bengal:Hooghly,1,-4.153610790894105,677173.4151933333
West Bengal:Hooghly,Hooghly,West Bengal,Summer,197648.51946,309956.8888024,450721.9484656,642796.2111788,469,511,575,27,3,Rice,77.01754062950721,Groundnut,21.768685646221293,Moong,0.9988779147158869,1.2137737242715034,West Bengal:Hooghly,1,-4.153610790894105,677173.4151933333
West Bengal:Howrah,Howrah,West Bengal,Kharif,144391.25414,255279.5276745,343217.484323,431733.6549715,588,593,753,33,4,Rice,99.86250363062626,Sugarcane,0.08423434504517348,Maize,0.053262024328563536,0.053262024328563536,West Bengal:Howrah,1,-0.9771359688559091,245287.16732333333
West Bengal:Howrah,Howrah,West Bengal,Rabi,5698.126,978.41716,1151.38716,11588.99,1753,1726,1621,65,10,Rapeseed & Mustard,61.21126276933642,Maize,15.022748733796892,Gram,11.588977594643318,26.61172632844021,West Bengal:Howrah,1,-0.9771359688559091,245287.16732333333
West Bengal:Howrah,Howrah,West Bengal,Summer,97549.47083,160170.9449914,226003.0457916,307934.6258618,766,770,868,37,5,Rice,85.64366161245516,Groundnut,11.082985387328337,Moong,3.164149392302477,3.273353000216496,West Bengal:Howrah,1,-0.9771359688559091,245287.16732333333
West Bengal:Jalpaiguri,Jalpaiguri,West Bengal,Kharif,284062.40408,499202.5713759,674023.5967346,850208.6140933,312,304,463,20,2,Rice,98.65807401049173,Maize,1.0592740157154044,Moong,0.24195888807171226,1.3012329037871164,West Bengal:Alipurduar,2,-5.124405541846528,728434.5078733333
West Bengal:Jalpaiguri,Jalpaiguri,West Bengal,Rabi,26476.765,13447.37968,24337.07668,66981.397,1367,1393,1283,52,8,Maize,62.76728384783147,Groundnut,24.87541983616744,Rapeseed & Mustard,7.9881572695114675,64.6151721785182,West Bengal:Alipurduar,2,-5.124405541846528,728434.5078733333
West Bengal:Jalpaiguri,Jalpaiguri,West Bengal,Summer,49831.34737,60335.2463987,104846.4371178,158168.1513069,1009,1052,1067,46,6,Maize,52.227614676573005,Rice,30.96585624681001,Groundnut,16.556710382534217,52.477433370655774,West Bengal:Alipurduar,2,-5.124405541846528,728434.5078733333
West Bengal:Jhargram,Jhargram,West Bengal,Kharif,365171.64474,640551.2004374,863714.5843956,1093438.4733538,226,219,360,17,2,Rice,98.54796799005355,Maize,0.811762863180815,Groundnut,0.34330785349363446,0.8157681214715742,West Bengal:Jhargram,2,-3.5602394503657466,2025291.6617733333
West Bengal:Jhargram,Jhargram,West Bengal,Rabi,21702.793,8492.45635,15010.95435,53665.178,1454,1457,1344,54,8,Groundnut,32.922623603874996,Maize,26.70024774274262,Moong,16.922228532391745,53.927257463147235,West Bengal:Jhargram,2,-3.5602394503657466,2025291.6617733333
West Bengal:Jhargram,Jhargram,West Bengal,Summer,84700.98742,140781.5768156,197078.1098664,263374.0139072,821,804,920,39,5,Rice,87.95497567127462,Groundnut,6.353570159815502,Moong,3.7940520157560136,5.691454168909872,West Bengal:Jhargram,2,-3.5602394503657466,2025291.6617733333
West Bengal:Kalimpong,Kalimpong,West Bengal,Kharif,25875.54599,33022.0125634,55186.4926396,77533.8267158,1173,1187,1248,48,7,Maize,59.80808991712584,Rice,40.02624092068067,Sugarcane,0.1656691621934948,59.80808991712584,West Bengal:Darjeeling,2,5.93908482616325,137097.62815
West Bengal:Kalimpong,Kalimpong,West Bengal,Rabi,533.736,69.38568,69.38568,1067.472,1854,1842,1795,66,10,Rapeseed & Mustard,100.0,,,,,,West Bengal:Darjeeling,2,5.93908482616325,137097.62815
West Bengal:Kalimpong,Kalimpong,West Bengal,Summer,21293.02707,21293.02707,42586.05414,63879.08121,1234,1291,1302,49,7,Maize,100.0,,,,,100.0,West Bengal:Darjeeling,2,5.93908482616325,137097.62815
West Bengal:Malda,Malda,West Bengal,Kharif,366783.84869,634697.9171351,861092.6008594,1096872.1425837,229,225,358,18,2,Rice,96.1682900204844,Maize,3.286771026920158,Sugarcane,0.5449389525954346,3.286771026920158,West Bengal:Malda,1,0.26932863386617373,796079.27777
West Bengal:Malda,Malda,West Bengal,Rabi,234945.151,135112.20436,210134.23536,545085.303,798,818,656,38,5,Maize,67.11887654021348,Wheat,21.596831426469564,Rapeseed & Mustard,6.999257762450117,71.40391081108032,West Bengal:Malda,1,0.26932863386617373,796079.27777
West Bengal:Malda,Malda,West Bengal,Summer,174339.47762,284287.0140264,402938.7784016,526045.6816468,524,549,672,30,3,Rice,84.33981984798973,Maize,13.448857187428455,Moong,1.8642633577732044,15.313120545201661,West Bengal:Malda,1,0.26932863386617373,796079.27777
West Bengal:Murshidabad,Murshidabad,West Bengal,Kharif,459053.18788,793446.5080717,1074680.8306598,1373891.6782479,159,146,260,11,1,Rice,96.17547124993699,Maize,2.838134492570598,Sugarcane,0.7863562612177256,3.0381724888452823,West Bengal:Murshidabad,1,9.44968099832433,1282256.8715133334
West Bengal:Murshidabad,Murshidabad,West Bengal,Rabi,584477.985,302957.07855,416479.76055,1282478.652,507,518,283,28,3,Maize,38.66813450606225,Wheat,35.54848927940299,Gram,15.847207055833964,54.51534156189622,West Bengal:Murshidabad,1,9.44968099832433,1282256.8715133334
West Bengal:Murshidabad,Murshidabad,West Bengal,Summer,255724.92666,411160.4509579,588158.2938826,770130.1115473,355,392,499,22,2,Rice,81.6849953659751,Maize,16.623631821047844,Moong,1.2628957335561504,17.886527554603997,West Bengal:Murshidabad,1,9.44968099832433,1282256.8715133334
West Bengal:Nadia,Nadia,West Bengal,Kharif,280350.86324,487928.2026864,658390.7584016,838356.7801168,324,316,468,21,2,Rice,97.45013540579502,Maize,1.8281453204508937,Sugarcane,0.721719273754079,1.8281453204508937,West Bengal:Nadia,1,-5.890683780960861,803847.6158066667
West Bengal:Nadia,Nadia,West Bengal,Rabi,276677.87,88845.7934,122080.7434,588347.571,970,940,622,43,6,Maize,37.765102600120635,Rapeseed & Mustard,22.88565622381359,Wheat,22.666854230509216,51.56926165965664,West Bengal:Nadia,1,-5.890683780960861,803847.6158066667
West Bengal:Nadia,Nadia,West Bengal,Summer,197723.44018,327514.4167106,459499.5700764,599860.6968522,459,485,611,26,3,Rice,87.30630786220279,Maize,9.04799845037664,Groundnut,2.564798225608893,10.128893912188325,West Bengal:Nadia,1,-5.890683780960861,803847.6158066667
West Bengal:North 24 Parganas,North 24 Parganas,West Bengal,Kharif,381384.56762,672116.8436542,902879.4283348,1140377.9590154,213,205,342,15,2,Rice,99.52901869435183,Sugarcane,0.37302577667669595,Maize,0.0979555289714769,0.0979555289714769,West Bengal:North 24 Parganas,1,-3.908666420447265,651469.68607
West Bengal:North 24 Parganas,North 24 Parganas,West Bengal,Rabi,90413.89,12918.98104,14119.88704,182369.684,1462,1398,1024,55,8,Rapeseed & Mustard,82.00530604244834,Gram,10.290082320658565,Moong,3.0800246401971214,15.260122080976648,West Bengal:North 24 Parganas,1,-3.908666420447265,651469.68607
West Bengal:North 24 Parganas,North 24 Parganas,West Bengal,Summer,158243.55659,275835.9639763,374519.7298122,478184.8092581,557,563,715,31,3,Rice,97.0489435081185,Moong,1.6863933985979982,Groundnut,0.9737140475426047,1.9773424443389,West Bengal:North 24 Parganas,1,-3.908666420447265,651469.68607
West Bengal:Paschim Bardhaman,Paschim Bardhaman,West Bengal,Kharif,59779.32156,104289.2799914,141435.6406316,179894.1022718,921,900,1031,42,5,Rice,97.27126383225239,Groundnut,1.6038234704281402,Maize,1.0620176592634618,1.0620176592634618,West Bengal:Paschim Bardhaman,2,-0.9833085195751441,1497965.4110633333
West Bengal:Paschim Bardhaman,Paschim Bardhaman,West Bengal,Rabi,12878.852,5575.04549,8503.18049,28685.839,1552,1525,1472,60,9,Gram,44.28700536732933,Maize,24.584518727533208,Wheat,18.378526033145512,68.87152409486254,West Bengal:Paschim Bardhaman,2,-0.9833085195751441,1497965.4110633333
West Bengal:Paschim Bardhaman,Paschim Bardhaman,West Bengal,Summer,3913.02618,6090.8032353,8900.7994782,12069.0907211,1544,1507,1619,59,9,Rice,75.62591332033094,Maize,16.323236845841382,Moong,8.050849833827684,24.374086679669066,West Bengal:Paschim Bardhaman,2,-0.9833085195751441,1497965.4110633333
West Bengal:Paschim Medinipur,Paschim Medinipur,West Bengal,Kharif,929441.47051,1637826.5550402,2204227.9311388,2781242.2522374,47,41,82,1,1,Rice,99.33427785336072,Maize,0.2808734256806833,Sugarcane,0.19270461733989006,0.2808734256806833,West Bengal:Jhargram,2,-3.5602394503657466,2025291.6617733333
West Bengal:Paschim Medinipur,Paschim Medinipur,West Bengal,Rabi,38337.565,7262.63965,9881.89965,80109.82,1522,1488,1239,57,9,Rapeseed & Mustard,46.98873510621007,Maize,28.756110673518123,Moong,8.80187039745946,45.3096282960129,West Bengal:Jhargram,2,-3.5602394503657466,2025291.6617733333
West Bengal:Paschim Medinipur,Paschim Medinipur,West Bengal,Summer,533543.63265,906060.4852579,1250926.7510026,1643806.8941973,122,115,198,8,1,Rice,92.04501585082873,Groundnut,6.560069391291596,Moong,1.1164596159452482,1.3949147578796748,West Bengal:Jhargram,2,-3.5602394503657466,2025291.6617733333
West Bengal:Purba Bardhaman,Purba Bardhaman,West Bengal,Kharif,890903.45799,1573276.4750157,2114808.9818758,2664530.3827359,52,45,85,2,1,Rice,99.73255172412861,Sugarcane,0.1774840674579864,Groundnut,0.056551868762123376,0.03341233965127438,West Bengal:Paschim Bardhaman,2,-0.9833085195751441,1497965.4110633333
West Bengal:Purba Bardhaman,Purba Bardhaman,West Bengal,Rabi,82991.006,17274.83513,21552.13613,170335.914,1399,1339,1046,53,8,Rapeseed & Mustard,45.49388158490627,Gram,38.40848976671715,Wheat,14.813523915877381,38.98175080801144,West Bengal:Paschim Bardhaman,2,-0.9833085195751441,1497965.4110633333
West Bengal:Purba Bardhaman,Purba Bardhaman,West Bengal,Summer,420357.27846,739890.3654177,998406.2102238,1262224.4503799,177,171,294,13,1,Rice,98.92243389616053,Groundnut,0.6003472973847411,Moong,0.46182465140781087,0.4772188064547379,West Bengal:Paschim Bardhaman,2,-0.9833085195751441,1497965.4110633333
West Bengal:Purba Medinipur,Purba Medinipur,West Bengal,Kharif,589767.95122,1043565.8197594,1403082.8533036,1763410.3748478,100,95,173,6,1,Rice,99.96900425381324,Sugarcane,0.02888239985584893,Maize,0.002113346330915775,0.002113346330915775,West Bengal:Purba Medinipur,1,-4.84503968015752,1019330.81663
West Bengal:Purba Medinipur,Purba Medinipur,West Bengal,Rabi,11546.983,2487.85222,3622.04122,24228.155,1653,1644,1499,63,9,Gram,62.6270619857827,Rapeseed & Mustard,37.3729380142173,,,62.6270619857827,West Bengal:Purba Medinipur,1,-4.84503968015752,1019330.81663
West Bengal:Purba Medinipur,Purba Medinipur,West Bengal,Summer,377886.99067,635217.5523736,882768.2845184,1173633.2745032,221,223,328,16,2,Rice,90.10126286677004,Groundnut,8.891799247502748,Moong,0.9214798654029406,1.0069378857272169,West Bengal:Purba Medinipur,1,-4.84503968015752,1019330.81663
West Bengal:Purulia,Purulia,West Bengal,Kharif,498373.24719,861381.0582335,1173553.114769,1500126.6535045,138,125,223,9,1,Rice,95.65145160131546,Maize,2.4672413132062903,Groundnut,1.43178862452318,2.719909894004499,West Bengal:Purulia,1,-18.9482279223185,703050.2378666666
West Bengal:Purulia,Purulia,West Bengal,Rabi,53907.336,16306.45023,26741.48323,118472.095,1355,1357,1143,51,8,Gram,74.68030785067265,Rapeseed & Mustard,21.006123563475953,Maize,1.7002198273352842,78.04378620474897,West Bengal:Purulia,1,-18.9482279223185,703050.2378666666
West Bengal:Purulia,Purulia,West Bengal,Summer,4508.85841,5978.9563855,9743.219717,15585.5693385,1524,1512,1581,58,9,Rice,46.63693654646544,Moong,38.29545169231659,Maize,10.705988064499685,49.001439756816275,West Bengal:Purulia,1,-18.9482279223185,703050.2378666666
West Bengal:South 24 Parganas,South 24 Parganas,West Bengal,Kharif,776879.78074,1374758.3674132,1848532.3292408,2323247.7420684,64,59,99,3,1,Rice,99.93958487269418,Cotton,0.024061250807697426,Maize,0.021917126013500387,0.021917126013500387,West Bengal:South 24 Parganas,1,-1.5675927193102503,1148198.4498133333
West Bengal:South 24 Parganas,South 24 Parganas,West Bengal,Rabi,10249.708,2014.45804,2538.31004,21023.268,1691,1663,1526,64,9,Rapeseed & Mustard,48.43171994860013,Maize,33.87718546785561,Wheat,10.29262879171372,41.27565125968615,West Bengal:South 24 Parganas,1,-1.5675927193102503,1148198.4498133333
West Bengal:South 24 Parganas,South 24 Parganas,West Bengal,Summer,368086.8317,566708.0180559,834194.5086146,1211573.7574633,243,264,311,19,2,Rice,73.59435050395814,Moong,26.318604082472078,Maize,0.05861480445514434,26.37721888692722,West Bengal:South 24 Parganas,1,-1.5675927193102503,1148198.4498133333
West Bengal:Uttar Dinajpur,Uttar Dinajpur,West Bengal,Kharif,485405.63687,850430.5170592,1149399.1634048,1451476.3277504,143,133,240,10,1,Rice,98.16073967224955,Maize,1.7040367214102503,Sugarcane,0.13522360634019487,1.7040367214102503,West Bengal:Uttar Dinajpur,1,-1.791504963414992,1092556.5129966666
West Bengal:Uttar Dinajpur,Uttar Dinajpur,West Bengal,Rabi,330175.02,213022.34016,373637.34016,821624.797,559,671,478,32,3,Maize,85.05580621677446,Wheat,9.384450498171537,Rapeseed & Mustard,4.641808263214032,85.82560186909559,West Bengal:Uttar Dinajpur,1,-1.791504963414992,1092556.5129966666
West Bengal:Uttar Dinajpur,Uttar Dinajpur,West Bengal,Summer,259318.40312,357408.9377005,567045.122007,777323.7663135,370,448,492,24,2,Rice,53.468218542096416,Maize,46.305182206780124,Moong,0.22659925112346493,46.531781457903584,West Bengal:Uttar Dinajpur,1,-1.791504963414992,1092556.5129966666
